Store,Date,Year,Quarter,Month,Weekly_Sales,Temperature,Fuel_Price,MarkDown1,MarkDown2,MarkDown3,MarkDown4,MarkDown5,Is_Holiday,Size,Total_Markdown,Has_Markdown,Size_Category
1,2010-02-05,2010,1,2,1643690.9,42.31,2.572,,,,,,False,151315,0.0,False,Between 150k and 200k
1,2010-02-12,2010,1,2,1641957.44,38.51,2.548,,,,,,True,151315,0.0,False,Between 150k and 200k
1,2010-02-19,2010,1,2,1611968.17,39.93,2.514,,,,,,False,151315,0.0,False,Between 150k and 200k
1,2010-02-26,2010,1,2,1409727.59,46.63,2.561,,,,,,False,151315,0.0,False,Between 150k and 200k
1,2010-03-05,2010,1,3,1554806.68,46.5,2.625,,,,,,False,151315,0.0,False,Between 150k and 200k
1,2010-03-12,2010,1,3,1439541.59,57.79,2.667,,,,,,False,151315,0.0,False,Between 150k and 200k
1,2010-03-19,2010,1,3,1472515.79,54.58,2.72,,,,,,False,151315,0.0,False,Between 150k and 200k
1,2010-03-26,2010,1,3,1404429.92,51.45,2.732,,,,,,False,151315,0.0,False,Between 150k and 200k
1,2010-04-02,2010,2,4,1594968.28,62.27,2.719,,,,,,False,151315,0.0,False,Between 150k and 200k
1,2010-04-09,2010,2,4,1545418.53,65.86,2.77,,,,,,False,151315,0.0,False,Between 150k and 200k
1,2010-04-16,2010,2,4,1466058.28,66.32,2.808,,,,,,False,151315,0.0,False,Between 150k and 200k
1,2010-04-23,2010,2,4,1391256.12,64.84,2.795,,,,,,False,151315,0.0,False,Between 150k and 200k
1,2010-04-30,2010,2,4,1425100.71,67.41,2.78,,,,,,False,151315,0.0,False,Between 150k and 200k
1,2010-05-07,2010,2,5,1603955.1199999999,72.55,2.835,,,,,,False,151315,0.0,False,Between 150k and 200k
1,2010-05-14,2010,2,5,1494251.5,74.78,2.854,,,,,,False,151315,0.0,False,Between 150k and 200k
1,2010-05-21,2010,2,5,1399662.07,76.44,2.826,,,,,,False,151315,0.0,False,Between 150k and 200k
1,2010-05-28,2010,2,5,1432069.95,80.44,2.759,,,,,,False,151315,0.0,False,Between 150k and 200k
1,2010-06-04,2010,2,6,1615524.71,80.69,2.705,,,,,,False,151315,0.0,False,Between 150k and 200k
1,2010-06-11,2010,2,6,1542561.09,80.43,2.668,,,,,,False,151315,0.0,False,Between 150k and 200k
1,2010-06-18,2010,2,6,1503284.06,84.11,2.637,,,,,,False,151315,0.0,False,Between 150k and 200k
1,2010-06-25,2010,2,6,1422711.6,84.34,2.653,,,,,,False,151315,0.0,False,Between 150k and 200k
1,2010-07-02,2010,3,7,1492418.1400000001,80.91,2.669,,,,,,False,151315,0.0,False,Between 150k and 200k
1,2010-07-09,2010,3,7,1546074.18,80.48,2.642,,,,,,False,151315,0.0,False,Between 150k and 200k
1,2010-07-16,2010,3,7,1448938.92,83.15,2.623,,,,,,False,151315,0.0,False,Between 150k and 200k
1,2010-07-23,2010,3,7,1385065.2,83.36,2.608,,,,,,False,151315,0.0,False,Between 150k and 200k
1,2010-07-30,2010,3,7,1371986.6,81.84,2.64,,,,,,False,151315,0.0,False,Between 150k and 200k
1,2010-08-06,2010,3,8,1605491.78,87.16,2.627,,,,,,False,151315,0.0,False,Between 150k and 200k
1,2010-08-13,2010,3,8,1508237.76,87.0,2.692,,,,,,False,151315,0.0,False,Between 150k and 200k
1,2010-08-20,2010,3,8,1513080.49,86.65,2.664,,,,,,False,151315,0.0,False,Between 150k and 200k
1,2010-08-27,2010,3,8,1449142.92,85.22,2.619,,,,,,False,151315,0.0,False,Between 150k and 200k
1,2010-09-03,2010,3,9,1540163.53,81.21,2.577,,,,,,False,151315,0.0,False,Between 150k and 200k
1,2010-09-10,2010,3,9,1507460.69,78.69,2.565,,,,,,True,151315,0.0,False,Between 150k and 200k
1,2010-09-17,2010,3,9,1430378.67,82.11,2.582,,,,,,False,151315,0.0,False,Between 150k and 200k
1,2010-09-24,2010,3,9,1351791.03,80.94,2.624,,,,,,False,151315,0.0,False,Between 150k and 200k
1,2010-10-01,2010,4,10,1453329.5,71.89,2.603,,,,,,False,151315,0.0,False,Between 150k and 200k
1,2010-10-08,2010,4,10,1508239.93,63.93,2.633,,,,,,False,151315,0.0,False,Between 150k and 200k
1,2010-10-15,2010,4,10,1459409.1,67.18,2.72,,,,,,False,151315,0.0,False,Between 150k and 200k
1,2010-10-22,2010,4,10,1345454.0,69.86,2.725,,,,,,False,151315,0.0,False,Between 150k and 200k
1,2010-10-29,2010,4,10,1384209.22,69.64,2.716,,,,,,False,151315,0.0,False,Between 150k and 200k
1,2010-11-05,2010,4,11,1551659.28,58.74,2.689,,,,,,False,151315,0.0,False,Between 150k and 200k
1,2010-11-12,2010,4,11,1494479.49,59.61,2.728,,,,,,False,151315,0.0,False,Between 150k and 200k
1,2010-11-19,2010,4,11,1483784.18,51.41,2.771,,,,,,False,151315,0.0,False,Between 150k and 200k
1,2010-11-26,2010,4,11,1955624.11,64.52,2.735,,,,,,True,151315,0.0,False,Between 150k and 200k
1,2010-12-03,2010,4,12,1548033.78,49.27,2.708,,,,,,False,151315,0.0,False,Between 150k and 200k
1,2010-12-10,2010,4,12,1682614.26,46.33,2.843,,,,,,False,151315,0.0,False,Between 150k and 200k
1,2010-12-17,2010,4,12,1891034.93,49.84,2.869,,,,,,False,151315,0.0,False,Between 150k and 200k
1,2010-12-24,2010,4,12,2387950.2,52.33,2.886,,,,,,False,151315,0.0,False,Between 150k and 200k
1,2010-12-31,2010,4,12,1367320.01,48.43,2.943,,,,,,True,151315,0.0,False,Between 150k and 200k
1,2011-01-07,2011,1,1,1444732.28,48.27,2.976,,,,,,False,151315,0.0,False,Between 150k and 200k
1,2011-01-14,2011,1,1,1391013.96,35.4,2.983,,,,,,False,151315,0.0,False,Between 150k and 200k
1,2011-01-21,2011,1,1,1327405.42,44.04,3.016,,,,,,False,151315,0.0,False,Between 150k and 200k
1,2011-01-28,2011,1,1,1316899.31,43.83,3.01,,,,,,False,151315,0.0,False,Between 150k and 200k
1,2011-02-04,2011,1,2,1606629.58,42.27,2.989,,,,,,False,151315,0.0,False,Between 150k and 200k
1,2011-02-11,2011,1,2,1649614.93,36.39,3.022,,,,,,True,151315,0.0,False,Between 150k and 200k
1,2011-02-18,2011,1,2,1686842.78,57.36,3.045,,,,,,False,151315,0.0,False,Between 150k and 200k
1,2011-02-25,2011,1,2,1456800.28,62.9,3.065,,,,,,False,151315,0.0,False,Between 150k and 200k
1,2011-03-04,2011,1,3,1636263.41,59.58,3.288,,,,,,False,151315,0.0,False,Between 150k and 200k
1,2011-03-11,2011,1,3,1553191.63,53.56,3.459,,,,,,False,151315,0.0,False,Between 150k and 200k
1,2011-03-18,2011,1,3,1576818.06,62.76,3.488,,,,,,False,151315,0.0,False,Between 150k and 200k
1,2011-03-25,2011,1,3,1541102.3800000001,69.97,3.473,,,,,,False,151315,0.0,False,Between 150k and 200k
1,2011-04-01,2011,2,4,1495064.75,59.17,3.524,,,,,,False,151315,0.0,False,Between 150k and 200k
1,2011-04-08,2011,2,4,1614259.35,67.84,3.622,,,,,,False,151315,0.0,False,Between 150k and 200k
1,2011-04-15,2011,2,4,1559889.0,71.27,3.743,,,,,,False,151315,0.0,False,Between 150k and 200k
1,2011-04-22,2011,2,4,1564819.81,72.99,3.807,,,,,,False,151315,0.0,False,Between 150k and 200k
1,2011-04-29,2011,2,4,1455090.69,72.03,3.81,,,,,,False,151315,0.0,False,Between 150k and 200k
1,2011-05-06,2011,2,5,1629391.28,64.61,3.906,,,,,,False,151315,0.0,False,Between 150k and 200k
1,2011-05-13,2011,2,5,1604775.58,75.64,3.899,,,,,,False,151315,0.0,False,Between 150k and 200k
1,2011-05-20,2011,2,5,1428218.27,67.63,3.907,,,,,,False,151315,0.0,False,Between 150k and 200k
1,2011-05-27,2011,2,5,1466046.67,77.72,3.786,,,,,,False,151315,0.0,False,Between 150k and 200k
1,2011-06-03,2011,2,6,1635078.41,83.0,3.699,,,,,,False,151315,0.0,False,Between 150k and 200k
1,2011-06-10,2011,2,6,1588948.32,83.13,3.648,,,,,,False,151315,0.0,False,Between 150k and 200k
1,2011-06-17,2011,2,6,1532114.86,86.41,3.637,,,,,,False,151315,0.0,False,Between 150k and 200k
1,2011-06-24,2011,2,6,1438830.15,83.58,3.594,,,,,,False,151315,0.0,False,Between 150k and 200k
1,2011-07-01,2011,3,7,1488538.09,85.55,3.524,,,,,,False,151315,0.0,False,Between 150k and 200k
1,2011-07-08,2011,3,7,1534849.64,85.83,3.48,,,,,,False,151315,0.0,False,Between 150k and 200k
1,2011-07-15,2011,3,7,1455119.97,88.54,3.575,,,,,,False,151315,0.0,False,Between 150k and 200k
1,2011-07-22,2011,3,7,1396926.82,85.77,3.651,,,,,,False,151315,0.0,False,Between 150k and 200k
1,2011-07-29,2011,3,7,1352219.79,86.83,3.682,,,,,,False,151315,0.0,False,Between 150k and 200k
1,2011-08-05,2011,3,8,1624383.75,91.65,3.684,,,,,,False,151315,0.0,False,Between 150k and 200k
1,2011-08-12,2011,3,8,1525147.09,90.76,3.638,,,,,,False,151315,0.0,False,Between 150k and 200k
1,2011-08-19,2011,3,8,1530761.43,89.94,3.554,,,,,,False,151315,0.0,False,Between 150k and 200k
1,2011-08-26,2011,3,8,1464693.46,87.96,3.523,,,,,,False,151315,0.0,False,Between 150k and 200k
1,2011-09-02,2011,3,9,1550229.22,87.83,3.533,,,,,,False,151315,0.0,False,Between 150k and 200k
1,2011-09-09,2011,3,9,1540471.24,76.0,3.546,,,,,,True,151315,0.0,False,Between 150k and 200k
1,2011-09-16,2011,3,9,1514259.78,79.94,3.526,,,,,,False,151315,0.0,False,Between 150k and 200k
1,2011-09-23,2011,3,9,1380020.27,75.8,3.467,,,,,,False,151315,0.0,False,Between 150k and 200k
1,2011-09-30,2011,3,9,1394561.83,79.69,3.355,,,,,,False,151315,0.0,False,Between 150k and 200k
1,2011-10-07,2011,4,10,1630989.95,69.31,3.285,,,,,,False,151315,0.0,False,Between 150k and 200k
1,2011-10-14,2011,4,10,1493525.93,71.74,3.274,,,,,,False,151315,0.0,False,Between 150k and 200k
1,2011-10-21,2011,4,10,1502562.78,63.71,3.353,,,,,,False,151315,0.0,False,Between 150k and 200k
1,2011-10-28,2011,4,10,1445249.09,66.57,3.372,,,,,,False,151315,0.0,False,Between 150k and 200k
1,2011-11-04,2011,4,11,1697229.58,54.98,3.332,,,,,,False,151315,0.0,False,Between 150k and 200k
1,2011-11-11,2011,4,11,1594938.8900000001,59.11,3.297,10382.9,6115.67,215.07,2406.62,6551.42,False,151315,25671.68,True,Between 150k and 200k
1,2011-11-18,2011,4,11,1539483.7,62.25,3.308,6074.12,254.39,51.98,427.39,5988.57,False,151315,12796.45,True,Between 150k and 200k
1,2011-11-25,2011,4,11,2033320.66,60.14,3.236,410.31,98.0,55805.51,8.0,554.92,True,151315,56876.74,True,Between 150k and 200k
1,2011-12-02,2011,4,12,1584083.95,48.91,3.172,5629.51,68.0,1398.11,2084.64,20475.32,False,151315,29655.58,True,Between 150k and 200k
1,2011-12-09,2011,4,12,1799682.38,43.93,3.158,4640.65,19.0,105.02,3639.42,14461.82,False,151315,22865.91,True,Between 150k and 200k
1,2011-12-16,2011,4,12,1881176.67,51.63,3.159,5011.32,67.0,347.37,225.79,4011.37,False,151315,9662.849999999999,True,Between 150k and 200k
1,2011-12-23,2011,4,12,2270188.99,47.96,3.112,2725.36,40.48,634.7,24.9,2739.43,False,151315,6164.87,True,Between 150k and 200k
1,2011-12-30,2011,4,12,1497462.72,44.55,3.129,5762.1,46011.38,260.36,983.65,4735.78,True,151315,57753.27,True,Between 150k and 200k
1,2012-01-06,2012,1,1,1550369.92,49.01,3.157,6277.39,21813.16,143.1,1450.13,8483.0,False,151315,38166.78,True,Between 150k and 200k
1,2012-01-13,2012,1,1,1459601.17,48.53,3.261,5183.29,8025.87,42.24,453.08,3719.38,False,151315,17423.86,True,Between 150k and 200k
1,2012-01-20,2012,1,1,1394393.84,54.11,3.268,4139.87,2807.19,33.88,500.62,3400.21,False,151315,10881.77,True,Between 150k and 200k
1,2012-01-27,2012,1,1,1319325.59,54.26,3.29,1164.46,1082.74,44.0,11.0,1222.19,False,151315,3524.39,True,Between 150k and 200k
1,2012-02-03,2012,1,2,1636339.65,56.55,3.36,34577.06,3579.21,160.53,32403.87,5630.4,False,151315,76351.06999999999,True,Between 150k and 200k
1,2012-02-10,2012,1,2,1802477.43,48.02,3.409,13925.06,6927.23,101.64,8471.88,6886.04,True,151315,36311.85,True,Between 150k and 200k
1,2012-02-17,2012,1,2,1819870.0,45.32,3.51,9873.33,11062.27,9.8,8409.31,3402.66,False,151315,32757.37,True,Between 150k and 200k
1,2012-02-24,2012,1,2,1539387.83,57.25,3.555,9349.61,7556.01,3.2,1219.92,8143.59,False,151315,26272.330000000005,True,Between 150k and 200k
1,2012-03-02,2012,1,3,1688420.76,60.96,3.63,15441.4,1569.0,10.8,25390.88,8067.61,False,151315,50479.69,True,Between 150k and 200k
1,2012-03-09,2012,1,3,1675431.16,58.76,3.669,10331.04,151.88,6.0,671.43,5509.84,False,151315,16670.190000000002,True,Between 150k and 200k
1,2012-03-16,2012,1,3,1677472.78,64.74,3.734,4298.16,7.5,2.02,2724.65,2017.69,False,151315,9050.02,True,Between 150k and 200k
1,2012-03-23,2012,1,3,1511068.07,65.93,3.787,6118.56,9.48,4.97,426.72,3657.22,False,151315,10216.95,True,Between 150k and 200k
1,2012-03-30,2012,1,3,1649604.63,67.61,3.845,10309.58,0.5,10.25,1654.17,2642.78,False,151315,14617.28,True,Between 150k and 200k
1,2012-04-06,2012,2,4,1899676.8800000001,70.43,3.891,10121.97,,77.98,3750.59,4510.72,False,151315,18461.26,True,Between 150k and 200k
1,2012-04-13,2012,2,4,1621031.7,69.07,3.891,6186.19,3288.69,17.07,1822.55,1063.78,False,151315,12378.279999999999,True,Between 150k and 200k
1,2012-04-20,2012,2,4,1521577.8699999999,66.76,3.877,2230.8,612.02,19.75,275.13,5747.1,False,151315,8884.800000000001,True,Between 150k and 200k
1,2012-04-27,2012,2,4,1468928.3699999999,67.23,3.814,3221.25,,35.49,577.14,6222.25,False,151315,10056.13,True,Between 150k and 200k
1,2012-05-04,2012,2,5,1684519.99,75.55,3.749,21290.13,,69.89,4977.35,3261.04,False,151315,29598.410000000003,True,Between 150k and 200k
1,2012-05-11,2012,2,5,1611096.05,73.77,3.688,8351.4,,10.52,2443.14,3127.88,False,151315,13932.939999999999,True,Between 150k and 200k
1,2012-05-18,2012,2,5,1595901.87,70.33,3.63,6154.14,,45.11,1675.49,5508.18,False,151315,13382.92,True,Between 150k and 200k
1,2012-05-25,2012,2,5,1555444.55,77.22,3.561,4039.39,,745.19,1429.96,3631.13,False,151315,9845.67,True,Between 150k and 200k
1,2012-06-01,2012,2,6,1624477.58,77.95,3.501,6086.21,12.0,370.51,148.75,3690.85,False,151315,10308.32,True,Between 150k and 200k
1,2012-06-08,2012,2,6,1697230.96,78.3,3.452,8813.81,116.8,64.55,2652.04,7161.91,False,151315,18809.109999999997,True,Between 150k and 200k
1,2012-06-15,2012,2,6,1630607.0,79.35,3.393,5621.99,109.6,0.25,2420.28,3083.26,False,151315,11235.380000000001,True,Between 150k and 200k
1,2012-06-22,2012,2,6,1527845.81,78.39,3.346,8624.56,171.25,3.05,2524.07,7063.68,False,151315,18386.61,True,Between 150k and 200k
1,2012-06-29,2012,2,6,1540421.49,84.88,3.286,3965.73,161.6,,435.99,4212.97,False,151315,8776.29,True,Between 150k and 200k
1,2012-07-06,2012,3,7,1769854.16,81.57,3.227,12218.76,94.4,192.83,4066.01,6149.04,False,151315,22721.04,True,Between 150k and 200k
1,2012-07-13,2012,3,7,1527014.04,77.12,3.256,7218.13,45.2,36.24,3909.38,2596.37,False,151315,13805.32,True,Between 150k and 200k
1,2012-07-20,2012,3,7,1497954.76,80.42,3.311,3213.0,313.72,9.53,2262.02,3228.19,False,151315,9026.460000000001,True,Between 150k and 200k
1,2012-07-27,2012,3,7,1439123.71,82.66,3.407,7146.9,389.02,1.59,10267.54,4325.19,False,151315,22130.24,True,Between 150k and 200k
1,2012-08-03,2012,3,8,1631135.79,86.11,3.417,27584.78,119.98,30.23,12007.04,4661.71,False,151315,44403.74,True,Between 150k and 200k
1,2012-08-10,2012,3,8,1592409.97,85.05,3.494,11436.22,245.0,6.85,6964.26,4836.22,False,151315,23488.550000000003,True,Between 150k and 200k
1,2012-08-17,2012,3,8,1597868.05,84.85,3.571,3662.06,137.86,4.84,2752.2,3446.15,False,151315,10003.11,True,Between 150k and 200k
1,2012-08-24,2012,3,8,1494122.38,77.66,3.62,6237.83,260.06,2.97,3463.03,7988.25,False,151315,17952.14,True,Between 150k and 200k
1,2012-08-31,2012,3,8,1582083.4,80.49,3.638,21442.73,102.32,21.7,13209.64,3032.96,False,151315,37809.35,True,Between 150k and 200k
1,2012-09-07,2012,3,9,1661767.33,83.96,3.73,5204.68,35.74,50.94,4120.32,2737.17,True,151315,12148.85,True,Between 150k and 200k
1,2012-09-14,2012,3,9,1517428.87,74.97,3.717,17212.52,7.0,18.79,1523.11,7992.72,False,151315,26754.140000000003,True,Between 150k and 200k
1,2012-09-21,2012,3,9,1506126.06,69.87,3.721,6352.3,7.64,4.69,1010.06,6456.71,False,151315,13831.400000000001,True,Between 150k and 200k
1,2012-09-28,2012,3,9,1437059.26,76.08,3.666,3666.27,7.64,1.65,1417.96,4744.28,False,151315,9837.8,True,Between 150k and 200k
1,2012-10-05,2012,4,10,1670785.97,68.55,3.617,8077.89,,18.22,3617.43,3626.14,False,151315,15339.68,True,Between 150k and 200k
1,2012-10-12,2012,4,10,1573072.81,62.99,3.601,2086.18,,8.11,602.36,5926.45,False,151315,8623.1,True,Between 150k and 200k
1,2012-10-19,2012,4,10,1508068.77,67.97,3.594,950.33,,4.93,80.25,2312.85,False,151315,3348.3599999999997,True,Between 150k and 200k
1,2012-10-26,2012,4,10,1493659.74,69.16,3.506,2585.85,31.75,6.0,1057.16,1305.01,False,151315,4985.77,True,Between 150k and 200k
2,2010-02-05,2010,1,2,2136989.46,40.19,2.572,,,,,,False,202307,0.0,False,More than 200k
2,2010-02-12,2010,1,2,2137809.5,38.49,2.548,,,,,,True,202307,0.0,False,More than 200k
2,2010-02-19,2010,1,2,2124451.54,39.69,2.514,,,,,,False,202307,0.0,False,More than 200k
2,2010-02-26,2010,1,2,1865097.27,46.1,2.561,,,,,,False,202307,0.0,False,More than 200k
2,2010-03-05,2010,1,3,1991013.13,47.17,2.625,,,,,,False,202307,0.0,False,More than 200k
2,2010-03-12,2010,1,3,1990483.78,57.56,2.667,,,,,,False,202307,0.0,False,More than 200k
2,2010-03-19,2010,1,3,1946070.8800000001,54.52,2.72,,,,,,False,202307,0.0,False,More than 200k
2,2010-03-26,2010,1,3,1750197.81,51.26,2.732,,,,,,False,202307,0.0,False,More than 200k
2,2010-04-02,2010,2,4,2066187.72,63.27,2.719,,,,,,False,202307,0.0,False,More than 200k
2,2010-04-09,2010,2,4,1954689.21,65.41,2.77,,,,,,False,202307,0.0,False,More than 200k
2,2010-04-16,2010,2,4,1874957.94,68.07,2.808,,,,,,False,202307,0.0,False,More than 200k
2,2010-04-23,2010,2,4,1821990.93,65.11,2.795,,,,,,False,202307,0.0,False,More than 200k
2,2010-04-30,2010,2,4,1802450.29,66.98,2.78,,,,,,False,202307,0.0,False,More than 200k
2,2010-05-07,2010,2,5,2042581.71,71.28,2.835,,,,,,False,202307,0.0,False,More than 200k
2,2010-05-14,2010,2,5,1880752.36,73.31,2.854,,,,,,False,202307,0.0,False,More than 200k
2,2010-05-21,2010,2,5,1896937.1,74.83,2.826,,,,,,False,202307,0.0,False,More than 200k
2,2010-05-28,2010,2,5,1957113.89,81.13,2.759,,,,,,False,202307,0.0,False,More than 200k
2,2010-06-04,2010,2,6,2102539.93,81.81,2.705,,,,,,False,202307,0.0,False,More than 200k
2,2010-06-11,2010,2,6,2025538.76,83.4,2.668,,,,,,False,202307,0.0,False,More than 200k
2,2010-06-18,2010,2,6,2001636.96,85.81,2.637,,,,,,False,202307,0.0,False,More than 200k
2,2010-06-25,2010,2,6,1939927.09,86.26,2.653,,,,,,False,202307,0.0,False,More than 200k
2,2010-07-02,2010,3,7,2003940.64,82.74,2.669,,,,,,False,202307,0.0,False,More than 200k
2,2010-07-09,2010,3,7,1880902.6199999999,82.59,2.642,,,,,,False,202307,0.0,False,More than 200k
2,2010-07-16,2010,3,7,1845879.79,85.32,2.623,,,,,,False,202307,0.0,False,More than 200k
2,2010-07-23,2010,3,7,1781717.71,87.66,2.608,,,,,,False,202307,0.0,False,More than 200k
2,2010-07-30,2010,3,7,1804246.16,83.49,2.64,,,,,,False,202307,0.0,False,More than 200k
2,2010-08-06,2010,3,8,1991909.98,89.53,2.627,,,,,,False,202307,0.0,False,More than 200k
2,2010-08-13,2010,3,8,1895601.05,89.05,2.692,,,,,,False,202307,0.0,False,More than 200k
2,2010-08-20,2010,3,8,1964335.23,88.7,2.664,,,,,,False,202307,0.0,False,More than 200k
2,2010-08-27,2010,3,8,1863840.49,87.12,2.619,,,,,,False,202307,0.0,False,More than 200k
2,2010-09-03,2010,3,9,1904608.09,81.83,2.577,,,,,,False,202307,0.0,False,More than 200k
2,2010-09-10,2010,3,9,1839128.83,79.09,2.565,,,,,,True,202307,0.0,False,More than 200k
2,2010-09-17,2010,3,9,1793903.5999999999,82.05,2.582,,,,,,False,202307,0.0,False,More than 200k
2,2010-09-24,2010,3,9,1724557.22,81.79,2.624,,,,,,False,202307,0.0,False,More than 200k
2,2010-10-01,2010,4,10,1827440.43,69.24,2.603,,,,,,False,202307,0.0,False,More than 200k
2,2010-10-08,2010,4,10,1849921.44,63.19,2.633,,,,,,False,202307,0.0,False,More than 200k
2,2010-10-15,2010,4,10,1794355.49,65.8,2.72,,,,,,False,202307,0.0,False,More than 200k
2,2010-10-22,2010,4,10,1737947.64,68.5,2.725,,,,,,False,202307,0.0,False,More than 200k
2,2010-10-29,2010,4,10,1802755.11,66.24,2.716,,,,,,False,202307,0.0,False,More than 200k
2,2010-11-05,2010,4,11,1939061.41,57.85,2.689,,,,,,False,202307,0.0,False,More than 200k
2,2010-11-12,2010,4,11,1916812.74,59.69,2.728,,,,,,False,202307,0.0,False,More than 200k
2,2010-11-19,2010,4,11,1956739.17,50.81,2.771,,,,,,False,202307,0.0,False,More than 200k
2,2010-11-26,2010,4,11,2658725.29,62.98,2.735,,,,,,True,202307,0.0,False,More than 200k
2,2010-12-03,2010,4,12,2015781.27,49.33,2.708,,,,,,False,202307,0.0,False,More than 200k
2,2010-12-10,2010,4,12,2378726.55,45.5,2.843,,,,,,False,202307,0.0,False,More than 200k
2,2010-12-17,2010,4,12,2609166.75,47.55,2.869,,,,,,False,202307,0.0,False,More than 200k
2,2010-12-24,2010,4,12,3436007.68,49.97,2.886,,,,,,False,202307,0.0,False,More than 200k
2,2010-12-31,2010,4,12,1750434.55,47.3,2.943,,,,,,True,202307,0.0,False,More than 200k
2,2011-01-07,2011,1,1,1758050.79,44.69,2.976,,,,,,False,202307,0.0,False,More than 200k
2,2011-01-14,2011,1,1,1744193.58,33.02,2.983,,,,,,False,202307,0.0,False,More than 200k
2,2011-01-21,2011,1,1,1751384.9,41.4,3.016,,,,,,False,202307,0.0,False,More than 200k
2,2011-01-28,2011,1,1,1695371.68,42.83,3.01,,,,,,False,202307,0.0,False,More than 200k
2,2011-02-04,2011,1,2,1929346.23,38.25,2.989,,,,,,False,202307,0.0,False,More than 200k
2,2011-02-11,2011,1,2,2168041.61,33.19,3.022,,,,,,True,202307,0.0,False,More than 200k
2,2011-02-18,2011,1,2,2080884.82,57.83,3.045,,,,,,False,202307,0.0,False,More than 200k
2,2011-02-25,2011,1,2,1833511.08,60.8,3.065,,,,,,False,202307,0.0,False,More than 200k
2,2011-03-04,2011,1,3,1981607.78,57.77,3.288,,,,,,False,202307,0.0,False,More than 200k
2,2011-03-11,2011,1,3,1879107.31,52.7,3.459,,,,,,False,202307,0.0,False,More than 200k
2,2011-03-18,2011,1,3,1902557.66,62.32,3.488,,,,,,False,202307,0.0,False,More than 200k
2,2011-03-25,2011,1,3,1766162.05,69.42,3.473,,,,,,False,202307,0.0,False,More than 200k
2,2011-04-01,2011,2,4,1800171.3599999999,55.43,3.524,,,,,,False,202307,0.0,False,More than 200k
2,2011-04-08,2011,2,4,1847552.61,67.0,3.622,,,,,,False,202307,0.0,False,More than 200k
2,2011-04-15,2011,2,4,1856467.84,69.48,3.743,,,,,,False,202307,0.0,False,More than 200k
2,2011-04-22,2011,2,4,1886339.6,69.39,3.807,,,,,,False,202307,0.0,False,More than 200k
2,2011-04-29,2011,2,4,1745545.28,69.21,3.81,,,,,,False,202307,0.0,False,More than 200k
2,2011-05-06,2011,2,5,1837743.6,61.48,3.906,,,,,,False,202307,0.0,False,More than 200k
2,2011-05-13,2011,2,5,1838513.07,74.61,3.899,,,,,,False,202307,0.0,False,More than 200k
2,2011-05-20,2011,2,5,1688281.8599999999,67.14,3.907,,,,,,False,202307,0.0,False,More than 200k
2,2011-05-27,2011,2,5,1797732.56,76.42,3.786,,,,,,False,202307,0.0,False,More than 200k
2,2011-06-03,2011,2,6,1933756.21,83.07,3.699,,,,,,False,202307,0.0,False,More than 200k
2,2011-06-10,2011,2,6,1929153.1600000001,83.4,3.648,,,,,,False,202307,0.0,False,More than 200k
2,2011-06-17,2011,2,6,1953771.99,86.53,3.637,,,,,,False,202307,0.0,False,More than 200k
2,2011-06-24,2011,2,6,1790925.8,85.17,3.594,,,,,,False,202307,0.0,False,More than 200k
2,2011-07-01,2011,3,7,1866243.0,85.69,3.524,,,,,,False,202307,0.0,False,More than 200k
2,2011-07-08,2011,3,7,1853161.99,87.7,3.48,,,,,,False,202307,0.0,False,More than 200k
2,2011-07-15,2011,3,7,1785187.29,89.83,3.575,,,,,,False,202307,0.0,False,More than 200k
2,2011-07-22,2011,3,7,1743816.41,89.34,3.651,,,,,,False,202307,0.0,False,More than 200k
2,2011-07-29,2011,3,7,1680693.06,90.07,3.682,,,,,,False,202307,0.0,False,More than 200k
2,2011-08-05,2011,3,8,1876704.26,93.34,3.684,,,,,,False,202307,0.0,False,More than 200k
2,2011-08-12,2011,3,8,1812768.26,91.58,3.638,,,,,,False,202307,0.0,False,More than 200k
2,2011-08-19,2011,3,8,1844094.59,89.86,3.554,,,,,,False,202307,0.0,False,More than 200k
2,2011-08-26,2011,3,8,1821139.91,90.45,3.523,,,,,,False,202307,0.0,False,More than 200k
2,2011-09-02,2011,3,9,1809119.7,89.64,3.533,,,,,,False,202307,0.0,False,More than 200k
2,2011-09-09,2011,3,9,1748000.65,77.97,3.546,,,,,,True,202307,0.0,False,More than 200k
2,2011-09-16,2011,3,9,1691439.52,78.85,3.526,,,,,,False,202307,0.0,False,More than 200k
2,2011-09-23,2011,3,9,1669299.78,75.58,3.467,,,,,,False,202307,0.0,False,More than 200k
2,2011-09-30,2011,3,9,1650394.44,78.14,3.355,,,,,,False,202307,0.0,False,More than 200k
2,2011-10-07,2011,4,10,1837553.43,69.92,3.285,,,,,,False,202307,0.0,False,More than 200k
2,2011-10-14,2011,4,10,1743882.19,71.67,3.274,,,,,,False,202307,0.0,False,More than 200k
2,2011-10-21,2011,4,10,1834680.25,64.53,3.353,,,,,,False,202307,0.0,False,More than 200k
2,2011-10-28,2011,4,10,1769296.25,65.87,3.372,,,,,,False,202307,0.0,False,More than 200k
2,2011-11-04,2011,4,11,1959707.9,55.53,3.332,,,,,,False,202307,0.0,False,More than 200k
2,2011-11-11,2011,4,11,1920725.15,59.33,3.297,10797.64,20445.0,443.32,4754.07,4787.16,False,202307,41227.19,True,More than 200k
2,2011-11-18,2011,4,11,1902762.5,62.01,3.308,6490.92,1217.76,152.12,873.82,7656.42,False,202307,16391.04,True,More than 200k
2,2011-11-25,2011,4,11,2614202.3,56.36,3.236,919.71,62.0,77451.26,23.0,1589.43,True,202307,80045.4,True,More than 200k
2,2011-12-02,2011,4,12,1954952.0,48.74,3.172,8010.99,83.47,1897.27,4444.0,28238.93,False,202307,42674.66,True,More than 200k
2,2011-12-09,2011,4,12,2290549.32,41.76,3.158,11472.59,40.0,306.43,4160.55,8899.08,False,202307,24878.65,True,More than 200k
2,2011-12-16,2011,4,12,2432736.52,50.13,3.159,4908.83,61.03,341.49,469.8,4744.27,False,202307,10525.42,True,More than 200k
2,2011-12-23,2011,4,12,3224369.8,46.66,3.112,2971.04,15.18,1501.75,88.76,6437.61,False,202307,11014.34,True,More than 200k
2,2011-12-30,2011,4,12,1874226.52,44.57,3.129,8321.44,92523.94,139.53,1515.4,3027.69,True,202307,105528.0,True,More than 200k
2,2012-01-06,2012,1,1,1799520.1400000001,46.75,3.157,5886.72,37454.29,121.16,2388.92,7103.97,False,202307,52955.060000000005,True,More than 200k
2,2012-01-13,2012,1,1,1744725.48,45.99,3.261,4414.72,12092.63,98.38,708.18,4245.6,False,202307,21559.510000000002,True,More than 200k
2,2012-01-20,2012,1,1,1711769.11,51.7,3.268,6552.26,4355.69,105.97,1703.1,3376.03,False,202307,16093.050000000001,True,More than 200k
2,2012-01-27,2012,1,1,1660906.1400000001,50.5,3.29,1920.15,1507.56,86.09,43.4,2613.53,False,202307,6170.7300000000005,True,More than 200k
2,2012-02-03,2012,1,2,1935299.94,55.21,3.36,75149.79,3818.85,221.4,48159.86,7423.61,False,202307,134773.50999999998,True,More than 200k
2,2012-02-10,2012,1,2,2103322.68,46.98,3.409,13510.89,6674.42,94.07,14114.9,9577.83,True,202307,43972.11,True,More than 200k
2,2012-02-17,2012,1,2,2196688.46,43.82,3.51,13942.54,14273.24,15.76,4927.14,6650.08,False,202307,39808.76,True,More than 200k
2,2012-02-24,2012,1,2,1861802.7,54.63,3.555,13048.36,12059.1,10.2,5299.73,10380.03,False,202307,40797.42,True,More than 200k
2,2012-03-02,2012,1,3,1952555.66,58.79,3.63,23901.27,2144.7,9.0,9799.63,4929.53,False,202307,40784.13,True,More than 200k
2,2012-03-09,2012,1,3,1937628.26,57.11,3.669,11784.91,368.32,3.0,2498.17,7746.0,False,202307,22400.4,True,More than 200k
2,2012-03-16,2012,1,3,1976082.13,63.68,3.734,5965.99,230.42,3.0,2650.77,2073.81,False,202307,10923.99,True,More than 200k
2,2012-03-23,2012,1,3,1790439.16,64.01,3.787,6008.98,139.93,6.63,1650.49,5263.08,False,202307,13069.11,True,More than 200k
2,2012-03-30,2012,1,3,1857480.84,66.83,3.845,14369.3,164.77,17.0,1017.31,3470.49,False,202307,19038.87,True,More than 200k
2,2012-04-06,2012,2,4,2129035.91,68.43,3.891,12132.59,1.3,32.58,4874.69,5535.13,False,202307,22576.29,True,More than 200k
2,2012-04-13,2012,2,4,1935869.1,68.08,3.891,8994.04,6573.08,20.21,4162.2,1966.38,False,202307,21715.91,True,More than 200k
2,2012-04-20,2012,2,4,1847344.45,65.69,3.877,7311.02,2236.2,33.53,878.07,4080.32,False,202307,14539.140000000001,True,More than 200k
2,2012-04-27,2012,2,4,1764133.09,67.2,3.814,3076.68,,38.32,108.71,2708.9,False,202307,5932.610000000001,True,More than 200k
2,2012-05-04,2012,2,5,1923957.0899999999,76.73,3.749,23731.47,,78.09,7931.42,4443.52,False,202307,36184.5,True,More than 200k
2,2012-05-11,2012,2,5,1917520.99,73.87,3.688,16519.5,,117.38,5131.02,3634.25,False,202307,25402.15,True,More than 200k
2,2012-05-18,2012,2,5,2000940.67,71.27,3.63,9262.12,,42.67,3694.8,4612.01,False,202307,17611.6,True,More than 200k
2,2012-05-25,2012,2,5,1912791.09,78.19,3.561,10701.32,,1030.53,3595.04,14920.27,False,202307,30247.16,True,More than 200k
2,2012-06-01,2012,2,6,1910092.3699999999,78.38,3.501,13091.33,21.0,245.37,2993.15,5521.72,False,202307,21872.57,True,More than 200k
2,2012-06-08,2012,2,6,2010216.49,78.69,3.452,12162.04,463.6,78.39,3610.78,10877.64,False,202307,27192.45,True,More than 200k
2,2012-06-15,2012,2,6,1962924.3,80.56,3.393,8573.41,195.0,0.19,4455.38,5288.61,False,202307,18512.59,True,More than 200k
2,2012-06-22,2012,2,6,1887733.21,81.04,3.346,12126.02,314.0,60.99,6058.6,36430.33,False,202307,54989.94,True,More than 200k
2,2012-06-29,2012,2,6,1881046.12,86.32,3.286,8495.34,275.8,,1935.16,5686.13,False,202307,16392.43,True,More than 200k
2,2012-07-06,2012,3,7,2041507.4,84.2,3.227,12355.5,295.05,100.15,6720.4,5506.53,False,202307,24977.629999999997,True,More than 200k
2,2012-07-13,2012,3,7,1830075.13,80.17,3.256,8354.65,342.25,20.53,5674.44,5012.22,False,202307,19404.09,True,More than 200k
2,2012-07-20,2012,3,7,1819666.46,83.23,3.311,6961.58,241.2,24.97,3401.36,2453.42,False,202307,13082.53,True,More than 200k
2,2012-07-27,2012,3,7,1757923.88,86.37,3.407,6999.14,197.72,2.53,6319.33,5007.01,False,202307,18525.730000000003,True,More than 200k
2,2012-08-03,2012,3,8,1946104.6400000001,90.22,3.417,27650.68,164.58,43.02,21801.9,6652.98,False,202307,56313.16,True,More than 200k
2,2012-08-10,2012,3,8,1866719.96,88.55,3.494,5554.54,142.3,13.43,4187.43,5286.19,False,202307,15183.89,True,More than 200k
2,2012-08-17,2012,3,8,1928016.01,84.79,3.571,4774.16,330.78,10.53,4253.28,4927.26,False,202307,14296.01,True,More than 200k
2,2012-08-24,2012,3,8,1876788.15,76.91,3.62,4759.7,211.38,6.62,2972.88,5102.26,False,202307,13052.84,True,More than 200k
2,2012-08-31,2012,3,8,1947083.3,82.64,3.638,17500.26,73.22,21.38,12878.62,4756.5,False,202307,35229.98,True,More than 200k
2,2012-09-07,2012,3,9,1898777.07,87.65,3.73,10658.86,149.28,60.97,2920.9,3275.57,True,202307,17065.58,True,More than 200k
2,2012-09-14,2012,3,9,1814806.6300000001,75.88,3.717,8325.93,,37.32,1808.69,9314.55,False,202307,19486.489999999998,True,More than 200k
2,2012-09-21,2012,3,9,1829415.67,71.09,3.721,6707.94,3.82,15.55,1001.42,7607.94,False,202307,15336.669999999998,True,More than 200k
2,2012-09-28,2012,3,9,1746470.56,79.45,3.666,7106.05,1.91,1.65,1549.1,3946.03,False,202307,12604.74,True,More than 200k
2,2012-10-05,2012,4,10,1998321.04,70.27,3.617,6037.76,,10.04,3027.37,3853.4,False,202307,12928.57,True,More than 200k
2,2012-10-12,2012,4,10,1900745.13,60.97,3.601,2145.5,,33.31,586.83,10421.01,False,202307,13186.65,True,More than 200k
2,2012-10-19,2012,4,10,1847990.41,68.08,3.594,4461.89,,1.14,1579.67,2642.29,False,202307,8684.990000000002,True,More than 200k
2,2012-10-26,2012,4,10,1834458.35,69.79,3.506,6152.59,129.77,200.0,272.29,2924.15,False,202307,9678.800000000001,True,More than 200k
3,2010-02-05,2010,1,2,461622.22,45.71,2.572,,,,,,False,37392,0.0,False,Less than 50k
3,2010-02-12,2010,1,2,420728.96,47.93,2.548,,,,,,True,37392,0.0,False,Less than 50k
3,2010-02-19,2010,1,2,421642.19,47.07,2.514,,,,,,False,37392,0.0,False,Less than 50k
3,2010-02-26,2010,1,2,407204.86,52.05,2.561,,,,,,False,37392,0.0,False,Less than 50k
3,2010-03-05,2010,1,3,415202.04000000004,53.04,2.625,,,,,,False,37392,0.0,False,Less than 50k
3,2010-03-12,2010,1,3,384200.69,63.08,2.667,,,,,,False,37392,0.0,False,Less than 50k
3,2010-03-19,2010,1,3,375328.58999999997,60.42,2.72,,,,,,False,37392,0.0,False,Less than 50k
3,2010-03-26,2010,1,3,359949.27,57.06,2.732,,,,,,False,37392,0.0,False,Less than 50k
3,2010-04-02,2010,2,4,423294.4,65.56,2.719,,,,,,False,37392,0.0,False,Less than 50k
3,2010-04-09,2010,2,4,415870.28,68.0,2.77,,,,,,False,37392,0.0,False,Less than 50k
3,2010-04-16,2010,2,4,354993.26,66.98,2.808,,,,,,False,37392,0.0,False,Less than 50k
3,2010-04-23,2010,2,4,339976.65,67.87,2.795,,,,,,False,37392,0.0,False,Less than 50k
3,2010-04-30,2010,2,4,361248.39,70.24,2.78,,,,,,False,37392,0.0,False,Less than 50k
3,2010-05-07,2010,2,5,399323.86,73.47,2.835,,,,,,False,37392,0.0,False,Less than 50k
3,2010-05-14,2010,2,5,384357.94,77.18,2.854,,,,,,False,37392,0.0,False,Less than 50k
3,2010-05-21,2010,2,5,343763.17,75.81,2.826,,,,,,False,37392,0.0,False,Less than 50k
3,2010-05-28,2010,2,5,350089.23,78.6,2.759,,,,,,False,37392,0.0,False,Less than 50k
3,2010-06-04,2010,2,6,396968.8,78.53,2.705,,,,,,False,37392,0.0,False,Less than 50k
3,2010-06-11,2010,2,6,355017.09,82.1,2.668,,,,,,False,37392,0.0,False,Less than 50k
3,2010-06-18,2010,2,6,364076.85,83.52,2.637,,,,,,False,37392,0.0,False,Less than 50k
3,2010-06-25,2010,2,6,357346.48,83.79,2.653,,,,,,False,37392,0.0,False,Less than 50k
3,2010-07-02,2010,3,7,381151.72000000003,82.2,2.669,,,,,,False,37392,0.0,False,Less than 50k
3,2010-07-09,2010,3,7,349214.18,81.75,2.642,,,,,,False,37392,0.0,False,Less than 50k
3,2010-07-16,2010,3,7,352728.78,84.32,2.623,,,,,,False,37392,0.0,False,Less than 50k
3,2010-07-23,2010,3,7,352864.49,83.32,2.608,,,,,,False,37392,0.0,False,Less than 50k
3,2010-07-30,2010,3,7,347955.05,82.04,2.64,,,,,,False,37392,0.0,False,Less than 50k
3,2010-08-06,2010,3,8,402635.76,85.13,2.627,,,,,,False,37392,0.0,False,Less than 50k
3,2010-08-13,2010,3,8,339597.38,86.74,2.692,,,,,,False,37392,0.0,False,Less than 50k
3,2010-08-20,2010,3,8,351728.21,88.02,2.664,,,,,,False,37392,0.0,False,Less than 50k
3,2010-08-27,2010,3,8,362134.08999999997,86.15,2.619,,,,,,False,37392,0.0,False,Less than 50k
3,2010-09-03,2010,3,9,366473.97000000003,84.16,2.577,,,,,,False,37392,0.0,False,Less than 50k
3,2010-09-10,2010,3,9,352260.97,80.84,2.565,,,,,,True,37392,0.0,False,Less than 50k
3,2010-09-17,2010,3,9,363064.64,82.36,2.582,,,,,,False,37392,0.0,False,Less than 50k
3,2010-09-24,2010,3,9,355626.87,76.9,2.624,,,,,,False,37392,0.0,False,Less than 50k
3,2010-10-01,2010,4,10,358784.1,73.6,2.603,,,,,,False,37392,0.0,False,Less than 50k
3,2010-10-08,2010,4,10,395107.35000000003,66.99,2.633,,,,,,False,37392,0.0,False,Less than 50k
3,2010-10-15,2010,4,10,345584.39,69.71,2.72,,,,,,False,37392,0.0,False,Less than 50k
3,2010-10-22,2010,4,10,348895.98,71.64,2.725,,,,,,False,37392,0.0,False,Less than 50k
3,2010-10-29,2010,4,10,348591.74,72.04,2.716,,,,,,False,37392,0.0,False,Less than 50k
3,2010-11-05,2010,4,11,423175.56,62.94,2.689,,,,,,False,37392,0.0,False,Less than 50k
3,2010-11-12,2010,4,11,386635.03,62.79,2.728,,,,,,False,37392,0.0,False,Less than 50k
3,2010-11-19,2010,4,11,372545.32,57.72,2.771,,,,,,False,37392,0.0,False,Less than 50k
3,2010-11-26,2010,4,11,565567.84,68.71,2.735,,,,,,True,37392,0.0,False,Less than 50k
3,2010-12-03,2010,4,12,476420.77,53.76,2.708,,,,,,False,37392,0.0,False,Less than 50k
3,2010-12-10,2010,4,12,467642.02999999997,51.13,2.843,,,,,,False,37392,0.0,False,Less than 50k
3,2010-12-17,2010,4,12,498159.39,52.2,2.869,,,,,,False,37392,0.0,False,Less than 50k
3,2010-12-24,2010,4,12,605990.41,57.16,2.886,,,,,,False,37392,0.0,False,Less than 50k
3,2010-12-31,2010,4,12,382677.76,53.2,2.943,,,,,,True,37392,0.0,False,Less than 50k
3,2011-01-07,2011,1,1,378241.33999999997,53.35,2.976,,,,,,False,37392,0.0,False,Less than 50k
3,2011-01-14,2011,1,1,381061.10000000003,44.76,2.983,,,,,,False,37392,0.0,False,Less than 50k
3,2011-01-21,2011,1,1,350876.7,50.74,3.016,,,,,,False,37392,0.0,False,Less than 50k
3,2011-01-28,2011,1,1,364866.24000000005,48.71,3.01,,,,,,False,37392,0.0,False,Less than 50k
3,2011-02-04,2011,1,2,438516.53,45.95,2.989,,,,,,False,37392,0.0,False,Less than 50k
3,2011-02-11,2011,1,2,430526.21,43.57,3.022,,,,,,True,37392,0.0,False,Less than 50k
3,2011-02-18,2011,1,2,432782.1,61.58,3.045,,,,,,False,37392,0.0,False,Less than 50k
3,2011-02-25,2011,1,2,397211.19,67.4,3.065,,,,,,False,37392,0.0,False,Less than 50k
3,2011-03-04,2011,1,3,437084.51,65.11,3.288,,,,,,False,37392,0.0,False,Less than 50k
3,2011-03-11,2011,1,3,404753.3,61.29,3.459,,,,,,False,37392,0.0,False,Less than 50k
3,2011-03-18,2011,1,3,392109.51,69.47,3.488,,,,,,False,37392,0.0,False,Less than 50k
3,2011-03-25,2011,1,3,380683.67,72.94,3.473,,,,,,False,37392,0.0,False,Less than 50k
3,2011-04-01,2011,2,4,374556.07999999996,68.76,3.524,,,,,,False,37392,0.0,False,Less than 50k
3,2011-04-08,2011,2,4,384075.31,72.55,3.622,,,,,,False,37392,0.0,False,Less than 50k
3,2011-04-15,2011,2,4,366250.69,75.88,3.743,,,,,,False,37392,0.0,False,Less than 50k
3,2011-04-22,2011,2,4,391860.04,76.91,3.807,,,,,,False,37392,0.0,False,Less than 50k
3,2011-04-29,2011,2,4,367405.4,78.69,3.81,,,,,,False,37392,0.0,False,Less than 50k
3,2011-05-06,2011,2,5,413042.12,69.45,3.906,,,,,,False,37392,0.0,False,Less than 50k
3,2011-05-13,2011,2,5,386312.68,79.87,3.899,,,,,,False,37392,0.0,False,Less than 50k
3,2011-05-20,2011,2,5,364603.13,75.79,3.907,,,,,,False,37392,0.0,False,Less than 50k
3,2011-05-27,2011,2,5,369350.6,84.41,3.786,,,,,,False,37392,0.0,False,Less than 50k
3,2011-06-03,2011,2,6,394507.84,84.29,3.699,,,,,,False,37392,0.0,False,Less than 50k
3,2011-06-10,2011,2,6,391638.75,84.84,3.648,,,,,,False,37392,0.0,False,Less than 50k
3,2011-06-17,2011,2,6,403423.34,86.96,3.637,,,,,,False,37392,0.0,False,Less than 50k
3,2011-06-24,2011,2,6,385520.71,84.94,3.594,,,,,,False,37392,0.0,False,Less than 50k
3,2011-07-01,2011,3,7,368962.72000000003,85.1,3.524,,,,,,False,37392,0.0,False,Less than 50k
3,2011-07-08,2011,3,7,395146.24,85.38,3.48,,,,,,False,37392,0.0,False,Less than 50k
3,2011-07-15,2011,3,7,373454.33,87.14,3.575,,,,,,False,37392,0.0,False,Less than 50k
3,2011-07-22,2011,3,7,360617.37,86.19,3.651,,,,,,False,37392,0.0,False,Less than 50k
3,2011-07-29,2011,3,7,345381.29,88.07,3.682,,,,,,False,37392,0.0,False,Less than 50k
3,2011-08-05,2011,3,8,409981.25,88.45,3.684,,,,,,False,37392,0.0,False,Less than 50k
3,2011-08-12,2011,3,8,380376.85,88.88,3.638,,,,,,False,37392,0.0,False,Less than 50k
3,2011-08-19,2011,3,8,379716.91000000003,88.44,3.554,,,,,,False,37392,0.0,False,Less than 50k
3,2011-08-26,2011,3,8,366367.55,87.67,3.523,,,,,,False,37392,0.0,False,Less than 50k
3,2011-09-02,2011,3,9,375988.69,89.12,3.533,,,,,,False,37392,0.0,False,Less than 50k
3,2011-09-09,2011,3,9,377347.49,81.72,3.546,,,,,,True,37392,0.0,False,Less than 50k
3,2011-09-16,2011,3,9,375629.51,83.63,3.526,,,,,,False,37392,0.0,False,Less than 50k
3,2011-09-23,2011,3,9,365248.94,80.19,3.467,,,,,,False,37392,0.0,False,Less than 50k
3,2011-09-30,2011,3,9,368477.93,82.58,3.355,,,,,,False,37392,0.0,False,Less than 50k
3,2011-10-07,2011,4,10,403342.4,75.54,3.285,,,,,,False,37392,0.0,False,Less than 50k
3,2011-10-14,2011,4,10,368282.57,73.75,3.274,,,,,,False,37392,0.0,False,Less than 50k
3,2011-10-21,2011,4,10,394976.36,69.03,3.353,,,,,,False,37392,0.0,False,Less than 50k
3,2011-10-28,2011,4,10,389540.62,71.04,3.372,,,,,,False,37392,0.0,False,Less than 50k
3,2011-11-04,2011,4,11,459443.22,59.31,3.332,,,,,,False,37392,0.0,False,Less than 50k
3,2011-11-11,2011,4,11,407764.25,61.7,3.297,8787.59,2006.62,200.01,570.57,1005.33,False,37392,12570.119999999999,True,Less than 50k
3,2011-11-18,2011,4,11,398838.97,63.91,3.308,1383.53,23.27,19.95,865.09,2926.05,False,37392,5217.89,True,Less than 50k
3,2011-11-25,2011,4,11,556925.1900000001,68.0,3.236,41.74,10.47,37612.74,,135.16,True,37392,37800.11,True,Less than 50k
3,2011-12-02,2011,4,12,472511.32,54.97,3.172,850.86,18.94,781.71,394.29,7297.1,False,37392,9342.900000000001,True,Less than 50k
3,2011-12-09,2011,4,12,468772.8,49.26,3.158,4059.38,6.47,123.42,833.44,3018.08,False,37392,8040.789999999999,True,Less than 50k
3,2011-12-16,2011,4,12,510747.62,57.95,3.159,1864.61,,170.36,187.42,1500.38,False,37392,3722.77,True,Less than 50k
3,2011-12-23,2011,4,12,551221.21,53.41,3.112,89.98,0.24,411.52,,586.66,False,37392,1088.4,True,Less than 50k
3,2011-12-30,2011,4,12,410553.88,48.29,3.129,1449.16,14356.07,66.66,81.43,777.35,True,37392,16730.67,True,Less than 50k
3,2012-01-06,2012,1,1,398178.21,52.42,3.157,3824.22,9389.98,15.0,415.36,1476.85,False,37392,15121.41,True,Less than 50k
3,2012-01-13,2012,1,1,367438.62,51.86,3.261,3927.76,3323.64,,226.97,1725.19,False,37392,9203.56,True,Less than 50k
3,2012-01-20,2012,1,1,365818.61,56.2,3.268,720.82,1629.26,1.46,16.05,799.5,False,37392,3167.09,True,Less than 50k
3,2012-01-27,2012,1,1,349518.1,58.06,3.29,774.55,349.99,,4.0,328.72,False,37392,1457.26,True,Less than 50k
3,2012-02-03,2012,1,2,424960.66000000003,59.33,3.36,9667.5,268.29,0.6,8368.15,804.24,False,37392,19108.780000000002,True,Less than 50k
3,2012-02-10,2012,1,2,473292.47000000003,51.65,3.409,8687.47,1594.87,2.2,2144.87,2577.83,True,37392,15007.24,True,Less than 50k
3,2012-02-17,2012,1,2,475591.08,52.39,3.51,2706.87,3128.74,1.88,2396.68,1631.28,False,37392,9865.45,True,Less than 50k
3,2012-02-24,2012,1,2,418925.47,60.12,3.555,6129.28,1802.84,,301.48,1929.71,False,37392,10163.310000000001,True,Less than 50k
3,2012-03-02,2012,1,3,469752.56,61.65,3.63,3552.58,601.32,,2666.22,1524.87,False,37392,8344.989999999998,True,Less than 50k
3,2012-03-09,2012,1,3,445162.05,60.71,3.669,8368.5,298.46,1.39,1340.29,1416.22,False,37392,11424.859999999999,True,Less than 50k
3,2012-03-16,2012,1,3,411775.8,64.0,3.734,2588.06,80.89,3.2,909.76,491.83,False,37392,4073.74,True,Less than 50k
3,2012-03-23,2012,1,3,413907.25,66.53,3.787,737.08,36.1,1.43,92.11,583.9,False,37392,1450.62,True,Less than 50k
3,2012-03-30,2012,1,3,407488.83999999997,69.36,3.845,825.1,99.83,1.25,113.25,388.39,False,37392,1427.8200000000002,True,Less than 50k
3,2012-04-06,2012,2,4,503232.13,73.01,3.891,4433.71,,24.45,1282.3,1062.83,False,37392,6803.29,True,Less than 50k
3,2012-04-13,2012,2,4,420789.74,72.83,3.891,5359.22,1673.42,3.0,682.03,1371.55,False,37392,9089.22,True,Less than 50k
3,2012-04-20,2012,2,4,434822.13,72.05,3.877,2784.82,130.68,1.75,425.29,904.8,False,37392,4247.34,True,Less than 50k
3,2012-04-27,2012,2,4,394616.11,73.39,3.814,1178.7,,2.95,36.5,351.97,False,37392,1570.1200000000001,True,Less than 50k
3,2012-05-04,2012,2,5,439913.57,79.51,3.749,2430.23,,30.92,1159.71,1432.53,False,37392,5053.39,True,Less than 50k
3,2012-05-11,2012,2,5,431985.36,75.19,3.688,3794.95,,0.25,813.77,618.46,False,37392,5227.429999999999,True,Less than 50k
3,2012-05-18,2012,2,5,418112.76,72.38,3.63,3208.73,,0.3,143.23,805.06,False,37392,4157.32,True,Less than 50k
3,2012-05-25,2012,2,5,413701.29,78.58,3.561,3032.03,,291.17,536.82,580.87,False,37392,4440.89,True,Less than 50k
3,2012-06-01,2012,2,6,432268.53,81.55,3.501,2664.55,10.0,220.03,618.49,1940.77,False,37392,5453.84,True,Less than 50k
3,2012-06-08,2012,2,6,446336.8,81.65,3.452,5770.48,28.6,30.18,283.7,2093.48,False,37392,8206.44,True,Less than 50k
3,2012-06-15,2012,2,6,442074.79,84.66,3.393,2014.47,31.8,1.0,631.17,835.34,False,37392,3513.78,True,Less than 50k
3,2012-06-22,2012,2,6,419497.95,82.7,3.346,1843.45,11.2,0.51,421.71,1743.54,False,37392,4020.41,True,Less than 50k
3,2012-06-29,2012,2,6,422965.33,86.42,3.286,2297.32,8.0,,395.28,1182.52,False,37392,3883.1200000000003,True,Less than 50k
3,2012-07-06,2012,3,7,411206.5,83.14,3.227,2625.99,30.7,28.16,703.16,1962.17,False,37392,5350.179999999999,True,Less than 50k
3,2012-07-13,2012,3,7,416913.1,82.28,3.256,3196.9,20.8,2.02,302.29,451.1,False,37392,3973.11,True,Less than 50k
3,2012-07-20,2012,3,7,432424.85,81.38,3.311,1266.72,66.2,3.83,149.62,558.02,False,37392,2044.3899999999999,True,Less than 50k
3,2012-07-27,2012,3,7,389427.9,84.94,3.407,3447.28,31.0,2.46,1791.7,1107.97,False,37392,6380.410000000001,True,Less than 50k
3,2012-08-03,2012,3,8,419990.29000000004,86.55,3.417,5683.49,37.2,0.04,2484.22,639.29,False,37392,8844.239999999998,True,Less than 50k
3,2012-08-10,2012,3,8,391811.6,85.85,3.494,3375.44,28.4,2.4,1880.43,555.9,False,37392,5842.57,True,Less than 50k
3,2012-08-17,2012,3,8,394918.83,87.36,3.571,990.08,44.2,,401.46,430.69,False,37392,1866.43,True,Less than 50k
3,2012-08-24,2012,3,8,412449.67,83.01,3.62,3062.02,26.8,,1004.51,1285.29,False,37392,5378.62,True,Less than 50k
3,2012-08-31,2012,3,8,408838.73,85.18,3.638,6599.69,27.8,24.7,1743.76,428.74,False,37392,8824.689999999999,True,Less than 50k
3,2012-09-07,2012,3,9,408229.73000000004,84.99,3.73,2266.83,19.0,8.31,419.87,926.86,True,37392,3640.87,True,Less than 50k
3,2012-09-14,2012,3,9,407589.16,78.36,3.717,3589.7,,3.72,2080.29,1760.69,False,37392,7434.4,True,Less than 50k
3,2012-09-21,2012,3,9,414392.09,72.78,3.721,3233.34,1.91,7.69,878.66,1602.11,False,37392,5723.71,True,Less than 50k
3,2012-09-28,2012,3,9,389813.02,77.46,3.666,2493.82,,1.5,890.65,715.52,False,37392,4101.49,True,Less than 50k
3,2012-10-05,2012,4,10,443557.65,72.74,3.617,1750.8,,3.01,480.24,646.82,False,37392,2880.8700000000003,True,Less than 50k
3,2012-10-12,2012,4,10,410804.39,70.31,3.601,775.31,,2.78,498.54,328.16,False,37392,1604.79,True,Less than 50k
3,2012-10-19,2012,4,10,424513.08,73.44,3.594,629.25,,7.5,75.11,3010.32,False,37392,3722.1800000000003,True,Less than 50k
3,2012-10-26,2012,4,10,405432.7,74.66,3.506,370.99,6.35,4.0,5.94,180.07,False,37392,567.35,True,Less than 50k
4,2010-02-05,2010,1,2,2135143.87,43.76,2.598,,,,,,False,205863,0.0,False,More than 200k
4,2010-02-12,2010,1,2,2188307.39,28.84,2.573,,,,,,True,205863,0.0,False,More than 200k
4,2010-02-19,2010,1,2,2049860.26,36.45,2.54,,,,,,False,205863,0.0,False,More than 200k
4,2010-02-26,2010,1,2,1925728.84,41.36,2.59,,,,,,False,205863,0.0,False,More than 200k
4,2010-03-05,2010,1,3,1971057.44,43.49,2.654,,,,,,False,205863,0.0,False,More than 200k
4,2010-03-12,2010,1,3,1894324.09,49.63,2.704,,,,,,False,205863,0.0,False,More than 200k
4,2010-03-19,2010,1,3,1897429.36,55.19,2.743,,,,,,False,205863,0.0,False,More than 200k
4,2010-03-26,2010,1,3,1762539.3,39.91,2.752,,,,,,False,205863,0.0,False,More than 200k
4,2010-04-02,2010,2,4,1979247.1199999999,48.77,2.74,,,,,,False,205863,0.0,False,More than 200k
4,2010-04-09,2010,2,4,1818452.72,54.16,2.773,,,,,,False,205863,0.0,False,More than 200k
4,2010-04-16,2010,2,4,1851519.69,56.23,2.81,,,,,,False,205863,0.0,False,More than 200k
4,2010-04-23,2010,2,4,1802677.9,56.87,2.805,,,,,,False,205863,0.0,False,More than 200k
4,2010-04-30,2010,2,4,1817273.28,53.04,2.787,,,,,,False,205863,0.0,False,More than 200k
4,2010-05-07,2010,2,5,2000626.14,56.77,2.836,,,,,,False,205863,0.0,False,More than 200k
4,2010-05-14,2010,2,5,1875597.28,62.35,2.845,,,,,,False,205863,0.0,False,More than 200k
4,2010-05-21,2010,2,5,1903752.6,67.4,2.82,,,,,,False,205863,0.0,False,More than 200k
4,2010-05-28,2010,2,5,1857533.7,67.73,2.756,,,,,,False,205863,0.0,False,More than 200k
4,2010-06-04,2010,2,6,1903290.58,70.83,2.701,,,,,,False,205863,0.0,False,More than 200k
4,2010-06-11,2010,2,6,1870619.23,78.45,2.668,,,,,,False,205863,0.0,False,More than 200k
4,2010-06-18,2010,2,6,1929736.35,81.53,2.635,,,,,,False,205863,0.0,False,More than 200k
4,2010-06-25,2010,2,6,1846651.95,81.1,2.654,,,,,,False,205863,0.0,False,More than 200k
4,2010-07-02,2010,3,7,1881337.21,73.66,2.668,,,,,,False,205863,0.0,False,More than 200k
4,2010-07-09,2010,3,7,1812208.22,80.35,2.637,,,,,,False,205863,0.0,False,More than 200k
4,2010-07-16,2010,3,7,1898427.66,78.53,2.621,,,,,,False,205863,0.0,False,More than 200k
4,2010-07-23,2010,3,7,1848426.78,79.78,2.612,,,,,,False,205863,0.0,False,More than 200k
4,2010-07-30,2010,3,7,1796637.6099999999,80.7,2.65,,,,,,False,205863,0.0,False,More than 200k
4,2010-08-06,2010,3,8,1907638.58,76.53,2.64,,,,,,False,205863,0.0,False,More than 200k
4,2010-08-13,2010,3,8,2007050.75,78.08,2.698,,,,,,False,205863,0.0,False,More than 200k
4,2010-08-20,2010,3,8,1997181.09,78.83,2.671,,,,,,False,205863,0.0,False,More than 200k
4,2010-08-27,2010,3,8,1848403.92,74.44,2.621,,,,,,False,205863,0.0,False,More than 200k
4,2010-09-03,2010,3,9,1935857.58,76.8,2.584,,,,,,False,205863,0.0,False,More than 200k
4,2010-09-10,2010,3,9,1865820.81,73.54,2.574,,,,,,True,205863,0.0,False,More than 200k
4,2010-09-17,2010,3,9,1899959.61,64.91,2.594,,,,,,False,205863,0.0,False,More than 200k
4,2010-09-24,2010,3,9,1810684.68,60.96,2.642,,,,,,False,205863,0.0,False,More than 200k
4,2010-10-01,2010,4,10,1842821.02,63.96,2.619,,,,,,False,205863,0.0,False,More than 200k
4,2010-10-08,2010,4,10,1951494.85,67.73,2.645,,,,,,False,205863,0.0,False,More than 200k
4,2010-10-15,2010,4,10,1867345.09,62.03,2.732,,,,,,False,205863,0.0,False,More than 200k
4,2010-10-22,2010,4,10,1927610.06,64.17,2.736,,,,,,False,205863,0.0,False,More than 200k
4,2010-10-29,2010,4,10,1933333.0,56.94,2.718,,,,,,False,205863,0.0,False,More than 200k
4,2010-11-05,2010,4,11,2013115.79,51.6,2.699,,,,,,False,205863,0.0,False,More than 200k
4,2010-11-12,2010,4,11,1999794.26,52.65,2.741,,,,,,False,205863,0.0,False,More than 200k
4,2010-11-19,2010,4,11,2097809.4,48.05,2.78,,,,,,False,205863,0.0,False,More than 200k
4,2010-11-26,2010,4,11,2789469.45,48.08,2.752,,,,,,True,205863,0.0,False,More than 200k
4,2010-12-03,2010,4,12,2102530.17,46.4,2.727,,,,,,False,205863,0.0,False,More than 200k
4,2010-12-10,2010,4,12,2302504.86,42.4,2.86,,,,,,False,205863,0.0,False,More than 200k
4,2010-12-17,2010,4,12,2740057.14,46.57,2.884,,,,,,False,205863,0.0,False,More than 200k
4,2010-12-24,2010,4,12,3526713.39,43.21,2.887,,,,,,False,205863,0.0,False,More than 200k
4,2010-12-31,2010,4,12,1794868.74,38.09,2.955,,,,,,True,205863,0.0,False,More than 200k
4,2011-01-07,2011,1,1,1862476.27,39.34,2.98,,,,,,False,205863,0.0,False,More than 200k
4,2011-01-14,2011,1,1,1865502.46,31.6,2.992,,,,,,False,205863,0.0,False,More than 200k
4,2011-01-21,2011,1,1,1886393.9400000002,38.34,3.017,,,,,,False,205863,0.0,False,More than 200k
4,2011-01-28,2011,1,1,1814240.85,40.6,3.022,,,,,,False,205863,0.0,False,More than 200k
4,2011-02-04,2011,1,2,2119086.04,34.61,2.996,,,,,,False,205863,0.0,False,More than 200k
4,2011-02-11,2011,1,2,2187847.29,33.29,3.033,,,,,,True,205863,0.0,False,More than 200k
4,2011-02-18,2011,1,2,2316495.56,48.17,3.058,,,,,,False,205863,0.0,False,More than 200k
4,2011-02-25,2011,1,2,2078094.69,49.0,3.087,,,,,,False,205863,0.0,False,More than 200k
4,2011-03-04,2011,1,3,2103455.75,46.56,3.305,,,,,,False,205863,0.0,False,More than 200k
4,2011-03-11,2011,1,3,2039818.41,50.93,3.461,,,,,,False,205863,0.0,False,More than 200k
4,2011-03-18,2011,1,3,2116475.38,51.86,3.495,,,,,,False,205863,0.0,False,More than 200k
4,2011-03-25,2011,1,3,1944164.32,59.1,3.48,,,,,,False,205863,0.0,False,More than 200k
4,2011-04-01,2011,2,4,1900246.47,56.99,3.521,,,,,,False,205863,0.0,False,More than 200k
4,2011-04-08,2011,2,4,2074953.46,62.61,3.605,,,,,,False,205863,0.0,False,More than 200k
4,2011-04-15,2011,2,4,1960587.76,62.34,3.724,,,,,,False,205863,0.0,False,More than 200k
4,2011-04-22,2011,2,4,2220600.7600000002,68.8,3.781,,,,,,False,205863,0.0,False,More than 200k
4,2011-04-29,2011,2,4,1878167.44,64.22,3.781,,,,,,False,205863,0.0,False,More than 200k
4,2011-05-06,2011,2,5,2063682.76,63.41,3.866,,,,,,False,205863,0.0,False,More than 200k
4,2011-05-13,2011,2,5,2002362.37,70.65,3.872,,,,,,False,205863,0.0,False,More than 200k
4,2011-05-20,2011,2,5,2015563.48,70.49,3.881,,,,,,False,205863,0.0,False,More than 200k
4,2011-05-27,2011,2,5,1986597.95,73.65,3.771,,,,,,False,205863,0.0,False,More than 200k
4,2011-06-03,2011,2,6,2065377.1500000001,78.26,3.683,,,,,,False,205863,0.0,False,More than 200k
4,2011-06-10,2011,2,6,2073951.38,80.05,3.64,,,,,,False,205863,0.0,False,More than 200k
4,2011-06-17,2011,2,6,2141210.62,83.51,3.618,,,,,,False,205863,0.0,False,More than 200k
4,2011-06-24,2011,2,6,2008344.92,81.85,3.57,,,,,,False,205863,0.0,False,More than 200k
4,2011-07-01,2011,3,7,2051533.53,84.54,3.504,,,,,,False,205863,0.0,False,More than 200k
4,2011-07-08,2011,3,7,2066541.8599999999,84.59,3.469,,,,,,False,205863,0.0,False,More than 200k
4,2011-07-15,2011,3,7,2049046.95,83.27,3.563,,,,,,False,205863,0.0,False,More than 200k
4,2011-07-22,2011,3,7,2036231.39,82.84,3.627,,,,,,False,205863,0.0,False,More than 200k
4,2011-07-29,2011,3,7,1989674.07,84.36,3.659,,,,,,False,205863,0.0,False,More than 200k
4,2011-08-05,2011,3,8,2160057.39,86.09,3.662,,,,,,False,205863,0.0,False,More than 200k
4,2011-08-12,2011,3,8,2105668.7399999998,82.98,3.617,,,,,,False,205863,0.0,False,More than 200k
4,2011-08-19,2011,3,8,2232892.1,82.77,3.55,,,,,,False,205863,0.0,False,More than 200k
4,2011-08-26,2011,3,8,1988490.21,81.47,3.523,,,,,,False,205863,0.0,False,More than 200k
4,2011-09-02,2011,3,9,2078420.31,77.99,3.533,,,,,,False,205863,0.0,False,More than 200k
4,2011-09-09,2011,3,9,2093139.01,73.34,3.554,,,,,,True,205863,0.0,False,More than 200k
4,2011-09-16,2011,3,9,2075577.33,72.76,3.532,,,,,,False,205863,0.0,False,More than 200k
4,2011-09-23,2011,3,9,2031406.41,69.23,3.473,,,,,,False,205863,0.0,False,More than 200k
4,2011-09-30,2011,3,9,1929486.6300000001,72.15,3.371,,,,,,False,205863,0.0,False,More than 200k
4,2011-10-07,2011,4,10,2166737.65,65.79,3.299,,,,,,False,205863,0.0,False,More than 200k
4,2011-10-14,2011,4,10,2074548.8499999999,63.75,3.283,,,,,,False,205863,0.0,False,More than 200k
4,2011-10-21,2011,4,10,2207742.13,64.79,3.361,,,,,,False,205863,0.0,False,More than 200k
4,2011-10-28,2011,4,10,2151659.59,55.31,3.362,,,,,,False,205863,0.0,False,More than 200k
4,2011-11-04,2011,4,11,2281217.31,49.86,3.322,,,,,,False,205863,0.0,False,More than 200k
4,2011-11-11,2011,4,11,2203028.96,47.12,3.286,12851.52,16658.47,430.13,5630.01,9213.39,False,205863,44783.520000000004,True,More than 200k
4,2011-11-18,2011,4,11,2243946.59,50.44,3.294,4539.94,840.56,372.9,613.96,5358.13,False,205863,11725.49,True,More than 200k
4,2011-11-25,2011,4,11,3004702.33,47.96,3.225,561.45,137.88,83340.33,44.04,9239.23,True,205863,93322.93,True,More than 200k
4,2011-12-02,2011,4,12,2180999.26,38.71,3.176,9762.39,160.94,2260.29,4767.86,28604.2,False,205863,45555.68,True,More than 200k
4,2011-12-09,2011,4,12,2508955.2399999998,31.64,3.153,5857.72,30.0,984.98,4692.5,13503.99,False,205863,25069.190000000002,True,More than 200k
4,2011-12-16,2011,4,12,2771397.17,36.44,3.149,2756.67,72.3,1790.15,777.65,10261.95,False,205863,15658.720000000001,True,More than 200k
4,2011-12-23,2011,4,12,3676388.98,35.92,3.103,2461.94,69.05,2938.24,52.0,4396.76,False,205863,9917.99,True,More than 200k
4,2011-12-30,2011,4,12,2007105.86,36.89,3.119,3496.13,72413.71,399.77,776.26,5012.53,True,205863,82098.40000000001,True,More than 200k
4,2012-01-06,2012,1,1,2047766.07,38.64,3.158,7857.71,38677.72,234.0,863.22,8682.95,False,205863,56315.600000000006,True,More than 200k
4,2012-01-13,2012,1,1,1941676.61,34.41,3.263,3666.28,14553.37,76.37,820.37,5955.28,False,205863,25071.67,True,More than 200k
4,2012-01-20,2012,1,1,2005097.76,42.09,3.273,2109.41,7040.02,44.16,918.36,1116.83,False,205863,11228.78,True,More than 200k
4,2012-01-27,2012,1,1,1928720.51,40.31,3.29,1346.06,3740.12,46.16,445.47,2451.89,False,205863,8029.700000000001,True,More than 200k
4,2012-02-03,2012,1,2,2173373.91,41.81,3.354,50820.76,4033.29,285.11,48086.64,7456.15,False,205863,110681.95,True,More than 200k
4,2012-02-10,2012,1,2,2374660.64,33.0,3.411,11374.63,7208.51,118.37,12869.78,10618.93,True,205863,42190.22,True,More than 200k
4,2012-02-17,2012,1,2,2427640.17,34.19,3.493,14225.99,11049.65,17.36,11912.49,7565.99,False,205863,44771.479999999996,True,More than 200k
4,2012-02-24,2012,1,2,2226662.17,41.31,3.541,9777.71,4703.88,5.4,1179.72,9352.14,False,205863,25018.85,True,More than 200k
4,2012-03-02,2012,1,3,2206319.9,50.38,3.619,18564.88,1394.86,32.93,10714.6,3592.82,False,205863,34300.090000000004,True,More than 200k
4,2012-03-09,2012,1,3,2202450.81,53.63,3.667,8779.57,602.02,8.53,1103.64,9464.98,False,205863,19958.739999999998,True,More than 200k
4,2012-03-16,2012,1,3,2214967.44,59.81,3.707,5669.21,37.12,,8540.87,2544.94,False,205863,16792.14,True,More than 200k
4,2012-03-23,2012,1,3,2091592.54,59.07,3.759,8806.8,,5.99,739.14,4396.97,False,205863,13948.899999999998,True,More than 200k
4,2012-03-30,2012,1,3,2089381.77,72.63,3.82,2565.8,442.52,6.5,487.66,4076.68,False,205863,7579.16,True,More than 200k
4,2012-04-06,2012,2,4,2470206.13,67.69,3.864,11341.17,,73.38,5677.89,7821.95,False,205863,24914.39,True,More than 200k
4,2012-04-13,2012,2,4,2105301.39,68.69,3.881,12506.74,5941.43,30.84,3915.29,4392.95,False,205863,26787.25,True,More than 200k
4,2012-04-20,2012,2,4,2144336.89,68.6,3.864,2774.39,4279.41,43.43,2409.97,4544.22,False,205863,14051.419999999998,True,More than 200k
4,2012-04-27,2012,2,4,2064065.66,76.47,3.81,3993.66,97.77,26.68,113.37,3947.45,False,205863,8178.929999999999,True,More than 200k
4,2012-05-04,2012,2,5,2196968.33,80.14,3.747,13737.91,,93.65,6993.97,4541.89,False,205863,25367.42,True,More than 200k
4,2012-05-11,2012,2,5,2127661.17,67.64,3.685,20499.88,86.0,103.05,5005.96,3815.16,False,205863,29510.05,True,More than 200k
4,2012-05-18,2012,2,5,2207214.81,68.43,3.62,6531.12,,99.91,2290.18,2521.84,False,205863,11443.05,True,More than 200k
4,2012-05-25,2012,2,5,2154137.67,77.47,3.551,4330.02,436.0,862.31,3268.41,3749.53,False,205863,12646.27,True,More than 200k
4,2012-06-01,2012,2,6,2179360.94,77.41,3.483,10165.22,8.6,47.93,2676.33,4896.34,False,205863,17794.42,True,More than 200k
4,2012-06-08,2012,2,6,2245257.18,78.11,3.433,7429.46,249.8,7.86,4235.27,9690.55,False,205863,21612.94,True,More than 200k
4,2012-06-15,2012,2,6,2234190.93,80.94,3.372,16063.84,84.0,0.22,2105.39,6113.16,False,205863,24366.61,True,More than 200k
4,2012-06-22,2012,2,6,2197299.65,81.63,3.329,6619.2,351.22,3.48,5390.02,10920.89,False,205863,23284.809999999998,True,More than 200k
4,2012-06-29,2012,2,6,2128362.92,84.23,3.257,3756.11,211.6,,2114.26,6371.15,False,205863,12453.119999999999,True,More than 200k
4,2012-07-06,2012,3,7,2224499.28,80.37,3.187,9789.03,90.0,157.62,10671.47,3864.91,False,205863,24573.030000000002,True,More than 200k
4,2012-07-13,2012,3,7,2100252.61,76.86,3.224,11075.38,151.0,17.27,3810.25,4766.88,False,205863,19820.78,True,More than 200k
4,2012-07-20,2012,3,7,2175563.69,79.14,3.263,4799.23,47.55,30.56,634.78,4648.91,False,205863,10161.029999999999,True,More than 200k
4,2012-07-27,2012,3,7,2048613.65,81.06,3.356,7011.68,68.7,4.26,13565.83,3841.61,False,205863,24492.08,True,More than 200k
4,2012-08-03,2012,3,8,2174514.13,83.86,3.374,29127.2,42.27,58.34,22663.73,10925.99,False,205863,62817.53,True,More than 200k
4,2012-08-10,2012,3,8,2193367.69,83.21,3.476,16996.42,36.6,60.94,4777.2,3937.09,False,205863,25808.249999999996,True,More than 200k
4,2012-08-17,2012,3,8,2283540.3,81.41,3.552,2531.63,15.04,5.54,1269.13,3528.9,False,205863,7350.24,True,More than 200k
4,2012-08-24,2012,3,8,2125241.68,75.76,3.61,9983.59,,23.4,8115.89,7158.66,False,205863,25281.54,True,More than 200k
4,2012-08-31,2012,3,8,2081181.35,76.47,3.646,19617.58,1.02,68.29,7187.73,6428.12,False,205863,33302.740000000005,True,More than 200k
4,2012-09-07,2012,3,9,2125104.7199999997,82.09,3.709,9082.61,16.0,59.06,7217.88,8026.47,True,205863,24402.02,True,More than 200k
4,2012-09-14,2012,3,9,2117854.6,68.2,3.706,13802.34,,23.12,3643.77,12517.18,False,205863,29986.41,True,More than 200k
4,2012-09-21,2012,3,9,2119438.5300000003,68.97,3.721,11214.89,5.73,16.84,6376.86,4417.13,False,205863,22031.45,True,More than 200k
4,2012-09-28,2012,3,9,2027620.23,71.74,3.666,5333.92,5.73,2.94,1931.02,9753.37,False,205863,17026.98,True,More than 200k
4,2012-10-05,2012,4,10,2209835.43,63.07,3.62,5918.34,,126.57,3674.49,6807.07,False,205863,16526.47,True,More than 200k
4,2012-10-12,2012,4,10,2133026.07,57.11,3.603,4975.39,,61.17,1513.17,5905.53,False,205863,12455.26,True,More than 200k
4,2012-10-19,2012,4,10,2097266.85,64.46,3.61,6313.84,,15.05,2421.08,5885.12,False,205863,14635.09,True,More than 200k
4,2012-10-26,2012,4,10,2149594.46,63.64,3.514,1763.13,88.76,66.76,,7577.14,False,205863,9495.79,True,More than 200k
5,2010-02-05,2010,1,2,317173.1,39.7,2.572,,,,,,False,34875,0.0,False,Less than 50k
5,2010-02-12,2010,1,2,311825.7,39.81,2.548,,,,,,True,34875,0.0,False,Less than 50k
5,2010-02-19,2010,1,2,303447.57,41.14,2.514,,,,,,False,34875,0.0,False,Less than 50k
5,2010-02-26,2010,1,2,270281.63,46.7,2.561,,,,,,False,34875,0.0,False,Less than 50k
5,2010-03-05,2010,1,3,288855.71,48.89,2.625,,,,,,False,34875,0.0,False,Less than 50k
5,2010-03-12,2010,1,3,297293.58999999997,58.5,2.667,,,,,,False,34875,0.0,False,Less than 50k
5,2010-03-19,2010,1,3,281706.41,55.46,2.72,,,,,,False,34875,0.0,False,Less than 50k
5,2010-03-26,2010,1,3,273282.97,52.47,2.732,,,,,,False,34875,0.0,False,Less than 50k
5,2010-04-02,2010,2,4,331406.0,63.18,2.719,,,,,,False,34875,0.0,False,Less than 50k
5,2010-04-09,2010,2,4,328020.49,65.19,2.77,,,,,,False,34875,0.0,False,Less than 50k
5,2010-04-16,2010,2,4,306858.69,65.3,2.808,,,,,,False,34875,0.0,False,Less than 50k
5,2010-04-23,2010,2,4,288839.73,65.13,2.795,,,,,,False,34875,0.0,False,Less than 50k
5,2010-04-30,2010,2,4,298697.84,67.53,2.78,,,,,,False,34875,0.0,False,Less than 50k
5,2010-05-07,2010,2,5,333522.6,71.53,2.835,,,,,,False,34875,0.0,False,Less than 50k
5,2010-05-14,2010,2,5,296673.77,74.79,2.854,,,,,,False,34875,0.0,False,Less than 50k
5,2010-05-21,2010,2,5,301615.49,75.2,2.826,,,,,,False,34875,0.0,False,Less than 50k
5,2010-05-28,2010,2,5,310013.11,79.81,2.759,,,,,,False,34875,0.0,False,Less than 50k
5,2010-06-04,2010,2,6,337825.89,79.54,2.705,,,,,,False,34875,0.0,False,Less than 50k
5,2010-06-11,2010,2,6,296641.91,80.7,2.668,,,,,,False,34875,0.0,False,Less than 50k
5,2010-06-18,2010,2,6,313795.6,83.91,2.637,,,,,,False,34875,0.0,False,Less than 50k
5,2010-06-25,2010,2,6,295257.3,83.72,2.653,,,,,,False,34875,0.0,False,Less than 50k
5,2010-07-02,2010,3,7,305993.27,81.25,2.669,,,,,,False,34875,0.0,False,Less than 50k
5,2010-07-09,2010,3,7,291808.87,81.14,2.642,,,,,,False,34875,0.0,False,Less than 50k
5,2010-07-16,2010,3,7,280701.7,83.98,2.623,,,,,,False,34875,0.0,False,Less than 50k
5,2010-07-23,2010,3,7,274742.63,83.66,2.608,,,,,,False,34875,0.0,False,Less than 50k
5,2010-07-30,2010,3,7,268929.03,82.46,2.64,,,,,,False,34875,0.0,False,Less than 50k
5,2010-08-06,2010,3,8,303043.02,86.1,2.627,,,,,,False,34875,0.0,False,Less than 50k
5,2010-08-13,2010,3,8,286477.35,87.41,2.692,,,,,,False,34875,0.0,False,Less than 50k
5,2010-08-20,2010,3,8,287205.38,87.71,2.664,,,,,,False,34875,0.0,False,Less than 50k
5,2010-08-27,2010,3,8,288519.75,87.05,2.619,,,,,,False,34875,0.0,False,Less than 50k
5,2010-09-03,2010,3,9,323798.0,84.06,2.577,,,,,,False,34875,0.0,False,Less than 50k
5,2010-09-10,2010,3,9,306533.08,79.86,2.565,,,,,,True,34875,0.0,False,Less than 50k
5,2010-09-17,2010,3,9,282558.65,82.28,2.582,,,,,,False,34875,0.0,False,Less than 50k
5,2010-09-24,2010,3,9,293131.58,78.53,2.624,,,,,,False,34875,0.0,False,Less than 50k
5,2010-10-01,2010,4,10,283178.12,71.1,2.603,,,,,,False,34875,0.0,False,Less than 50k
5,2010-10-08,2010,4,10,290494.85,64.99,2.633,,,,,,False,34875,0.0,False,Less than 50k
5,2010-10-15,2010,4,10,280681.2,68.11,2.72,,,,,,False,34875,0.0,False,Less than 50k
5,2010-10-22,2010,4,10,284988.27,70.96,2.725,,,,,,False,34875,0.0,False,Less than 50k
5,2010-10-29,2010,4,10,278031.81,70.58,2.716,,,,,,False,34875,0.0,False,Less than 50k
5,2010-11-05,2010,4,11,325310.3,58.88,2.689,,,,,,False,34875,0.0,False,Less than 50k
5,2010-11-12,2010,4,11,301827.36,62.37,2.728,,,,,,False,34875,0.0,False,Less than 50k
5,2010-11-19,2010,4,11,297384.81,52.52,2.771,,,,,,False,34875,0.0,False,Less than 50k
5,2010-11-26,2010,4,11,488362.61,66.15,2.735,,,,,,True,34875,0.0,False,Less than 50k
5,2010-12-03,2010,4,12,344490.88,51.31,2.708,,,,,,False,34875,0.0,False,Less than 50k
5,2010-12-10,2010,4,12,352811.53,48.27,2.843,,,,,,False,34875,0.0,False,Less than 50k
5,2010-12-17,2010,4,12,367801.19,51.61,2.869,,,,,,False,34875,0.0,False,Less than 50k
5,2010-12-24,2010,4,12,466010.25,55.01,2.886,,,,,,False,34875,0.0,False,Less than 50k
5,2010-12-31,2010,4,12,298180.18,49.79,2.943,,,,,,True,34875,0.0,False,Less than 50k
5,2011-01-07,2011,1,1,286347.26,48.3,2.976,,,,,,False,34875,0.0,False,Less than 50k
5,2011-01-14,2011,1,1,260636.71,37.74,2.983,,,,,,False,34875,0.0,False,Less than 50k
5,2011-01-21,2011,1,1,275313.34,45.41,3.016,,,,,,False,34875,0.0,False,Less than 50k
5,2011-01-28,2011,1,1,279088.39,44.5,3.01,,,,,,False,34875,0.0,False,Less than 50k
5,2011-02-04,2011,1,2,329613.2,41.67,2.989,,,,,,False,34875,0.0,False,Less than 50k
5,2011-02-11,2011,1,2,311590.54,38.25,3.022,,,,,,True,34875,0.0,False,Less than 50k
5,2011-02-18,2011,1,2,356622.61,58.83,3.045,,,,,,False,34875,0.0,False,Less than 50k
5,2011-02-25,2011,1,2,294659.5,63.35,3.065,,,,,,False,34875,0.0,False,Less than 50k
5,2011-03-04,2011,1,3,329033.66,60.35,3.288,,,,,,False,34875,0.0,False,Less than 50k
5,2011-03-11,2011,1,3,293098.1,55.74,3.459,,,,,,False,34875,0.0,False,Less than 50k
5,2011-03-18,2011,1,3,312177.67,64.31,3.488,,,,,,False,34875,0.0,False,Less than 50k
5,2011-03-25,2011,1,3,294732.5,70.71,3.473,,,,,,False,34875,0.0,False,Less than 50k
5,2011-04-01,2011,2,4,314316.55,61.5,3.524,,,,,,False,34875,0.0,False,Less than 50k
5,2011-04-08,2011,2,4,307333.62,69.64,3.622,,,,,,False,34875,0.0,False,Less than 50k
5,2011-04-15,2011,2,4,307913.58,72.02,3.743,,,,,,False,34875,0.0,False,Less than 50k
5,2011-04-22,2011,2,4,328415.44,74.34,3.807,,,,,,False,34875,0.0,False,Less than 50k
5,2011-04-29,2011,2,4,307291.56,74.75,3.81,,,,,,False,34875,0.0,False,Less than 50k
5,2011-05-06,2011,2,5,322904.68,66.27,3.906,,,,,,False,34875,0.0,False,Less than 50k
5,2011-05-13,2011,2,5,290930.01,77.38,3.899,,,,,,False,34875,0.0,False,Less than 50k
5,2011-05-20,2011,2,5,299614.33,71.37,3.907,,,,,,False,34875,0.0,False,Less than 50k
5,2011-05-27,2011,2,5,297149.69,80.14,3.786,,,,,,False,34875,0.0,False,Less than 50k
5,2011-06-03,2011,2,6,329183.92,83.81,3.699,,,,,,False,34875,0.0,False,Less than 50k
5,2011-06-10,2011,2,6,304984.14,83.61,3.648,,,,,,False,34875,0.0,False,Less than 50k
5,2011-06-17,2011,2,6,304811.82,86.84,3.637,,,,,,False,34875,0.0,False,Less than 50k
5,2011-06-24,2011,2,6,302881.64,84.76,3.594,,,,,,False,34875,0.0,False,Less than 50k
5,2011-07-01,2011,3,7,327093.89,85.81,3.524,,,,,,False,34875,0.0,False,Less than 50k
5,2011-07-08,2011,3,7,310804.93,86.64,3.48,,,,,,False,34875,0.0,False,Less than 50k
5,2011-07-15,2011,3,7,283248.62,88.64,3.575,,,,,,False,34875,0.0,False,Less than 50k
5,2011-07-22,2011,3,7,292539.73,86.97,3.651,,,,,,False,34875,0.0,False,Less than 50k
5,2011-07-29,2011,3,7,275142.17,89.42,3.682,,,,,,False,34875,0.0,False,Less than 50k
5,2011-08-05,2011,3,8,317738.56,91.07,3.684,,,,,,False,34875,0.0,False,Less than 50k
5,2011-08-12,2011,3,8,289886.16000000003,90.16,3.638,,,,,,False,34875,0.0,False,Less than 50k
5,2011-08-19,2011,3,8,303643.83999999997,89.35,3.554,,,,,,False,34875,0.0,False,Less than 50k
5,2011-08-26,2011,3,8,310338.17,89.18,3.523,,,,,,False,34875,0.0,False,Less than 50k
5,2011-09-02,2011,3,9,315645.53,90.38,3.533,,,,,,False,34875,0.0,False,Less than 50k
5,2011-09-09,2011,3,9,321110.22,79.04,3.546,,,,,,True,34875,0.0,False,Less than 50k
5,2011-09-16,2011,3,9,278529.71,83.55,3.526,,,,,,False,34875,0.0,False,Less than 50k
5,2011-09-23,2011,3,9,291024.98,78.01,3.467,,,,,,False,34875,0.0,False,Less than 50k
5,2011-09-30,2011,3,9,292315.38,81.16,3.355,,,,,,False,34875,0.0,False,Less than 50k
5,2011-10-07,2011,4,10,309111.47000000003,71.64,3.285,,,,,,False,34875,0.0,False,Less than 50k
5,2011-10-14,2011,4,10,286117.72,72.36,3.274,,,,,,False,34875,0.0,False,Less than 50k
5,2011-10-21,2011,4,10,306069.18,66.9,3.353,,,,,,False,34875,0.0,False,Less than 50k
5,2011-10-28,2011,4,10,307035.11,69.27,3.372,,,,,,False,34875,0.0,False,Less than 50k
5,2011-11-04,2011,4,11,353652.23,56.71,3.332,,,,,,False,34875,0.0,False,Less than 50k
5,2011-11-11,2011,4,11,311906.7,60.71,3.297,2971.48,1943.2,60.03,757.33,1040.96,False,34875,6773.0,True,Less than 50k
5,2011-11-18,2011,4,11,307944.37,64.33,3.308,952.21,116.11,95.01,295.13,4368.45,False,34875,5826.91,True,Less than 50k
5,2011-11-25,2011,4,11,507900.07,61.93,3.236,107.42,7.0,29333.06,8.0,826.06,True,34875,30281.54,True,Less than 50k
5,2011-12-02,2011,4,12,376225.61,51.14,3.172,2359.44,4.0,658.01,901.67,24751.93,False,34875,28675.05,True,Less than 50k
5,2011-12-09,2011,4,12,367433.77,44.12,3.158,2546.5,,83.07,523.27,3118.64,False,34875,6271.48,True,Less than 50k
5,2011-12-16,2011,4,12,379530.3,54.42,3.159,802.42,,78.77,319.84,1940.54,False,34875,3141.5699999999997,True,Less than 50k
5,2011-12-23,2011,4,12,458562.24,50.33,3.112,225.21,0.15,427.57,,1443.04,False,34875,2095.9700000000003,True,Less than 50k
5,2011-12-30,2011,4,12,349624.88,45.62,3.129,1938.28,17079.76,72.93,162.33,1211.95,True,34875,20465.25,True,Less than 50k
5,2012-01-06,2012,1,1,312078.71,50.21,3.157,4602.39,6733.6,35.03,621.64,3507.24,False,34875,15499.900000000001,True,Less than 50k
5,2012-01-13,2012,1,1,291454.52,48.86,3.261,3408.93,3666.32,1.71,137.88,1706.42,False,34875,8921.26,True,Less than 50k
5,2012-01-20,2012,1,1,287523.98,54.65,3.268,761.25,2100.24,,132.63,1276.75,False,34875,4270.87,True,Less than 50k
5,2012-01-27,2012,1,1,295974.22,54.63,3.29,573.64,969.68,,12.0,861.28,False,34875,2416.6,True,Less than 50k
5,2012-02-03,2012,1,2,333948.0,57.35,3.36,23811.41,1349.62,23.82,14928.42,3186.52,False,34875,43299.78999999999,True,Less than 50k
5,2012-02-10,2012,1,2,349239.88,48.57,3.409,4239.28,2725.8,1.53,3682.89,3234.79,True,34875,13884.29,True,Less than 50k
5,2012-02-17,2012,1,2,356427.98,48.25,3.51,5548.48,1958.52,1.76,2662.84,2820.38,False,34875,12991.98,True,Less than 50k
5,2012-02-24,2012,1,2,312220.47,57.75,3.555,2220.32,1407.4,,145.46,2657.52,False,34875,6430.700000000001,True,Less than 50k
5,2012-03-02,2012,1,3,359206.21,60.66,3.63,6172.7,123.32,1.0,3063.26,1213.59,False,34875,10573.869999999999,True,Less than 50k
5,2012-03-09,2012,1,3,347295.6,57.69,3.669,1842.42,51.27,2.0,109.67,5043.45,False,34875,7048.8099999999995,True,Less than 50k
5,2012-03-16,2012,1,3,339392.54,63.55,3.734,1879.87,30.7,2.24,585.12,1765.08,False,34875,4263.01,True,Less than 50k
5,2012-03-23,2012,1,3,321299.99,64.44,3.787,694.24,32.75,5.59,210.09,775.7,False,34875,1718.3700000000001,True,Less than 50k
5,2012-03-30,2012,1,3,331318.73,67.76,3.845,5097.87,25.2,2.7,322.57,1790.31,False,34875,7238.65,True,Less than 50k
5,2012-04-06,2012,2,4,402985.7,70.4,3.891,5174.35,,6.48,1489.1,2264.89,False,34875,8934.82,True,Less than 50k
5,2012-04-13,2012,2,4,351832.02999999997,70.56,3.891,1562.33,758.49,,206.0,1642.42,False,34875,4169.24,True,Less than 50k
5,2012-04-20,2012,2,4,330063.06,67.33,3.877,1197.53,225.78,3.0,247.94,1499.51,False,34875,3173.76,True,Less than 50k
5,2012-04-27,2012,2,4,324839.74,68.96,3.814,1127.44,,5.05,33.35,2598.67,False,34875,3764.51,True,Less than 50k
5,2012-05-04,2012,2,5,360932.69,77.1,3.749,6396.61,,83.63,1183.64,2813.83,False,34875,10477.71,True,Less than 50k
5,2012-05-11,2012,2,5,333870.52,73.45,3.688,4668.2,,42.75,709.19,1740.42,False,34875,7160.5599999999995,True,Less than 50k
5,2012-05-18,2012,2,5,336189.66,70.45,3.63,2639.05,,65.34,243.73,2119.63,False,34875,5067.75,True,Less than 50k
5,2012-05-25,2012,2,5,341994.48,78.23,3.561,3784.86,,431.99,225.2,2239.68,False,34875,6681.73,True,Less than 50k
5,2012-06-01,2012,2,6,359867.8,79.72,3.501,2840.78,,41.58,393.41,2114.0,False,34875,5389.77,True,Less than 50k
5,2012-06-08,2012,2,6,341704.59,81.02,3.452,4488.47,,0.24,231.16,1246.89,False,34875,5966.76,True,Less than 50k
5,2012-06-15,2012,2,6,327383.64,81.64,3.393,1911.02,0.95,0.04,570.11,1828.62,False,34875,4310.74,True,Less than 50k
5,2012-06-22,2012,2,6,325041.68,80.57,3.346,2046.93,8.8,,677.36,2762.83,False,34875,5495.92,True,Less than 50k
5,2012-06-29,2012,2,6,329658.1,87.08,3.286,1053.25,12.75,,113.8,1300.11,False,34875,2479.91,True,Less than 50k
5,2012-07-06,2012,3,7,341214.43,82.35,3.227,2592.37,2.65,52.06,914.36,2768.98,False,34875,6330.42,True,Less than 50k
5,2012-07-13,2012,3,7,316203.64,80.78,3.256,1471.06,1.0,12.0,889.18,798.44,False,34875,3171.68,True,Less than 50k
5,2012-07-20,2012,3,7,321205.12,81.05,3.311,964.82,13.48,3.39,278.93,1050.13,False,34875,2310.75,True,Less than 50k
5,2012-07-27,2012,3,7,306827.36,85.06,3.407,2696.67,7.75,0.36,3104.68,2152.23,False,34875,7961.6900000000005,True,Less than 50k
5,2012-08-03,2012,3,8,324195.17,86.91,3.417,7365.26,14.48,0.7,3640.7,2517.31,False,34875,13538.449999999999,True,Less than 50k
5,2012-08-10,2012,3,8,306759.7,86.96,3.494,3261.56,15.0,0.5,1687.13,2102.31,False,34875,7066.5,True,Less than 50k
5,2012-08-17,2012,3,8,314014.18,87.52,3.571,1649.56,,2.31,1955.75,1205.23,False,34875,4812.85,True,Less than 50k
5,2012-08-24,2012,3,8,320831.36,79.45,3.62,1985.37,68.0,4.54,627.6,1355.17,False,34875,4040.68,True,Less than 50k
5,2012-08-31,2012,3,8,344642.01,84.25,3.638,5211.69,49.0,13.0,2799.14,2740.48,False,34875,10813.31,True,Less than 50k
5,2012-09-07,2012,3,9,350648.91,86.3,3.73,2797.26,1.9,9.61,968.75,2069.3,True,34875,5846.820000000001,True,Less than 50k
5,2012-09-14,2012,3,9,299800.67,76.65,3.717,2027.18,4.0,4.55,1354.97,3535.01,False,34875,6925.71,True,Less than 50k
5,2012-09-21,2012,3,9,307306.76,71.09,3.721,3033.26,5.73,1.1,83.82,4579.05,False,34875,7702.960000000001,True,Less than 50k
5,2012-09-28,2012,3,9,310141.68,78.33,3.666,1279.39,,0.55,425.98,1492.6,False,34875,3198.52,True,Less than 50k
5,2012-10-05,2012,4,10,343048.29,71.17,3.617,2048.94,,6.02,1121.58,2070.87,False,34875,5247.41,True,Less than 50k
5,2012-10-12,2012,4,10,325345.41,66.24,3.601,1355.87,,4.0,453.98,3562.36,False,34875,5376.21,True,Less than 50k
5,2012-10-19,2012,4,10,313358.15,69.17,3.594,908.91,,,,709.95,False,34875,1618.8600000000001,True,Less than 50k
5,2012-10-26,2012,4,10,319550.77,71.7,3.506,1547.61,1.74,,133.31,598.74,False,34875,2281.3999999999996,True,Less than 50k
6,2010-02-05,2010,1,2,1652635.1,40.43,2.572,,,,,,False,202505,0.0,False,More than 200k
6,2010-02-12,2010,1,2,1606283.8599999999,40.57,2.548,,,,,,True,202505,0.0,False,More than 200k
6,2010-02-19,2010,1,2,1567138.07,43.58,2.514,,,,,,False,202505,0.0,False,More than 200k
6,2010-02-26,2010,1,2,1432953.21,47.1,2.561,,,,,,False,202505,0.0,False,More than 200k
6,2010-03-05,2010,1,3,1601348.82,49.63,2.625,,,,,,False,202505,0.0,False,More than 200k
6,2010-03-12,2010,1,3,1558621.36,58.82,2.667,,,,,,False,202505,0.0,False,More than 200k
6,2010-03-19,2010,1,3,1693058.91,56.55,2.72,,,,,,False,202505,0.0,False,More than 200k
6,2010-03-26,2010,1,3,1472033.38,53.74,2.732,,,,,,False,202505,0.0,False,More than 200k
6,2010-04-02,2010,2,4,1770333.9,64.94,2.719,,,,,,False,202505,0.0,False,More than 200k
6,2010-04-09,2010,2,4,1667181.82,66.15,2.77,,,,,,False,202505,0.0,False,More than 200k
6,2010-04-16,2010,2,4,1519846.36,65.68,2.808,,,,,,False,202505,0.0,False,More than 200k
6,2010-04-23,2010,2,4,1540435.99,64.11,2.795,,,,,,False,202505,0.0,False,More than 200k
6,2010-04-30,2010,2,4,1498080.16,68.91,2.78,,,,,,False,202505,0.0,False,More than 200k
6,2010-05-07,2010,2,5,1619920.04,73.68,2.835,,,,,,False,202505,0.0,False,More than 200k
6,2010-05-14,2010,2,5,1524059.4,74.95,2.854,,,,,,False,202505,0.0,False,More than 200k
6,2010-05-21,2010,2,5,1531938.44,74.8,2.826,,,,,,False,202505,0.0,False,More than 200k
6,2010-05-28,2010,2,5,1644470.66,78.89,2.759,,,,,,False,202505,0.0,False,More than 200k
6,2010-06-04,2010,2,6,1857380.09,79.44,2.705,,,,,,False,202505,0.0,False,More than 200k
6,2010-06-11,2010,2,6,1685652.35,81.81,2.668,,,,,,False,202505,0.0,False,More than 200k
6,2010-06-18,2010,2,6,1677248.24,83.89,2.637,,,,,,False,202505,0.0,False,More than 200k
6,2010-06-25,2010,2,6,1640681.88,84.2,2.653,,,,,,False,202505,0.0,False,More than 200k
6,2010-07-02,2010,3,7,1759777.25,80.34,2.669,,,,,,False,202505,0.0,False,More than 200k
6,2010-07-09,2010,3,7,1690317.99,80.93,2.642,,,,,,False,202505,0.0,False,More than 200k
6,2010-07-16,2010,3,7,1560120.8,83.75,2.623,,,,,,False,202505,0.0,False,More than 200k
6,2010-07-23,2010,3,7,1585240.92,83.9,2.608,,,,,,False,202505,0.0,False,More than 200k
6,2010-07-30,2010,3,7,1532308.78,81.37,2.64,,,,,,False,202505,0.0,False,More than 200k
6,2010-08-06,2010,3,8,1633241.59,86.61,2.627,,,,,,False,202505,0.0,False,More than 200k
6,2010-08-13,2010,3,8,1547654.98,86.83,2.692,,,,,,False,202505,0.0,False,More than 200k
6,2010-08-20,2010,3,8,1539930.5,87.36,2.664,,,,,,False,202505,0.0,False,More than 200k
6,2010-08-27,2010,3,8,1450766.1199999999,85.71,2.619,,,,,,False,202505,0.0,False,More than 200k
6,2010-09-03,2010,3,9,1510925.32,82.15,2.577,,,,,,False,202505,0.0,False,More than 200k
6,2010-09-10,2010,3,9,1424225.44,78.78,2.565,,,,,,True,202505,0.0,False,More than 200k
6,2010-09-17,2010,3,9,1308537.75,81.78,2.582,,,,,,False,202505,0.0,False,More than 200k
6,2010-09-24,2010,3,9,1275591.84,76.49,2.624,,,,,,False,202505,0.0,False,More than 200k
6,2010-10-01,2010,4,10,1328468.89,70.69,2.603,,,,,,False,202505,0.0,False,More than 200k
6,2010-10-08,2010,4,10,1360317.9,65.21,2.633,,,,,,False,202505,0.0,False,More than 200k
6,2010-10-15,2010,4,10,1344580.92,68.93,2.72,,,,,,False,202505,0.0,False,More than 200k
6,2010-10-22,2010,4,10,1332716.53,70.97,2.725,,,,,,False,202505,0.0,False,More than 200k
6,2010-10-29,2010,4,10,1385323.7,70.39,2.716,,,,,,False,202505,0.0,False,More than 200k
6,2010-11-05,2010,4,11,1505442.15,59.9,2.689,,,,,,False,202505,0.0,False,More than 200k
6,2010-11-12,2010,4,11,1495536.46,62.11,2.728,,,,,,False,202505,0.0,False,More than 200k
6,2010-11-19,2010,4,11,1518841.45,52.99,2.771,,,,,,False,202505,0.0,False,More than 200k
6,2010-11-26,2010,4,11,2267452.4,65.79,2.735,,,,,,True,202505,0.0,False,More than 200k
6,2010-12-03,2010,4,12,1677067.24,52.3,2.708,,,,,,False,202505,0.0,False,More than 200k
6,2010-12-10,2010,4,12,1834737.58,48.46,2.843,,,,,,False,202505,0.0,False,More than 200k
6,2010-12-17,2010,4,12,2090268.95,52.24,2.869,,,,,,False,202505,0.0,False,More than 200k
6,2010-12-24,2010,4,12,2727575.18,55.07,2.886,,,,,,False,202505,0.0,False,More than 200k
6,2010-12-31,2010,4,12,1464050.02,49.14,2.943,,,,,,True,202505,0.0,False,More than 200k
6,2011-01-07,2011,1,1,1350441.68,47.78,2.976,,,,,,False,202505,0.0,False,More than 200k
6,2011-01-14,2011,1,1,1306194.55,38.37,2.983,,,,,,False,202505,0.0,False,More than 200k
6,2011-01-21,2011,1,1,1261253.18,46.2,3.016,,,,,,False,202505,0.0,False,More than 200k
6,2011-01-28,2011,1,1,1287034.7,44.98,3.01,,,,,,False,202505,0.0,False,More than 200k
6,2011-02-04,2011,1,2,1514999.17,40.59,2.989,,,,,,False,202505,0.0,False,More than 200k
6,2011-02-11,2011,1,2,1486920.17,39.38,3.022,,,,,,True,202505,0.0,False,More than 200k
6,2011-02-18,2011,1,2,1572117.54,59.61,3.045,,,,,,False,202505,0.0,False,More than 200k
6,2011-02-25,2011,1,2,1422600.43,62.86,3.065,,,,,,False,202505,0.0,False,More than 200k
6,2011-03-04,2011,1,3,1502617.99,60.45,3.288,,,,,,False,202505,0.0,False,More than 200k
6,2011-03-11,2011,1,3,1494497.3900000001,57.71,3.459,,,,,,False,202505,0.0,False,More than 200k
6,2011-03-18,2011,1,3,1685375.47,65.07,3.488,,,,,,False,202505,0.0,False,More than 200k
6,2011-03-25,2011,1,3,1438465.81,70.83,3.473,,,,,,False,202505,0.0,False,More than 200k
6,2011-04-01,2011,2,4,1459276.77,62.25,3.524,,,,,,False,202505,0.0,False,More than 200k
6,2011-04-08,2011,2,4,1534594.0,70.35,3.622,,,,,,False,202505,0.0,False,More than 200k
6,2011-04-15,2011,2,4,1448797.02,73.17,3.743,,,,,,False,202505,0.0,False,More than 200k
6,2011-04-22,2011,2,4,1639358.93,74.24,3.807,,,,,,False,202505,0.0,False,More than 200k
6,2011-04-29,2011,2,4,1479249.9,75.27,3.81,,,,,,False,202505,0.0,False,More than 200k
6,2011-05-06,2011,2,5,1504651.57,65.42,3.906,,,,,,False,202505,0.0,False,More than 200k
6,2011-05-13,2011,2,5,1453185.65,76.95,3.899,,,,,,False,202505,0.0,False,More than 200k
6,2011-05-20,2011,2,5,1382783.83,72.01,3.907,,,,,,False,202505,0.0,False,More than 200k
6,2011-05-27,2011,2,5,1523979.11,80.83,3.786,,,,,,False,202505,0.0,False,More than 200k
6,2011-06-03,2011,2,6,1705506.29,84.01,3.699,,,,,,False,202505,0.0,False,More than 200k
6,2011-06-10,2011,2,6,1598643.65,84.49,3.648,,,,,,False,202505,0.0,False,More than 200k
6,2011-06-17,2011,2,6,1622150.33,87.08,3.637,,,,,,False,202505,0.0,False,More than 200k
6,2011-06-24,2011,2,6,1543365.9000000001,85.51,3.594,,,,,,False,202505,0.0,False,More than 200k
6,2011-07-01,2011,3,7,1694551.15,87.0,3.524,,,,,,False,202505,0.0,False,More than 200k
6,2011-07-08,2011,3,7,1709373.62,88.36,3.48,,,,,,False,202505,0.0,False,More than 200k
6,2011-07-15,2011,3,7,1526801.24,88.93,3.575,,,,,,False,202505,0.0,False,More than 200k
6,2011-07-22,2011,3,7,1526506.08,88.06,3.651,,,,,,False,202505,0.0,False,More than 200k
6,2011-07-29,2011,3,7,1483991.05,90.22,3.682,,,,,,False,202505,0.0,False,More than 200k
6,2011-08-05,2011,3,8,1601584.57,91.46,3.684,,,,,,False,202505,0.0,False,More than 200k
6,2011-08-12,2011,3,8,1484995.38,90.49,3.638,,,,,,False,202505,0.0,False,More than 200k
6,2011-08-19,2011,3,8,1493544.04,89.26,3.554,,,,,,False,202505,0.0,False,More than 200k
6,2011-08-26,2011,3,8,1420405.41,90.07,3.523,,,,,,False,202505,0.0,False,More than 200k
6,2011-09-02,2011,3,9,1481618.74,91.22,3.533,,,,,,False,202505,0.0,False,More than 200k
6,2011-09-09,2011,3,9,1483574.38,80.21,3.546,,,,,,True,202505,0.0,False,More than 200k
6,2011-09-16,2011,3,9,1351407.79,84.94,3.526,,,,,,False,202505,0.0,False,More than 200k
6,2011-09-23,2011,3,9,1336044.75,78.49,3.467,,,,,,False,202505,0.0,False,More than 200k
6,2011-09-30,2011,3,9,1307551.92,82.51,3.355,,,,,,False,202505,0.0,False,More than 200k
6,2011-10-07,2011,4,10,1481739.2,74.1,3.285,,,,,,False,202505,0.0,False,More than 200k
6,2011-10-14,2011,4,10,1386520.99,71.24,3.274,,,,,,False,202505,0.0,False,More than 200k
6,2011-10-21,2011,4,10,1417922.3699999999,68.53,3.353,,,,,,False,202505,0.0,False,More than 200k
6,2011-10-28,2011,4,10,1419445.12,69.51,3.372,,,,,,False,202505,0.0,False,More than 200k
6,2011-11-04,2011,4,11,1523420.38,58.54,3.332,,,,,,False,202505,0.0,False,More than 200k
6,2011-11-11,2011,4,11,1536176.54,61.33,3.297,12590.41,2173.66,123.2,3108.55,5416.96,False,202505,23412.78,True,More than 200k
6,2011-11-18,2011,4,11,1524390.07,63.89,3.308,4649.8,304.36,205.38,687.88,7949.26,False,202505,13796.68,True,More than 200k
6,2011-11-25,2011,4,11,2249811.55,62.78,3.236,429.03,171.88,83192.81,15.0,986.23,True,202505,84794.95,True,More than 200k
6,2011-12-02,2011,4,12,1688531.34,51.18,3.172,6264.18,74.94,2885.14,3904.82,27272.53,False,202505,40401.61,True,More than 200k
6,2011-12-09,2011,4,12,1903385.14,43.64,3.158,5473.33,42.0,282.45,4436.51,11311.24,False,202505,21545.53,True,More than 200k
6,2011-12-16,2011,4,12,2034695.56,53.27,3.159,7070.01,27.0,603.98,508.56,4788.85,False,202505,12998.4,True,More than 200k
6,2011-12-23,2011,4,12,2644633.02,49.45,3.112,2143.54,55.54,1417.2,23.41,5336.5,False,202505,8976.189999999999,True,More than 200k
6,2011-12-30,2011,4,12,1598080.52,46.8,3.129,6098.54,82881.16,326.68,814.58,2728.99,True,202505,92849.95,True,More than 200k
6,2012-01-06,2012,1,1,1395339.71,50.82,3.157,3220.17,32056.43,108.24,985.76,6650.63,False,202505,43021.229999999996,True,More than 200k
6,2012-01-13,2012,1,1,1344243.17,48.33,3.261,4779.48,11967.81,65.72,575.13,4512.18,False,202505,21900.320000000003,True,More than 200k
6,2012-01-20,2012,1,1,1326255.7,55.37,3.268,3413.91,1540.99,33.02,449.06,6587.63,False,202505,12024.61,True,More than 200k
6,2012-01-27,2012,1,1,1315610.66,53.95,3.29,1510.59,630.92,37.1,17.0,2641.9,False,202505,4837.51,True,More than 200k
6,2012-02-03,2012,1,2,1496305.78,57.45,3.36,36848.38,1772.68,161.55,28199.34,7151.33,False,202505,74133.28,True,More than 200k
6,2012-02-10,2012,1,2,1620603.92,48.58,3.409,12635.19,5694.76,68.45,8976.17,6779.43,True,202505,34154.0,True,More than 200k
6,2012-02-17,2012,1,2,1632616.09,49.03,3.51,13182.32,15299.89,12.82,6129.29,7603.05,False,202505,42227.37,True,More than 200k
6,2012-02-24,2012,1,2,1465187.71,59.17,3.555,9198.08,8878.31,10.6,642.13,5539.68,False,202505,24268.8,True,More than 200k
6,2012-03-02,2012,1,3,1550385.65,60.32,3.63,20243.99,618.72,14.35,9687.4,4968.92,False,202505,35533.38,True,More than 200k
6,2012-03-09,2012,1,3,1569304.4,57.89,3.669,7731.19,445.6,4.19,446.42,5729.67,False,202505,14357.07,True,More than 200k
6,2012-03-16,2012,1,3,1748010.29,62.8,3.734,7034.05,103.68,4.59,2231.64,2062.04,False,202505,11436.0,True,More than 200k
6,2012-03-23,2012,1,3,1495143.62,63.71,3.787,4928.84,57.72,10.95,664.8,3968.26,False,202505,9630.57,True,More than 200k
6,2012-03-30,2012,1,3,1508933.26,67.91,3.845,12063.62,6.78,16.5,1859.67,3535.25,False,202505,17481.82,True,More than 200k
6,2012-04-06,2012,2,4,1840131.19,71.6,3.891,9199.63,,24.6,4044.88,4314.27,False,202505,17583.38,True,More than 200k
6,2012-04-13,2012,2,4,1616394.45,71.29,3.891,4634.18,6968.14,18.04,1544.21,2875.46,False,202505,16040.029999999999,True,More than 200k
6,2012-04-20,2012,2,4,1456073.24,68.64,3.877,2326.27,2591.86,14.79,81.42,3663.48,False,202505,8677.82,True,More than 200k
6,2012-04-27,2012,2,4,1456221.1,71.5,3.814,2564.41,1.49,15.54,9.94,2556.36,False,202505,5147.74,True,More than 200k
6,2012-05-04,2012,2,5,1543461.12,77.66,3.749,13643.53,266.0,117.27,5455.98,2773.56,False,202505,22256.34,True,More than 200k
6,2012-05-11,2012,2,5,1517075.67,72.66,3.688,10658.74,,133.22,3312.9,9700.64,False,202505,23805.5,True,More than 200k
6,2012-05-18,2012,2,5,1513635.64,70.5,3.63,6414.56,,52.03,495.43,2991.72,False,202505,9953.74,True,More than 200k
6,2012-05-25,2012,2,5,1603793.42,78.47,3.561,7694.17,,945.23,1331.9,4852.27,False,202505,14823.57,True,More than 200k
6,2012-06-01,2012,2,6,1681121.38,80.39,3.501,8267.68,16.0,441.83,1904.81,3517.55,False,202505,14147.869999999999,True,More than 200k
6,2012-06-08,2012,2,6,1696619.52,80.5,3.452,11150.2,188.6,63.7,859.54,6294.81,False,202505,18556.850000000002,True,More than 200k
6,2012-06-15,2012,2,6,1642247.48,82.1,3.393,7041.68,276.35,350.16,3373.11,5325.58,False,202505,16366.880000000001,True,More than 200k
6,2012-06-22,2012,2,6,1618272.25,81.2,3.346,7253.03,312.35,160.51,3024.57,6806.11,False,202505,17556.57,True,More than 200k
6,2012-06-29,2012,2,6,1648863.46,87.35,3.286,3997.4,231.9,,262.44,4182.9,False,202505,8674.64,True,More than 200k
6,2012-07-06,2012,3,7,1876359.39,82.95,3.227,6087.24,254.9,205.95,3655.34,5715.69,False,202505,15919.119999999999,True,More than 200k
6,2012-07-13,2012,3,7,1588142.26,80.27,3.256,8413.69,113.45,39.42,5516.18,2724.98,False,202505,16807.72,True,More than 200k
6,2012-07-20,2012,3,7,1574361.97,81.57,3.311,3762.14,148.95,18.43,3197.56,7560.36,False,202505,14687.439999999999,True,More than 200k
6,2012-07-27,2012,3,7,1513229.16,85.78,3.407,7017.6,203.26,8.11,17151.91,3340.02,False,202505,27720.9,True,More than 200k
6,2012-08-03,2012,3,8,1627274.93,87.55,3.417,31765.22,141.14,19.13,15925.51,6069.02,False,202505,53920.020000000004,True,More than 200k
6,2012-08-10,2012,3,8,1588380.73,87.04,3.494,5750.2,187.04,5.21,3920.14,7505.63,False,202505,17368.22,True,More than 200k
6,2012-08-17,2012,3,8,1543049.52,87.53,3.571,5433.03,171.64,0.01,4968.35,4940.37,False,202505,15513.400000000001,True,More than 200k
6,2012-08-24,2012,3,8,1501095.49,79.03,3.62,5492.77,103.36,50.0,5268.21,6277.08,False,202505,17191.42,True,More than 200k
6,2012-08-31,2012,3,8,1577439.81,83.58,3.638,21801.35,111.57,16.74,15675.98,4002.59,False,202505,41608.229999999996,True,More than 200k
6,2012-09-07,2012,3,9,1608077.01,86.33,3.73,14105.12,47.96,24.6,3040.62,3558.18,True,202505,20776.48,True,More than 200k
6,2012-09-14,2012,3,9,1375166.86,76.41,3.717,11072.87,22.0,6.01,3871.46,9997.93,False,202505,24970.27,True,More than 200k
6,2012-09-21,2012,3,9,1425603.65,70.81,3.721,8735.97,3.82,6.15,855.06,9092.57,False,202505,18693.57,True,More than 200k
6,2012-09-28,2012,3,9,1369131.46,77.82,3.666,4181.54,7.64,1.65,1952.69,2447.92,False,202505,8591.44,True,More than 200k
6,2012-10-05,2012,4,10,1518177.71,70.84,3.617,9663.09,,40.93,3720.0,5941.24,False,202505,19365.260000000002,True,More than 200k
6,2012-10-12,2012,4,10,1459396.84,65.43,3.601,1905.34,,13.83,559.5,8706.87,False,202505,11185.54,True,More than 200k
6,2012-10-19,2012,4,10,1436883.99,69.68,3.594,1476.45,,3.1,31.32,4080.57,False,202505,5591.4400000000005,True,More than 200k
6,2012-10-26,2012,4,10,1431426.34,72.34,3.506,6827.59,53.07,,319.25,1881.27,False,202505,9081.18,True,More than 200k
7,2010-02-05,2010,1,2,496725.44,10.53,2.58,,,,,,False,70713,0.0,False,Between 50k and 100k
7,2010-02-12,2010,1,2,524104.92,25.9,2.572,,,,,,True,70713,0.0,False,Between 50k and 100k
7,2010-02-19,2010,1,2,506760.54000000004,27.28,2.55,,,,,,False,70713,0.0,False,Between 50k and 100k
7,2010-02-26,2010,1,2,496083.24,24.91,2.586,,,,,,False,70713,0.0,False,Between 50k and 100k
7,2010-03-05,2010,1,3,491419.55000000005,35.86,2.62,,,,,,False,70713,0.0,False,Between 50k and 100k
7,2010-03-12,2010,1,3,480452.1,27.25,2.684,,,,,,False,70713,0.0,False,Between 50k and 100k
7,2010-03-19,2010,1,3,574450.23,29.04,2.692,,,,,,False,70713,0.0,False,Between 50k and 100k
7,2010-03-26,2010,1,3,514731.60000000003,23.33,2.717,,,,,,False,70713,0.0,False,Between 50k and 100k
7,2010-04-02,2010,2,4,561145.14,38.26,2.725,,,,,,False,70713,0.0,False,Between 50k and 100k
7,2010-04-09,2010,2,4,484263.25,33.79,2.75,,,,,,False,70713,0.0,False,Between 50k and 100k
7,2010-04-16,2010,2,4,406228.19,41.89,2.765,,,,,,False,70713,0.0,False,Between 50k and 100k
7,2010-04-23,2010,2,4,404751.25,43.07,2.776,,,,,,False,70713,0.0,False,Between 50k and 100k
7,2010-04-30,2010,2,4,373655.61,38.99,2.766,,,,,,False,70713,0.0,False,Between 50k and 100k
7,2010-05-07,2010,2,5,395453.83,40.07,2.771,,,,,,False,70713,0.0,False,Between 50k and 100k
7,2010-05-14,2010,2,5,372673.61,41.41,2.788,,,,,,False,70713,0.0,False,Between 50k and 100k
7,2010-05-21,2010,2,5,395195.65,46.6,2.776,,,,,,False,70713,0.0,False,Between 50k and 100k
7,2010-05-28,2010,2,5,442734.55,54.24,2.737,,,,,,False,70713,0.0,False,Between 50k and 100k
7,2010-06-04,2010,2,6,509183.22000000003,53.63,2.7,,,,,,False,70713,0.0,False,Between 50k and 100k
7,2010-06-11,2010,2,6,498580.87,63.59,2.684,,,,,,False,70713,0.0,False,Between 50k and 100k
7,2010-06-18,2010,2,6,481144.09,52.7,2.674,,,,,,False,70713,0.0,False,Between 50k and 100k
7,2010-06-25,2010,2,6,553714.87,59.94,2.715,,,,,,False,70713,0.0,False,Between 50k and 100k
7,2010-07-02,2010,3,7,575570.77,61.31,2.728,,,,,,False,70713,0.0,False,Between 50k and 100k
7,2010-07-09,2010,3,7,593462.34,58.0,2.711,,,,,,False,70713,0.0,False,Between 50k and 100k
7,2010-07-16,2010,3,7,557166.35,62.19,2.699,,,,,,False,70713,0.0,False,Between 50k and 100k
7,2010-07-23,2010,3,7,570231.21,64.64,2.691,,,,,,False,70713,0.0,False,Between 50k and 100k
7,2010-07-30,2010,3,7,603547.16,66.07,2.69,,,,,,False,70713,0.0,False,Between 50k and 100k
7,2010-08-06,2010,3,8,643854.17,61.7,2.69,,,,,,False,70713,0.0,False,Between 50k and 100k
7,2010-08-13,2010,3,8,598185.4,60.13,2.723,,,,,,False,70713,0.0,False,Between 50k and 100k
7,2010-08-20,2010,3,8,582353.17,59.59,2.732,,,,,,False,70713,0.0,False,Between 50k and 100k
7,2010-08-27,2010,3,8,554309.24,57.57,2.731,,,,,,False,70713,0.0,False,Between 50k and 100k
7,2010-09-03,2010,3,9,532765.05,49.84,2.773,,,,,,False,70713,0.0,False,Between 50k and 100k
7,2010-09-10,2010,3,9,535769.32,48.5,2.78,,,,,,True,70713,0.0,False,Between 50k and 100k
7,2010-09-17,2010,3,9,489408.53,48.56,2.8,,,,,,False,70713,0.0,False,Between 50k and 100k
7,2010-09-24,2010,3,9,488008.83,47.55,2.793,,,,,,False,70713,0.0,False,Between 50k and 100k
7,2010-10-01,2010,4,10,448998.73,49.99,2.759,,,,,,False,70713,0.0,False,Between 50k and 100k
7,2010-10-08,2010,4,10,480239.88,44.13,2.745,,,,,,False,70713,0.0,False,Between 50k and 100k
7,2010-10-15,2010,4,10,463370.48,35.86,2.762,,,,,,False,70713,0.0,False,Between 50k and 100k
7,2010-10-22,2010,4,10,472450.81,36.84,2.762,,,,,,False,70713,0.0,False,Between 50k and 100k
7,2010-10-29,2010,4,10,465493.15,34.78,2.748,,,,,,False,70713,0.0,False,Between 50k and 100k
7,2010-11-05,2010,4,11,480512.44,49.44,2.729,,,,,,False,70713,0.0,False,Between 50k and 100k
7,2010-11-12,2010,4,11,507584.29,22.12,2.737,,,,,,False,70713,0.0,False,Between 50k and 100k
7,2010-11-19,2010,4,11,482528.36,25.56,2.758,,,,,,False,70713,0.0,False,Between 50k and 100k
7,2010-11-26,2010,4,11,835189.26,17.95,2.742,,,,,,True,70713,0.0,False,Between 50k and 100k
7,2010-12-03,2010,4,12,552811.62,21.88,2.712,,,,,,False,70713,0.0,False,Between 50k and 100k
7,2010-12-10,2010,4,12,599730.07,24.24,2.728,,,,,,False,70713,0.0,False,Between 50k and 100k
7,2010-12-17,2010,4,12,716388.81,20.74,2.778,,,,,,False,70713,0.0,False,Between 50k and 100k
7,2010-12-24,2010,4,12,1045124.88,26.04,2.781,,,,,,False,70713,0.0,False,Between 50k and 100k
7,2010-12-31,2010,4,12,729572.08,13.76,2.829,,,,,,True,70713,0.0,False,Between 50k and 100k
7,2011-01-07,2011,1,1,661163.9400000001,10.09,2.882,,,,,,False,70713,0.0,False,Between 50k and 100k
7,2011-01-14,2011,1,1,547384.9,11.32,2.911,,,,,,False,70713,0.0,False,Between 50k and 100k
7,2011-01-21,2011,1,1,521539.46,25.4,2.973,,,,,,False,70713,0.0,False,Between 50k and 100k
7,2011-01-28,2011,1,1,513372.17,10.11,3.008,,,,,,False,70713,0.0,False,Between 50k and 100k
7,2011-02-04,2011,1,2,558027.77,-2.06,3.011,,,,,,False,70713,0.0,False,Between 50k and 100k
7,2011-02-11,2011,1,2,559903.13,10.24,3.037,,,,,,True,70713,0.0,False,Between 50k and 100k
7,2011-02-18,2011,1,2,572387.47,17.3,3.051,,,,,,False,70713,0.0,False,Between 50k and 100k
7,2011-02-25,2011,1,2,546690.84,17.46,3.101,,,,,,False,70713,0.0,False,Between 50k and 100k
7,2011-03-04,2011,1,3,551378.39,21.84,3.232,,,,,,False,70713,0.0,False,Between 50k and 100k
7,2011-03-11,2011,1,3,558963.8300000001,20.7,3.372,,,,,,False,70713,0.0,False,Between 50k and 100k
7,2011-03-18,2011,1,3,635014.6900000001,27.69,3.406,,,,,,False,70713,0.0,False,Between 50k and 100k
7,2011-03-25,2011,1,3,559061.58,25.69,3.414,,,,,,False,70713,0.0,False,Between 50k and 100k
7,2011-04-01,2011,2,4,513409.67,24.83,3.461,,,,,,False,70713,0.0,False,Between 50k and 100k
7,2011-04-08,2011,2,4,500552.16,30.64,3.532,,,,,,False,70713,0.0,False,Between 50k and 100k
7,2011-04-15,2011,2,4,423380.14,27.79,3.611,,,,,,False,70713,0.0,False,Between 50k and 100k
7,2011-04-22,2011,2,4,466594.89,31.84,3.636,,,,,,False,70713,0.0,False,Between 50k and 100k
7,2011-04-29,2011,2,4,410429.73,26.79,3.663,,,,,,False,70713,0.0,False,Between 50k and 100k
7,2011-05-06,2011,2,5,407012.47,26.54,3.735,,,,,,False,70713,0.0,False,Between 50k and 100k
7,2011-05-13,2011,2,5,414094.05,36.61,3.767,,,,,,False,70713,0.0,False,Between 50k and 100k
7,2011-05-20,2011,2,5,424670.98,36.16,3.828,,,,,,False,70713,0.0,False,Between 50k and 100k
7,2011-05-27,2011,2,5,457216.87,37.51,3.795,,,,,,False,70713,0.0,False,Between 50k and 100k
7,2011-06-03,2011,2,6,542295.37,45.77,3.763,,,,,,False,70713,0.0,False,Between 50k and 100k
7,2011-06-10,2011,2,6,621099.95,53.3,3.735,,,,,,False,70713,0.0,False,Between 50k and 100k
7,2011-06-17,2011,2,6,610991.35,48.79,3.697,,,,,,False,70713,0.0,False,Between 50k and 100k
7,2011-06-24,2011,2,6,640043.97,46.85,3.661,,,,,,False,70713,0.0,False,Between 50k and 100k
7,2011-07-01,2011,3,7,704344.21,58.54,3.597,,,,,,False,70713,0.0,False,Between 50k and 100k
7,2011-07-08,2011,3,7,761793.94,59.08,3.54,,,,,,False,70713,0.0,False,Between 50k and 100k
7,2011-07-15,2011,3,7,642748.21,54.37,3.532,,,,,,False,70713,0.0,False,Between 50k and 100k
7,2011-07-22,2011,3,7,688043.96,56.22,3.545,,,,,,False,70713,0.0,False,Between 50k and 100k
7,2011-07-29,2011,3,7,653382.62,56.66,3.547,,,,,,False,70713,0.0,False,Between 50k and 100k
7,2011-08-05,2011,3,8,695392.84,55.91,3.554,,,,,,False,70713,0.0,False,Between 50k and 100k
7,2011-08-12,2011,3,8,670670.46,54.56,3.542,,,,,,False,70713,0.0,False,Between 50k and 100k
7,2011-08-19,2011,3,8,645156.21,56.06,3.499,,,,,,False,70713,0.0,False,Between 50k and 100k
7,2011-08-26,2011,3,8,629994.47,57.6,3.485,,,,,,False,70713,0.0,False,Between 50k and 100k
7,2011-09-02,2011,3,9,592355.24,53.4,3.511,,,,,,False,70713,0.0,False,Between 50k and 100k
7,2011-09-09,2011,3,9,613135.23,45.61,3.566,,,,,,True,70713,0.0,False,Between 50k and 100k
7,2011-09-16,2011,3,9,558981.45,43.67,3.596,,,,,,False,70713,0.0,False,Between 50k and 100k
7,2011-09-23,2011,3,9,536144.81,43.67,3.581,,,,,,False,70713,0.0,False,Between 50k and 100k
7,2011-09-30,2011,3,9,488880.26,47.34,3.538,,,,,,False,70713,0.0,False,Between 50k and 100k
7,2011-10-07,2011,4,10,525866.36,40.65,3.498,,,,,,False,70713,0.0,False,Between 50k and 100k
7,2011-10-14,2011,4,10,501959.19,32.65,3.491,,,,,,False,70713,0.0,False,Between 50k and 100k
7,2011-10-21,2011,4,10,558691.4299999999,37.49,3.548,,,,,,False,70713,0.0,False,Between 50k and 100k
7,2011-10-28,2011,4,10,527339.52,28.82,3.55,,,,,,False,70713,0.0,False,Between 50k and 100k
7,2011-11-04,2011,4,11,564536.01,23.41,3.527,,,,,,False,70713,0.0,False,Between 50k and 100k
7,2011-11-11,2011,4,11,556015.59,19.53,3.505,3307.6,1431.65,143.06,1330.31,1680.9,False,70713,7893.52,True,Between 50k and 100k
7,2011-11-18,2011,4,11,539826.56,29.53,3.479,3221.47,1229.96,7.35,494.15,3947.57,False,70713,8900.5,True,Between 50k and 100k
7,2011-11-25,2011,4,11,949075.87,27.6,3.424,35.94,6.47,41487.59,12.0,905.95,True,70713,42447.95,True,Between 50k and 100k
7,2011-12-02,2011,4,12,591907.88,20.38,3.378,2229.32,6.47,738.42,1630.88,11534.89,False,70713,16139.98,True,Between 50k and 100k
7,2011-12-09,2011,4,12,653845.45,11.17,3.331,3393.21,,94.93,589.44,3067.9,False,70713,7145.48,True,Between 50k and 100k
7,2011-12-16,2011,4,12,720242.1900000001,15.2,3.266,2089.28,0.09,168.73,439.97,1899.74,False,70713,4597.81,True,Between 50k and 100k
7,2011-12-23,2011,4,12,1059715.27,12.19,3.173,519.82,0.15,483.1,41.51,1313.38,False,70713,2357.96,True,Between 50k and 100k
7,2011-12-30,2011,4,12,815915.52,15.56,3.119,2026.82,17021.3,113.19,144.93,1178.13,True,70713,20484.37,True,Between 50k and 100k
7,2012-01-06,2012,1,1,713117.66,18.67,3.095,2373.44,11519.36,7.26,162.72,4504.47,False,70713,18567.25,True,Between 50k and 100k
7,2012-01-13,2012,1,1,593875.46,7.46,3.077,3167.26,5926.48,0.54,191.84,1415.69,False,70713,10701.810000000001,True,Between 50k and 100k
7,2012-01-20,2012,1,1,578002.85,27.41,3.055,1967.73,2791.5,0.73,213.86,4297.27,False,70713,9271.09,True,Between 50k and 100k
7,2012-01-27,2012,1,1,541037.98,26.9,3.038,747.21,559.46,,47.0,2332.92,False,70713,3686.59,True,Between 50k and 100k
7,2012-02-03,2012,1,2,580453.32,22.2,3.031,56917.7,1839.82,4.53,16241.73,2414.97,False,70713,77418.75,True,Between 50k and 100k
7,2012-02-10,2012,1,2,563460.77,18.79,3.103,13100.37,3096.6,1.73,4854.7,6266.04,True,70713,27319.440000000002,True,Between 50k and 100k
7,2012-02-17,2012,1,2,620908.1799999999,27.03,3.113,5453.54,4918.31,1.88,1838.98,5303.89,False,70713,17516.6,True,Between 50k and 100k
7,2012-02-24,2012,1,2,603041.14,24.41,3.129,10170.57,4331.71,93.06,2699.15,3456.7,False,70713,20751.19,True,Between 50k and 100k
7,2012-03-02,2012,1,3,551058.13,21.64,3.191,41848.34,2326.08,139.2,15505.0,1348.86,False,70713,61167.479999999996,True,Between 50k and 100k
7,2012-03-09,2012,1,3,579166.5,30.1,3.286,12144.9,1178.96,2.18,996.02,2221.16,False,70713,16543.22,True,Between 50k and 100k
7,2012-03-16,2012,1,3,669205.73,37.29,3.486,2980.91,3.28,2.55,3440.61,1127.01,False,70713,7554.360000000001,True,Between 50k and 100k
7,2012-03-23,2012,1,3,615997.29,35.06,3.664,8458.87,,3.84,293.35,1493.28,False,70713,10249.340000000002,True,Between 50k and 100k
7,2012-03-30,2012,1,3,583322.2,44.99,3.75,8460.02,2.4,9.25,385.22,1666.6,False,70713,10523.49,True,Between 50k and 100k
7,2012-04-06,2012,2,4,621425.98,44.29,3.854,7550.89,,21.98,1156.2,3500.91,False,70713,12229.98,True,Between 50k and 100k
7,2012-04-13,2012,2,4,517420.23,41.43,3.901,1662.2,1555.57,15.47,776.66,1377.63,False,70713,5387.53,True,Between 50k and 100k
7,2012-04-20,2012,2,4,457340.06,39.3,3.936,2114.64,863.38,14.21,549.62,1509.05,False,70713,5050.9,True,Between 50k and 100k
7,2012-04-27,2012,2,4,467827.75,51.49,3.927,819.48,,45.94,49.82,1209.89,False,70713,2125.13,True,Between 50k and 100k
7,2012-05-04,2012,2,5,465198.89,45.38,3.903,6018.32,,69.97,1590.01,1521.53,False,70713,9199.83,True,Between 50k and 100k
7,2012-05-11,2012,2,5,460397.41,48.54,3.87,24426.8,,4.8,402.53,2012.64,False,70713,26846.769999999997,True,Between 50k and 100k
7,2012-05-18,2012,2,5,468428.3,49.41,3.837,3225.22,,24.83,508.1,1897.92,False,70713,5656.07,True,Between 50k and 100k
7,2012-05-25,2012,2,5,532739.77,50.6,3.804,5126.54,,90.05,483.27,2236.31,False,70713,7936.17,True,Between 50k and 100k
7,2012-06-01,2012,2,6,598495.02,55.06,3.764,2427.12,,98.67,1349.72,2112.74,False,70713,5988.25,True,Between 50k and 100k
7,2012-06-08,2012,2,6,642963.75,63.07,3.741,3729.69,76.6,0.12,444.64,3495.06,False,70713,7746.110000000001,True,Between 50k and 100k
7,2012-06-15,2012,2,6,666942.02,59.33,3.723,16717.38,119.4,0.65,677.29,1144.07,False,70713,18658.790000000005,True,Between 50k and 100k
7,2012-06-22,2012,2,6,687344.68,63.69,3.735,12407.71,352.1,0.09,1239.04,1533.86,False,70713,15532.8,True,Between 50k and 100k
7,2012-06-29,2012,2,6,704335.41,68.84,3.693,1246.74,425.6,,42.0,1200.17,False,70713,2914.51,True,Between 50k and 100k
7,2012-07-06,2012,3,7,805642.61,64.67,3.646,2779.97,326.2,5.07,2112.68,1548.33,False,70713,6772.25,True,Between 50k and 100k
7,2012-07-13,2012,3,7,694150.89,64.21,3.613,1562.86,85.7,0.35,424.66,57029.78,False,70713,59103.35,True,Between 50k and 100k
7,2012-07-20,2012,3,7,686345.69,62.87,3.585,1182.59,114.37,11.37,198.49,2423.07,False,70713,3929.8900000000003,True,Between 50k and 100k
7,2012-07-27,2012,3,7,686365.4,64.6,3.57,1064.81,688.66,3.45,1264.45,2007.5,False,70713,5028.87,True,Between 50k and 100k
7,2012-08-03,2012,3,8,680954.8099999999,61.83,3.528,9468.47,109.88,2.88,8606.99,1605.62,False,70713,19793.839999999997,True,Between 50k and 100k
7,2012-08-10,2012,3,8,675926.3,63.41,3.509,4032.28,26.2,55.79,2124.61,960.59,False,70713,7199.470000000001,True,Between 50k and 100k
7,2012-08-17,2012,3,8,642450.4,59.66,3.545,1266.82,34.6,46.86,1649.91,1421.44,False,70713,4419.629999999999,True,Between 50k and 100k
7,2012-08-24,2012,3,8,609099.37,59.27,3.558,2534.52,19.6,1.86,1627.26,3915.85,False,70713,8099.09,True,Between 50k and 100k
7,2012-08-31,2012,3,8,586467.16,60.46,3.556,6246.07,9.0,16.35,2482.01,1225.36,False,70713,9978.79,True,Between 50k and 100k
7,2012-09-07,2012,3,9,597876.5499999999,57.84,3.596,5069.74,,10.15,817.15,2158.82,True,70713,8055.859999999999,True,Between 50k and 100k
7,2012-09-14,2012,3,9,541120.2,53.66,3.659,3180.52,,5.03,709.04,5384.1,False,70713,9278.69,True,Between 50k and 100k
7,2012-09-21,2012,3,9,530842.25,51.77,3.765,4113.14,12.0,3.0,344.2,4693.52,False,70713,9165.86,True,Between 50k and 100k
7,2012-09-28,2012,3,9,525545.76,50.64,3.789,3735.2,6.91,4.5,917.2,1793.35,False,70713,6457.16,True,Between 50k and 100k
7,2012-10-05,2012,4,10,505830.56,48.43,3.779,2955.56,,9.9,2240.78,1324.84,False,70713,6531.08,True,Between 50k and 100k
7,2012-10-12,2012,4,10,503463.93,41.43,3.76,302.62,,3.72,375.75,514.23,False,70713,1196.3200000000002,True,Between 50k and 100k
7,2012-10-19,2012,4,10,516424.83,43.01,3.75,2034.63,,0.5,298.55,4163.41,False,70713,6497.09,True,Between 50k and 100k
7,2012-10-26,2012,4,10,495543.27999999997,42.53,3.686,2818.42,24.03,2.97,343.26,1064.56,False,70713,4253.24,True,Between 50k and 100k
8,2010-02-05,2010,1,2,1004137.09,34.14,2.572,,,,,,False,155078,0.0,False,Between 150k and 200k
8,2010-02-12,2010,1,2,994801.4,33.34,2.548,,,,,,True,155078,0.0,False,Between 150k and 200k
8,2010-02-19,2010,1,2,963960.37,39.1,2.514,,,,,,False,155078,0.0,False,Between 150k and 200k
8,2010-02-26,2010,1,2,847592.11,37.91,2.561,,,,,,False,155078,0.0,False,Between 150k and 200k
8,2010-03-05,2010,1,3,881503.95,45.64,2.625,,,,,,False,155078,0.0,False,Between 150k and 200k
8,2010-03-12,2010,1,3,860336.16,49.76,2.667,,,,,,False,155078,0.0,False,Between 150k and 200k
8,2010-03-19,2010,1,3,839911.0,47.26,2.72,,,,,,False,155078,0.0,False,Between 150k and 200k
8,2010-03-26,2010,1,3,772539.12,46.51,2.732,,,,,,False,155078,0.0,False,Between 150k and 200k
8,2010-04-02,2010,2,4,914500.91,60.18,2.719,,,,,,False,155078,0.0,False,Between 150k and 200k
8,2010-04-09,2010,2,4,916033.92,59.25,2.77,,,,,,False,155078,0.0,False,Between 150k and 200k
8,2010-04-16,2010,2,4,882917.12,62.66,2.808,,,,,,False,155078,0.0,False,Between 150k and 200k
8,2010-04-23,2010,2,4,850440.26,56.1,2.795,,,,,,False,155078,0.0,False,Between 150k and 200k
8,2010-04-30,2010,2,4,778672.64,61.01,2.78,,,,,,False,155078,0.0,False,Between 150k and 200k
8,2010-05-07,2010,2,5,916820.96,62.68,2.835,,,,,,False,155078,0.0,False,Between 150k and 200k
8,2010-05-14,2010,2,5,873337.84,61.35,2.854,,,,,,False,155078,0.0,False,Between 150k and 200k
8,2010-05-21,2010,2,5,818333.21,66.03,2.826,,,,,,False,155078,0.0,False,Between 150k and 200k
8,2010-05-28,2010,2,5,868041.5599999999,74.71,2.759,,,,,,False,155078,0.0,False,Between 150k and 200k
8,2010-06-04,2010,2,6,958225.41,75.71,2.705,,,,,,False,155078,0.0,False,Between 150k and 200k
8,2010-06-11,2010,2,6,914835.86,82.21,2.668,,,,,,False,155078,0.0,False,Between 150k and 200k
8,2010-06-18,2010,2,6,869922.56,78.79,2.637,,,,,,False,155078,0.0,False,Between 150k and 200k
8,2010-06-25,2010,2,6,814919.11,81.78,2.653,,,,,,False,155078,0.0,False,Between 150k and 200k
8,2010-07-02,2010,3,7,852333.75,74.78,2.669,,,,,,False,155078,0.0,False,Between 150k and 200k
8,2010-07-09,2010,3,7,845289.77,72.49,2.642,,,,,,False,155078,0.0,False,Between 150k and 200k
8,2010-07-16,2010,3,7,848630.5700000001,77.49,2.623,,,,,,False,155078,0.0,False,Between 150k and 200k
8,2010-07-23,2010,3,7,785515.88,78.29,2.608,,,,,,False,155078,0.0,False,Between 150k and 200k
8,2010-07-30,2010,3,7,787295.09,76.02,2.64,,,,,,False,155078,0.0,False,Between 150k and 200k
8,2010-08-06,2010,3,8,893399.77,80.37,2.627,,,,,,False,155078,0.0,False,Between 150k and 200k
8,2010-08-13,2010,3,8,867919.21,80.11,2.692,,,,,,False,155078,0.0,False,Between 150k and 200k
8,2010-08-20,2010,3,8,870676.4400000001,79.36,2.664,,,,,,False,155078,0.0,False,Between 150k and 200k
8,2010-08-27,2010,3,8,888816.78,74.92,2.619,,,,,,False,155078,0.0,False,Between 150k and 200k
8,2010-09-03,2010,3,9,899036.47,76.14,2.577,,,,,,False,155078,0.0,False,Between 150k and 200k
8,2010-09-10,2010,3,9,831425.2,74.34,2.565,,,,,,True,155078,0.0,False,Between 150k and 200k
8,2010-09-17,2010,3,9,836707.85,75.32,2.582,,,,,,False,155078,0.0,False,Between 150k and 200k
8,2010-09-24,2010,3,9,773725.08,72.21,2.624,,,,,,False,155078,0.0,False,Between 150k and 200k
8,2010-10-01,2010,4,10,804105.49,68.7,2.603,,,,,,False,155078,0.0,False,Between 150k and 200k
8,2010-10-08,2010,4,10,870349.86,62.94,2.633,,,,,,False,155078,0.0,False,Between 150k and 200k
8,2010-10-15,2010,4,10,826546.96,62.59,2.72,,,,,,False,155078,0.0,False,Between 150k and 200k
8,2010-10-22,2010,4,10,836419.14,62.86,2.725,,,,,,False,155078,0.0,False,Between 150k and 200k
8,2010-10-29,2010,4,10,830756.76,57.93,2.716,,,,,,False,155078,0.0,False,Between 150k and 200k
8,2010-11-05,2010,4,11,927266.34,55.76,2.689,,,,,,False,155078,0.0,False,Between 150k and 200k
8,2010-11-12,2010,4,11,911538.98,54.89,2.728,,,,,,False,155078,0.0,False,Between 150k and 200k
8,2010-11-19,2010,4,11,885608.04,43.86,2.771,,,,,,False,155078,0.0,False,Between 150k and 200k
8,2010-11-26,2010,4,11,1261693.16,51.07,2.735,,,,,,True,155078,0.0,False,Between 150k and 200k
8,2010-12-03,2010,4,12,952766.9299999999,42.85,2.708,,,,,,False,155078,0.0,False,Between 150k and 200k
8,2010-12-10,2010,4,12,1069061.63,42.47,2.843,,,,,,False,155078,0.0,False,Between 150k and 200k
8,2010-12-17,2010,4,12,1220579.55,45.03,2.869,,,,,,False,155078,0.0,False,Between 150k and 200k
8,2010-12-24,2010,4,12,1511641.09,45.67,2.886,,,,,,False,155078,0.0,False,Between 150k and 200k
8,2010-12-31,2010,4,12,773586.49,41.47,2.943,,,,,,True,155078,0.0,False,Between 150k and 200k
8,2011-01-07,2011,1,1,873065.23,35.77,2.976,,,,,,False,155078,0.0,False,Between 150k and 200k
8,2011-01-14,2011,1,1,809646.66,31.62,2.983,,,,,,False,155078,0.0,False,Between 150k and 200k
8,2011-01-21,2011,1,1,822668.23,42.06,3.016,,,,,,False,155078,0.0,False,Between 150k and 200k
8,2011-01-28,2011,1,1,782256.66,39.26,3.01,,,,,,False,155078,0.0,False,Between 150k and 200k
8,2011-02-04,2011,1,2,944594.78,24.48,2.989,,,,,,False,155078,0.0,False,Between 150k and 200k
8,2011-02-11,2011,1,2,996147.39,28.26,3.022,,,,,,True,155078,0.0,False,Between 150k and 200k
8,2011-02-18,2011,1,2,1065108.64,50.64,3.045,,,,,,False,155078,0.0,False,Between 150k and 200k
8,2011-02-25,2011,1,2,917317.15,51.29,3.065,,,,,,False,155078,0.0,False,Between 150k and 200k
8,2011-03-04,2011,1,3,935266.4299999999,53.18,3.288,,,,,,False,155078,0.0,False,Between 150k and 200k
8,2011-03-11,2011,1,3,900387.29,49.14,3.459,,,,,,False,155078,0.0,False,Between 150k and 200k
8,2011-03-18,2011,1,3,898289.14,56.68,3.488,,,,,,False,155078,0.0,False,Between 150k and 200k
8,2011-03-25,2011,1,3,827968.36,59.74,3.473,,,,,,False,155078,0.0,False,Between 150k and 200k
8,2011-04-01,2011,2,4,878762.3,49.86,3.524,,,,,,False,155078,0.0,False,Between 150k and 200k
8,2011-04-08,2011,2,4,949825.83,65.62,3.622,,,,,,False,155078,0.0,False,Between 150k and 200k
8,2011-04-15,2011,2,4,908278.74,63.55,3.743,,,,,,False,155078,0.0,False,Between 150k and 200k
8,2011-04-22,2011,2,4,937473.13,65.11,3.807,,,,,,False,155078,0.0,False,Between 150k and 200k
8,2011-04-29,2011,2,4,855014.77,62.29,3.81,,,,,,False,155078,0.0,False,Between 150k and 200k
8,2011-05-06,2011,2,5,941457.34,58.92,3.906,,,,,,False,155078,0.0,False,Between 150k and 200k
8,2011-05-13,2011,2,5,895763.41,72.96,3.899,,,,,,False,155078,0.0,False,Between 150k and 200k
8,2011-05-20,2011,2,5,836049.89,65.54,3.907,,,,,,False,155078,0.0,False,Between 150k and 200k
8,2011-05-27,2011,2,5,857939.41,73.14,3.786,,,,,,False,155078,0.0,False,Between 150k and 200k
8,2011-06-03,2011,2,6,929222.16,82.05,3.699,,,,,,False,155078,0.0,False,Between 150k and 200k
8,2011-06-10,2011,2,6,897309.41,82.21,3.648,,,,,,False,155078,0.0,False,Between 150k and 200k
8,2011-06-17,2011,2,6,922048.41,84.73,3.637,,,,,,False,155078,0.0,False,Between 150k and 200k
8,2011-06-24,2011,2,6,864881.24,83.94,3.594,,,,,,False,155078,0.0,False,Between 150k and 200k
8,2011-07-01,2011,3,7,883683.35,87.26,3.524,,,,,,False,155078,0.0,False,Between 150k and 200k
8,2011-07-08,2011,3,7,861965.12,83.57,3.48,,,,,,False,155078,0.0,False,Between 150k and 200k
8,2011-07-15,2011,3,7,849925.37,84.26,3.575,,,,,,False,155078,0.0,False,Between 150k and 200k
8,2011-07-22,2011,3,7,829902.42,85.46,3.651,,,,,,False,155078,0.0,False,Between 150k and 200k
8,2011-07-29,2011,3,7,807082.19,86.46,3.682,,,,,,False,155078,0.0,False,Between 150k and 200k
8,2011-08-05,2011,3,8,892393.77,85.15,3.684,,,,,,False,155078,0.0,False,Between 150k and 200k
8,2011-08-12,2011,3,8,856796.1,86.05,3.638,,,,,,False,155078,0.0,False,Between 150k and 200k
8,2011-08-19,2011,3,8,895066.5,82.92,3.554,,,,,,False,155078,0.0,False,Between 150k and 200k
8,2011-08-26,2011,3,8,912542.82,84.69,3.523,,,,,,False,155078,0.0,False,Between 150k and 200k
8,2011-09-02,2011,3,9,891387.14,84.77,3.533,,,,,,False,155078,0.0,False,Between 150k and 200k
8,2011-09-09,2011,3,9,848358.09,69.01,3.546,,,,,,True,155078,0.0,False,Between 150k and 200k
8,2011-09-16,2011,3,9,870971.82,69.09,3.526,,,,,,False,155078,0.0,False,Between 150k and 200k
8,2011-09-23,2011,3,9,806444.29,68.72,3.467,,,,,,False,155078,0.0,False,Between 150k and 200k
8,2011-09-30,2011,3,9,809049.37,72.2,3.355,,,,,,False,155078,0.0,False,Between 150k and 200k
8,2011-10-07,2011,4,10,929976.55,67.61,3.285,,,,,,False,155078,0.0,False,Between 150k and 200k
8,2011-10-14,2011,4,10,863188.26,61.74,3.274,,,,,,False,155078,0.0,False,Between 150k and 200k
8,2011-10-21,2011,4,10,905984.49,59.97,3.353,,,,,,False,155078,0.0,False,Between 150k and 200k
8,2011-10-28,2011,4,10,876712.31,56.86,3.372,,,,,,False,155078,0.0,False,Between 150k and 200k
8,2011-11-04,2011,4,11,947815.05,49.68,3.332,,,,,,False,155078,0.0,False,Between 150k and 200k
8,2011-11-11,2011,4,11,917088.48,50.56,3.297,4971.01,4538.18,541.05,1407.72,3846.73,False,155078,15304.689999999999,True,Between 150k and 200k
8,2011-11-18,2011,4,11,897032.1900000001,51.72,3.308,6839.45,114.32,166.32,868.79,4442.66,False,155078,12431.539999999999,True,Between 150k and 200k
8,2011-11-25,2011,4,11,1235163.86,49.61,3.236,437.61,320.76,45968.51,110.41,992.9,True,155078,47830.19000000001,True,Between 150k and 200k
8,2011-12-02,2011,4,12,986601.46,40.82,3.172,2222.42,286.0,1464.46,1192.79,13865.57,False,155078,19031.239999999998,True,Between 150k and 200k
8,2011-12-09,2011,4,12,1051922.95,30.51,3.158,4425.92,36.0,346.05,1791.15,9889.35,False,155078,16488.47,True,Between 150k and 200k
8,2011-12-16,2011,4,12,1118163.94,39.79,3.159,739.45,34.0,326.76,169.2,2238.66,False,155078,3508.0699999999997,True,Between 150k and 200k
8,2011-12-23,2011,4,12,1462254.05,38.16,3.112,1234.0,0.3,891.94,14.0,5884.24,False,155078,8024.48,True,Between 150k and 200k
8,2011-12-30,2011,4,12,858572.22,36.33,3.129,3701.08,36381.83,164.34,178.4,1508.56,True,155078,41934.21,True,Between 150k and 200k
8,2012-01-06,2012,1,1,872113.23,43.47,3.157,3093.39,26001.46,96.35,500.91,4468.63,False,155078,34160.74,True,Between 150k and 200k
8,2012-01-13,2012,1,1,817661.76,36.46,3.261,6725.29,12764.99,15.98,299.73,3851.69,False,155078,23657.679999999997,True,Between 150k and 200k
8,2012-01-20,2012,1,1,813954.8200000001,46.81,3.268,1643.08,1055.47,9.02,411.88,3161.92,False,155078,6281.370000000001,True,Between 150k and 200k
8,2012-01-27,2012,1,1,778178.53,45.52,3.29,6065.01,730.16,15.18,30.28,24241.12,False,155078,31081.75,True,Between 150k and 200k
8,2012-02-03,2012,1,2,927610.69,45.56,3.36,41524.03,1412.41,83.15,18723.56,3886.31,False,155078,65629.46,True,Between 150k and 200k
8,2012-02-10,2012,1,2,1021400.42,35.71,3.409,9332.6,3298.88,32.12,6530.08,4858.74,True,155078,24052.42,True,Between 150k and 200k
8,2012-02-17,2012,1,2,1096232.89,37.51,3.51,4376.58,10723.12,10.5,1546.82,4117.02,False,155078,20774.04,True,Between 150k and 200k
8,2012-02-24,2012,1,2,928537.54,46.33,3.555,9712.39,4960.15,1.0,2441.26,5314.33,False,155078,22429.129999999997,True,Between 150k and 200k
8,2012-03-02,2012,1,3,952264.91,50.95,3.63,19521.45,1000.19,0.6,5819.37,3641.54,False,155078,29983.149999999998,True,Between 150k and 200k
8,2012-03-09,2012,1,3,960115.56,49.59,3.669,7740.12,269.44,2.0,509.65,4678.17,False,155078,13199.38,True,Between 150k and 200k
8,2012-03-16,2012,1,3,921178.39,56.63,3.734,4879.04,501.9,6.14,1078.01,1288.81,False,155078,7753.9,True,Between 150k and 200k
8,2012-03-23,2012,1,3,874223.25,52.9,3.787,6155.76,499.11,2.04,403.32,2748.36,False,155078,9808.59,True,Between 150k and 200k
8,2012-03-30,2012,1,3,905935.29,66.69,3.845,6052.68,121.67,,375.27,1715.7,False,155078,8265.320000000002,True,Between 150k and 200k
8,2012-04-06,2012,2,4,1046816.59,62.18,3.891,6821.13,,27.04,2101.86,3627.77,False,155078,12577.800000000001,True,Between 150k and 200k
8,2012-04-13,2012,2,4,909989.45,65.19,3.891,7627.83,4689.55,4.2,940.82,1723.28,False,155078,14985.680000000002,True,Between 150k and 200k
8,2012-04-20,2012,2,4,872288.46,63.59,3.877,3600.79,2105.64,4.9,1768.65,14945.23,False,155078,22425.21,True,Between 150k and 200k
8,2012-04-27,2012,2,4,879448.25,70.34,3.814,5440.25,1.5,2.2,15.6,3302.44,False,155078,8761.99,True,Between 150k and 200k
8,2012-05-04,2012,2,5,937232.09,73.96,3.749,12807.63,,260.55,3338.11,2197.51,False,155078,18603.799999999996,True,Between 150k and 200k
8,2012-05-11,2012,2,5,920128.89,64.96,3.688,10852.45,,3.82,1425.65,2545.79,False,155078,14827.71,True,Between 150k and 200k
8,2012-05-18,2012,2,5,913922.01,64.16,3.63,7288.06,,24.25,585.14,4836.15,False,155078,12733.6,True,Between 150k and 200k
8,2012-05-25,2012,2,5,895157.4400000001,76.11,3.561,2989.94,,651.09,1056.01,10189.75,False,155078,14886.79,True,Between 150k and 200k
8,2012-06-01,2012,2,6,921161.2,78.31,3.501,11578.32,41.6,58.17,1319.45,2044.72,False,155078,15042.26,True,Between 150k and 200k
8,2012-06-08,2012,2,6,928820.0,74.28,3.452,8721.82,252.8,30.45,679.89,5160.31,False,155078,14845.27,True,Between 150k and 200k
8,2012-06-15,2012,2,6,916918.7,77.14,3.393,8583.02,265.7,151.05,1184.4,5675.58,False,155078,15859.75,True,Between 150k and 200k
8,2012-06-22,2012,2,6,899449.65,78.85,3.346,5146.44,124.95,2.97,1409.95,3956.16,False,155078,10640.47,True,Between 150k and 200k
8,2012-06-29,2012,2,6,878298.22,84.47,3.286,8467.23,199.75,,492.34,5529.08,False,155078,14688.4,True,Between 150k and 200k
8,2012-07-06,2012,3,7,936205.5,81.24,3.227,10526.01,157.93,182.17,3068.98,4059.99,False,155078,17995.08,True,Between 150k and 200k
8,2012-07-13,2012,3,7,890488.01,78.46,3.256,10278.48,129.2,24.0,1750.15,2057.71,False,155078,14239.54,True,Between 150k and 200k
8,2012-07-20,2012,3,7,888834.07,79.94,3.311,6764.94,164.8,13.02,390.77,58068.14,False,155078,65401.67,True,Between 150k and 200k
8,2012-07-27,2012,3,7,838227.52,81.71,3.407,6382.88,80.6,3.55,2242.95,4403.2,False,155078,13113.18,True,Between 150k and 200k
8,2012-08-03,2012,3,8,897076.73,85.06,3.417,12755.02,88.2,17.83,4783.44,4865.74,False,155078,22510.230000000003,True,Between 150k and 200k
8,2012-08-10,2012,3,8,930745.6900000001,83.74,3.494,11811.65,26.0,59.03,2215.73,2801.89,False,155078,16914.3,True,Between 150k and 200k
8,2012-08-17,2012,3,8,896613.19,81.21,3.571,3224.14,21.02,4.26,1066.29,5044.43,False,155078,9360.14,True,Between 150k and 200k
8,2012-08-24,2012,3,8,936373.65,73.77,3.62,3822.14,6.4,4.2,763.09,3570.91,False,155078,8166.74,True,Between 150k and 200k
8,2012-08-31,2012,3,8,976137.73,75.33,3.638,10297.42,21.6,17.16,3952.93,3198.02,False,155078,17487.13,True,Between 150k and 200k
8,2012-09-07,2012,3,9,932160.37,80.87,3.73,11548.63,9.0,29.22,1177.09,2831.4,True,155078,15595.339999999998,True,Between 150k and 200k
8,2012-09-14,2012,3,9,883569.38,67.21,3.717,4678.98,,12.29,1130.96,5427.34,False,155078,11249.57,True,Between 150k and 200k
8,2012-09-21,2012,3,9,857796.45,66.96,3.721,3913.12,5.73,2.28,,6984.96,False,155078,10906.09,True,Between 150k and 200k
8,2012-09-28,2012,3,9,884724.41,71.1,3.666,5518.65,1.91,0.55,1103.02,2049.02,False,155078,8673.15,True,Between 150k and 200k
8,2012-10-05,2012,4,10,976436.02,61.41,3.617,3709.42,,20.04,1332.17,2156.75,False,155078,7218.38,True,Between 150k and 200k
8,2012-10-12,2012,4,10,927511.99,55.03,3.601,757.39,,7.5,186.45,4830.34,False,155078,5781.68,True,Between 150k and 200k
8,2012-10-19,2012,4,10,900309.75,62.99,3.594,1260.59,,6.5,280.98,3531.83,False,155078,5079.9,True,Between 150k and 200k
8,2012-10-26,2012,4,10,891671.4400000001,64.74,3.506,2679.05,20.38,6.0,384.25,1691.31,False,155078,4780.99,True,Between 150k and 200k
9,2010-02-05,2010,1,2,549505.55,38.01,2.572,,,,,,False,125833,0.0,False,Between 100k and 150k
9,2010-02-12,2010,1,2,552677.48,37.08,2.548,,,,,,True,125833,0.0,False,Between 100k and 150k
9,2010-02-19,2010,1,2,511327.9,43.06,2.514,,,,,,False,125833,0.0,False,Between 100k and 150k
9,2010-02-26,2010,1,2,473773.27,43.83,2.561,,,,,,False,125833,0.0,False,Between 100k and 150k
9,2010-03-05,2010,1,3,507297.88,48.43,2.625,,,,,,False,125833,0.0,False,Between 100k and 150k
9,2010-03-12,2010,1,3,494145.8,55.76,2.667,,,,,,False,125833,0.0,False,Between 100k and 150k
9,2010-03-19,2010,1,3,485744.61,53.15,2.72,,,,,,False,125833,0.0,False,Between 100k and 150k
9,2010-03-26,2010,1,3,484946.56,51.8,2.732,,,,,,False,125833,0.0,False,Between 100k and 150k
9,2010-04-02,2010,2,4,545206.32,65.21,2.719,,,,,,False,125833,0.0,False,Between 100k and 150k
9,2010-04-09,2010,2,4,529384.3099999999,64.95,2.77,,,,,,False,125833,0.0,False,Between 100k and 150k
9,2010-04-16,2010,2,4,485764.32,66.09,2.808,,,,,,False,125833,0.0,False,Between 100k and 150k
9,2010-04-23,2010,2,4,488683.57,61.26,2.795,,,,,,False,125833,0.0,False,Between 100k and 150k
9,2010-04-30,2010,2,4,491723.42,66.07,2.78,,,,,,False,125833,0.0,False,Between 100k and 150k
9,2010-05-07,2010,2,5,526128.61,68.58,2.835,,,,,,False,125833,0.0,False,Between 100k and 150k
9,2010-05-14,2010,2,5,492792.8,70.53,2.854,,,,,,False,125833,0.0,False,Between 100k and 150k
9,2010-05-21,2010,2,5,506274.94,71.5,2.826,,,,,,False,125833,0.0,False,Between 100k and 150k
9,2010-05-28,2010,2,5,558143.53,77.12,2.759,,,,,,False,125833,0.0,False,Between 100k and 150k
9,2010-06-04,2010,2,6,586061.46,79.65,2.705,,,,,,False,125833,0.0,False,Between 100k and 150k
9,2010-06-11,2010,2,6,522715.68,83.75,2.668,,,,,,False,125833,0.0,False,Between 100k and 150k
9,2010-06-18,2010,2,6,513073.87,82.99,2.637,,,,,,False,125833,0.0,False,Between 100k and 150k
9,2010-06-25,2010,2,6,509263.28,85.02,2.653,,,,,,False,125833,0.0,False,Between 100k and 150k
9,2010-07-02,2010,3,7,528832.54,78.55,2.669,,,,,,False,125833,0.0,False,Between 100k and 150k
9,2010-07-09,2010,3,7,485389.14999999997,78.51,2.642,,,,,,False,125833,0.0,False,Between 100k and 150k
9,2010-07-16,2010,3,7,474030.51,82.93,2.623,,,,,,False,125833,0.0,False,Between 100k and 150k
9,2010-07-23,2010,3,7,462676.5,84.49,2.608,,,,,,False,125833,0.0,False,Between 100k and 150k
9,2010-07-30,2010,3,7,468675.19,79.83,2.64,,,,,,False,125833,0.0,False,Between 100k and 150k
9,2010-08-06,2010,3,8,522815.45,87.09,2.627,,,,,,False,125833,0.0,False,Between 100k and 150k
9,2010-08-13,2010,3,8,481897.98000000004,86.85,2.692,,,,,,False,125833,0.0,False,Between 100k and 150k
9,2010-08-20,2010,3,8,499325.38,86.3,2.664,,,,,,False,125833,0.0,False,Between 100k and 150k
9,2010-08-27,2010,3,8,506789.66,84.01,2.619,,,,,,False,125833,0.0,False,Between 100k and 150k
9,2010-09-03,2010,3,9,511049.06,82.47,2.577,,,,,,False,125833,0.0,False,Between 100k and 150k
9,2010-09-10,2010,3,9,484835.2,77.7,2.565,,,,,,True,125833,0.0,False,Between 100k and 150k
9,2010-09-17,2010,3,9,463448.58999999997,81.19,2.582,,,,,,False,125833,0.0,False,Between 100k and 150k
9,2010-09-24,2010,3,9,452905.22,77.15,2.624,,,,,,False,125833,0.0,False,Between 100k and 150k
9,2010-10-01,2010,4,10,495692.19,69.08,2.603,,,,,,False,125833,0.0,False,Between 100k and 150k
9,2010-10-08,2010,4,10,505069.21,65.35,2.633,,,,,,False,125833,0.0,False,Between 100k and 150k
9,2010-10-15,2010,4,10,454769.68,67.36,2.72,,,,,,False,125833,0.0,False,Between 100k and 150k
9,2010-10-22,2010,4,10,466322.76,69.99,2.725,,,,,,False,125833,0.0,False,Between 100k and 150k
9,2010-10-29,2010,4,10,508801.61,64.43,2.716,,,,,,False,125833,0.0,False,Between 100k and 150k
9,2010-11-05,2010,4,11,517869.97,58.69,2.689,,,,,,False,125833,0.0,False,Between 100k and 150k
9,2010-11-12,2010,4,11,520846.68,61.59,2.728,,,,,,False,125833,0.0,False,Between 100k and 150k
9,2010-11-19,2010,4,11,519823.3,49.96,2.771,,,,,,False,125833,0.0,False,Between 100k and 150k
9,2010-11-26,2010,4,11,768070.53,60.18,2.735,,,,,,True,125833,0.0,False,Between 100k and 150k
9,2010-12-03,2010,4,12,578164.82,49.89,2.708,,,,,,False,125833,0.0,False,Between 100k and 150k
9,2010-12-10,2010,4,12,618121.82,46.1,2.843,,,,,,False,125833,0.0,False,Between 100k and 150k
9,2010-12-17,2010,4,12,685243.2,49.7,2.869,,,,,,False,125833,0.0,False,Between 100k and 150k
9,2010-12-24,2010,4,12,873347.5499999999,50.93,2.886,,,,,,False,125833,0.0,False,Between 100k and 150k
9,2010-12-31,2010,4,12,459770.85,45.92,2.943,,,,,,True,125833,0.0,False,Between 100k and 150k
9,2011-01-07,2011,1,1,490981.78,41.82,2.976,,,,,,False,125833,0.0,False,Between 100k and 150k
9,2011-01-14,2011,1,1,458086.69,36.43,2.983,,,,,,False,125833,0.0,False,Between 100k and 150k
9,2011-01-21,2011,1,1,454021.69,44.72,3.016,,,,,,False,125833,0.0,False,Between 100k and 150k
9,2011-01-28,2011,1,1,463561.48,43.9,3.01,,,,,,False,125833,0.0,False,Between 100k and 150k
9,2011-02-04,2011,1,2,544612.28,31.82,2.989,,,,,,False,125833,0.0,False,Between 100k and 150k
9,2011-02-11,2011,1,2,555279.02,34.13,3.022,,,,,,True,125833,0.0,False,Between 100k and 150k
9,2011-02-18,2011,1,2,610985.56,58.5,3.045,,,,,,False,125833,0.0,False,Between 100k and 150k
9,2011-02-25,2011,1,2,513107.2,59.01,3.065,,,,,,False,125833,0.0,False,Between 100k and 150k
9,2011-03-04,2011,1,3,542016.18,60.67,3.288,,,,,,False,125833,0.0,False,Between 100k and 150k
9,2011-03-11,2011,1,3,517783.5,54.75,3.459,,,,,,False,125833,0.0,False,Between 100k and 150k
9,2011-03-18,2011,1,3,515226.11,63.82,3.488,,,,,,False,125833,0.0,False,Between 100k and 150k
9,2011-03-25,2011,1,3,497488.39999999997,68.79,3.473,,,,,,False,125833,0.0,False,Between 100k and 150k
9,2011-04-01,2011,2,4,520962.14,56.12,3.524,,,,,,False,125833,0.0,False,Between 100k and 150k
9,2011-04-08,2011,2,4,561625.92,71.4,3.622,,,,,,False,125833,0.0,False,Between 100k and 150k
9,2011-04-15,2011,2,4,528420.28,71.9,3.743,,,,,,False,125833,0.0,False,Between 100k and 150k
9,2011-04-22,2011,2,4,549502.11,72.35,3.807,,,,,,False,125833,0.0,False,Between 100k and 150k
9,2011-04-29,2011,2,4,532226.2,70.85,3.81,,,,,,False,125833,0.0,False,Between 100k and 150k
9,2011-05-06,2011,2,5,545251.1,62.2,3.906,,,,,,False,125833,0.0,False,Between 100k and 150k
9,2011-05-13,2011,2,5,539126.0,77.66,3.899,,,,,,False,125833,0.0,False,Between 100k and 150k
9,2011-05-20,2011,2,5,518266.9,70.49,3.907,,,,,,False,125833,0.0,False,Between 100k and 150k
9,2011-05-27,2011,2,5,553834.04,80.42,3.786,,,,,,False,125833,0.0,False,Between 100k and 150k
9,2011-06-03,2011,2,6,587004.29,85.8,3.699,,,,,,False,125833,0.0,False,Between 100k and 150k
9,2011-06-10,2011,2,6,550076.3200000001,85.81,3.648,,,,,,False,125833,0.0,False,Between 100k and 150k
9,2011-06-17,2011,2,6,558671.14,89.15,3.637,,,,,,False,125833,0.0,False,Between 100k and 150k
9,2011-06-24,2011,2,6,538745.9299999999,86.74,3.594,,,,,,False,125833,0.0,False,Between 100k and 150k
9,2011-07-01,2011,3,7,537064.03,89.14,3.524,,,,,,False,125833,0.0,False,Between 100k and 150k
9,2011-07-08,2011,3,7,535983.13,89.04,3.48,,,,,,False,125833,0.0,False,Between 100k and 150k
9,2011-07-15,2011,3,7,512834.04000000004,90.45,3.575,,,,,,False,125833,0.0,False,Between 100k and 150k
9,2011-07-22,2011,3,7,491449.94,89.08,3.651,,,,,,False,125833,0.0,False,Between 100k and 150k
9,2011-07-29,2011,3,7,471449.98000000004,91.1,3.682,,,,,,False,125833,0.0,False,Between 100k and 150k
9,2011-08-05,2011,3,8,554879.67,91.52,3.684,,,,,,False,125833,0.0,False,Between 100k and 150k
9,2011-08-12,2011,3,8,520284.79,91.63,3.638,,,,,,False,125833,0.0,False,Between 100k and 150k
9,2011-08-19,2011,3,8,540819.44,85.8,3.554,,,,,,False,125833,0.0,False,Between 100k and 150k
9,2011-08-26,2011,3,8,542663.53,88.95,3.523,,,,,,False,125833,0.0,False,Between 100k and 150k
9,2011-09-02,2011,3,9,544643.33,89.33,3.533,,,,,,False,125833,0.0,False,Between 100k and 150k
9,2011-09-09,2011,3,9,528784.86,75.65,3.546,,,,,,True,125833,0.0,False,Between 100k and 150k
9,2011-09-16,2011,3,9,500274.03,77.95,3.526,,,,,,False,125833,0.0,False,Between 100k and 150k
9,2011-09-23,2011,3,9,506743.78,74.42,3.467,,,,,,False,125833,0.0,False,Between 100k and 150k
9,2011-09-30,2011,3,9,508567.04,78.45,3.355,,,,,,False,125833,0.0,False,Between 100k and 150k
9,2011-10-07,2011,4,10,553836.98,72.62,3.285,,,,,,False,125833,0.0,False,Between 100k and 150k
9,2011-10-14,2011,4,10,529515.66,67.27,3.274,,,,,,False,125833,0.0,False,Between 100k and 150k
9,2011-10-21,2011,4,10,557075.21,65.46,3.353,,,,,,False,125833,0.0,False,Between 100k and 150k
9,2011-10-28,2011,4,10,548527.49,63.96,3.372,,,,,,False,125833,0.0,False,Between 100k and 150k
9,2011-11-04,2011,4,11,597855.0700000001,54.46,3.332,,,,,,False,125833,0.0,False,Between 100k and 150k
9,2011-11-11,2011,4,11,594574.12,58.28,3.297,3235.06,1645.11,63.15,1580.98,2209.21,False,125833,8733.509999999998,True,Between 100k and 150k
9,2011-11-18,2011,4,11,542414.27,58.8,3.308,3648.4,2.63,21.12,1639.62,3623.62,False,125833,8935.39,True,Between 100k and 150k
9,2011-11-25,2011,4,11,814753.5,54.32,3.236,121.57,,44061.13,247.83,8294.47,True,125833,52725.0,True,Between 100k and 150k
9,2011-12-02,2011,4,12,613115.21,46.84,3.172,1237.88,,1330.53,643.78,8323.51,False,125833,11535.7,True,Between 100k and 150k
9,2011-12-09,2011,4,12,630327.28,37.65,3.158,3075.89,,248.8,822.69,7585.2,False,125833,11732.58,True,Between 100k and 150k
9,2011-12-16,2011,4,12,705557.97,47.31,3.159,2755.9,,136.48,384.78,2240.49,False,125833,5517.65,True,Between 100k and 150k
9,2011-12-23,2011,4,12,905324.68,44.43,3.112,719.14,0.24,318.75,17.72,2357.19,False,125833,3413.04,True,Between 100k and 150k
9,2011-12-30,2011,4,12,549788.36,43.41,3.129,2155.73,14481.63,44.07,237.84,3699.24,True,125833,20618.510000000002,True,Between 100k and 150k
9,2012-01-06,2012,1,1,519585.67,47.54,3.157,3597.08,6203.76,11.2,3743.55,1912.75,False,125833,15468.34,True,Between 100k and 150k
9,2012-01-13,2012,1,1,474964.6,42.44,3.261,4731.1,2959.36,,129.27,3416.48,False,125833,11236.210000000001,True,Between 100k and 150k
9,2012-01-20,2012,1,1,480130.04000000004,51.56,3.268,910.51,234.36,,117.08,6081.04,False,125833,7342.99,True,Between 100k and 150k
9,2012-01-27,2012,1,1,482451.21,49.38,3.29,489.19,283.85,,22.5,2888.79,False,125833,3684.33,True,Between 100k and 150k
9,2012-02-03,2012,1,2,549967.89,54.43,3.36,19289.22,527.14,4.46,9955.21,3428.92,False,125833,33204.95,True,Between 100k and 150k
9,2012-02-10,2012,1,2,609736.12,44.03,3.409,5619.8,1595.17,1.71,4740.66,4494.14,True,125833,16451.48,True,Between 100k and 150k
9,2012-02-17,2012,1,2,658965.05,43.81,3.51,4572.81,5448.91,6.0,945.06,7589.85,False,125833,18562.63,True,Between 100k and 150k
9,2012-02-24,2012,1,2,563578.79,53.67,3.555,3801.98,4010.13,1.0,586.06,7315.09,False,125833,15714.26,True,Between 100k and 150k
9,2012-03-02,2012,1,3,619498.28,57.2,3.63,6268.15,154.97,,3557.17,1878.44,False,125833,11858.730000000001,True,Between 100k and 150k
9,2012-03-09,2012,1,3,574955.95,54.03,3.669,3923.2,96.52,17.36,990.11,2755.72,False,125833,7782.91,True,Between 100k and 150k
9,2012-03-16,2012,1,3,550373.57,59.94,3.734,1913.05,1.8,7.33,436.67,14026.36,False,125833,16385.21,True,Between 100k and 150k
9,2012-03-23,2012,1,3,550791.32,58.79,3.787,1681.15,1.8,0.68,414.45,466.42,False,125833,2564.5,True,Between 100k and 150k
9,2012-03-30,2012,1,3,574985.37,67.87,3.845,3669.95,15.98,,69.02,2049.16,False,125833,5804.11,True,Between 100k and 150k
9,2012-04-06,2012,2,4,677885.99,68.83,3.891,4876.77,,10.0,1201.8,8545.16,False,125833,14633.73,True,Between 100k and 150k
9,2012-04-13,2012,2,4,578539.86,69.19,3.891,4939.14,856.32,,290.87,807.0,False,125833,6893.33,True,Between 100k and 150k
9,2012-04-20,2012,2,4,542819.03,68.04,3.877,910.31,121.25,2.0,265.55,1146.34,False,125833,2445.45,True,Between 100k and 150k
9,2012-04-27,2012,2,4,550414.99,73.07,3.814,409.76,,0.4,7.88,7179.53,False,125833,7597.57,True,Between 100k and 150k
9,2012-05-04,2012,2,5,586289.08,78.98,3.749,5917.56,,68.0,969.06,647.76,False,125833,7602.380000000001,True,Between 100k and 150k
9,2012-05-11,2012,2,5,592572.3,70.94,3.688,4727.8,,1.04,356.78,1077.81,False,125833,6163.43,True,Between 100k and 150k
9,2012-05-18,2012,2,5,571463.93,69.52,3.63,1926.92,,0.24,426.51,2968.78,False,125833,5322.450000000001,True,Between 100k and 150k
9,2012-05-25,2012,2,5,547226.0,79.69,3.561,1574.27,,361.83,81.12,5286.38,False,125833,7303.6,True,Between 100k and 150k
9,2012-06-01,2012,2,6,583648.59,80.26,3.501,2542.14,35.6,76.8,374.37,3413.57,False,125833,6442.48,True,Between 100k and 150k
9,2012-06-08,2012,2,6,582525.42,78.91,3.452,3564.15,142.2,0.3,81.26,5518.29,False,125833,9306.2,True,Between 100k and 150k
9,2012-06-15,2012,2,6,564606.1,82.21,3.393,3296.23,176.4,50.03,780.78,4209.82,False,125833,8513.26,True,Between 100k and 150k
9,2012-06-22,2012,2,6,562173.12,81.05,3.346,2886.26,3.8,,1270.8,4545.91,False,125833,8706.77,True,Between 100k and 150k
9,2012-06-29,2012,2,6,544770.7,87.18,3.286,2073.16,120.0,,31.75,2792.7,False,125833,5017.61,True,Between 100k and 150k
9,2012-07-06,2012,3,7,578790.36,84.15,3.227,3165.17,87.2,8.08,1642.41,2096.86,False,125833,6999.719999999999,True,Between 100k and 150k
9,2012-07-13,2012,3,7,536537.64,82.39,3.256,3031.81,,2.02,47.76,4554.39,False,125833,7635.9800000000005,True,Between 100k and 150k
9,2012-07-20,2012,3,7,513991.57,83.39,3.311,1107.97,0.5,5.85,862.28,1986.24,False,125833,3962.84,True,Between 100k and 150k
9,2012-07-27,2012,3,7,495951.0,86.41,3.407,1042.73,8.0,1.66,1129.2,2929.43,False,125833,5111.02,True,Between 100k and 150k
9,2012-08-03,2012,3,8,533887.54,90.23,3.417,11864.5,61.0,0.22,1659.09,2176.37,False,125833,15761.18,True,Between 100k and 150k
9,2012-08-10,2012,3,8,538713.47,88.66,3.494,3180.78,,1.4,2112.03,2314.58,False,125833,7608.790000000001,True,Between 100k and 150k
9,2012-08-17,2012,3,8,535153.47,86.37,3.571,975.91,,3.0,325.68,670.48,False,125833,1975.07,True,Between 100k and 150k
9,2012-08-24,2012,3,8,572887.78,77.9,3.62,1524.71,,1.8,501.16,4241.59,False,125833,6269.26,True,Between 100k and 150k
9,2012-08-31,2012,3,8,576879.15,80.71,3.638,5758.14,,17.6,2828.89,1884.13,False,125833,10488.760000000002,True,Between 100k and 150k
9,2012-09-07,2012,3,9,565812.29,87.93,3.73,4837.99,,22.74,602.8,1377.59,True,125833,6841.12,True,Between 100k and 150k
9,2012-09-14,2012,3,9,523427.35,73.55,3.717,2640.68,,10.75,385.53,4276.03,False,125833,7312.99,True,Between 100k and 150k
9,2012-09-21,2012,3,9,533756.88,69.92,3.721,1887.95,1.91,,273.53,4626.19,False,125833,6789.58,True,Between 100k and 150k
9,2012-09-28,2012,3,9,516361.06,76.8,3.666,1699.68,1.91,0.55,190.38,1819.15,False,125833,3711.67,True,Between 100k and 150k
9,2012-10-05,2012,4,10,606755.3,66.61,3.617,2657.57,,3.01,1107.79,1560.55,False,125833,5328.92,True,Between 100k and 150k
9,2012-10-12,2012,4,10,558464.8,60.09,3.601,520.41,,6.01,,2839.84,False,125833,3366.26,True,Between 100k and 150k
9,2012-10-19,2012,4,10,542009.46,68.01,3.594,545.72,,8.0,28.94,3098.87,False,125833,3681.5299999999997,True,Between 100k and 150k
9,2012-10-26,2012,4,10,549731.49,69.52,3.506,512.23,3.0,8.0,,1666.38,False,125833,2189.61,True,Between 100k and 150k
10,2010-02-05,2010,1,2,2193048.75,54.34,2.962,,,,,,False,126512,0.0,False,Between 100k and 150k
10,2010-02-12,2010,1,2,2176028.52,49.96,2.828,,,,,,True,126512,0.0,False,Between 100k and 150k
10,2010-02-19,2010,1,2,2113432.58,58.22,2.915,,,,,,False,126512,0.0,False,Between 100k and 150k
10,2010-02-26,2010,1,2,2006774.96,52.77,2.825,,,,,,False,126512,0.0,False,Between 100k and 150k
10,2010-03-05,2010,1,3,1987090.09,55.92,2.877,,,,,,False,126512,0.0,False,Between 100k and 150k
10,2010-03-12,2010,1,3,1941346.13,52.33,3.034,,,,,,False,126512,0.0,False,Between 100k and 150k
10,2010-03-19,2010,1,3,1946875.06,61.46,3.054,,,,,,False,126512,0.0,False,Between 100k and 150k
10,2010-03-26,2010,1,3,1893532.46,60.05,2.98,,,,,,False,126512,0.0,False,Between 100k and 150k
10,2010-04-02,2010,2,4,2138651.97,63.66,3.086,,,,,,False,126512,0.0,False,Between 100k and 150k
10,2010-04-09,2010,2,4,2041069.3699999999,65.29,3.004,,,,,,False,126512,0.0,False,Between 100k and 150k
10,2010-04-16,2010,2,4,1826241.44,69.74,3.109,,,,,,False,126512,0.0,False,Between 100k and 150k
10,2010-04-23,2010,2,4,1829521.83,66.42,3.05,,,,,,False,126512,0.0,False,Between 100k and 150k
10,2010-04-30,2010,2,4,1790694.59,69.76,3.105,,,,,,False,126512,0.0,False,Between 100k and 150k
10,2010-05-07,2010,2,5,1921432.16,71.06,3.127,,,,,,False,126512,0.0,False,Between 100k and 150k
10,2010-05-14,2010,2,5,1808056.41,73.88,3.145,,,,,,False,126512,0.0,False,Between 100k and 150k
10,2010-05-21,2010,2,5,1847613.58,78.32,3.12,,,,,,False,126512,0.0,False,Between 100k and 150k
10,2010-05-28,2010,2,5,1904618.17,76.67,3.058,,,,,,False,126512,0.0,False,Between 100k and 150k
10,2010-06-04,2010,2,6,1931406.28,82.82,2.941,,,,,,False,126512,0.0,False,Between 100k and 150k
10,2010-06-11,2010,2,6,1827521.71,89.67,3.057,,,,,,False,126512,0.0,False,Between 100k and 150k
10,2010-06-18,2010,2,6,1837636.24,83.49,2.935,,,,,,False,126512,0.0,False,Between 100k and 150k
10,2010-06-25,2010,2,6,1768172.31,90.32,3.084,,,,,,False,126512,0.0,False,Between 100k and 150k
10,2010-07-02,2010,3,7,1845893.87,92.89,2.978,,,,,,False,126512,0.0,False,Between 100k and 150k
10,2010-07-09,2010,3,7,1769793.3699999999,91.03,3.1,,,,,,False,126512,0.0,False,Between 100k and 150k
10,2010-07-16,2010,3,7,1828052.47,91.8,2.971,,,,,,False,126512,0.0,False,Between 100k and 150k
10,2010-07-23,2010,3,7,1831676.03,88.44,3.112,,,,,,False,126512,0.0,False,Between 100k and 150k
10,2010-07-30,2010,3,7,1832664.03,85.03,3.017,,,,,,False,126512,0.0,False,Between 100k and 150k
10,2010-08-06,2010,3,8,1949236.09,86.13,3.123,,,,,,False,126512,0.0,False,Between 100k and 150k
10,2010-08-13,2010,3,8,1962996.7,88.37,3.049,,,,,,False,126512,0.0,False,Between 100k and 150k
10,2010-08-20,2010,3,8,1983190.56,89.88,3.041,,,,,,False,126512,0.0,False,Between 100k and 150k
10,2010-08-27,2010,3,8,1727565.42,84.99,3.022,,,,,,False,126512,0.0,False,Between 100k and 150k
10,2010-09-03,2010,3,9,1766331.45,83.8,3.087,,,,,,False,126512,0.0,False,Between 100k and 150k
10,2010-09-10,2010,3,9,1720530.23,84.04,2.961,,,,,,True,126512,0.0,False,Between 100k and 150k
10,2010-09-17,2010,3,9,1716755.78,85.52,3.028,,,,,,False,126512,0.0,False,Between 100k and 150k
10,2010-09-24,2010,3,9,1655036.75,85.75,2.939,,,,,,False,126512,0.0,False,Between 100k and 150k
10,2010-10-01,2010,4,10,1645892.97,86.01,3.001,,,,,,False,126512,0.0,False,Between 100k and 150k
10,2010-10-08,2010,4,10,1772192.42,77.04,2.924,,,,,,False,126512,0.0,False,Between 100k and 150k
10,2010-10-15,2010,4,10,1703850.25,75.48,3.08,,,,,,False,126512,0.0,False,Between 100k and 150k
10,2010-10-22,2010,4,10,1740234.06,68.12,3.014,,,,,,False,126512,0.0,False,Between 100k and 150k
10,2010-10-29,2010,4,10,1741308.56,68.76,3.13,,,,,,False,126512,0.0,False,Between 100k and 150k
10,2010-11-05,2010,4,11,1832211.96,71.04,3.009,,,,,,False,126512,0.0,False,Between 100k and 150k
10,2010-11-12,2010,4,11,1895901.59,61.24,3.13,,,,,,False,126512,0.0,False,Between 100k and 150k
10,2010-11-19,2010,4,11,1949177.13,58.83,3.047,,,,,,False,126512,0.0,False,Between 100k and 150k
10,2010-11-26,2010,4,11,2939946.38,55.33,3.162,,,,,,True,126512,0.0,False,Between 100k and 150k
10,2010-12-03,2010,4,12,2251206.64,51.17,3.041,,,,,,False,126512,0.0,False,Between 100k and 150k
10,2010-12-10,2010,4,12,2411790.21,60.51,3.091,,,,,,False,126512,0.0,False,Between 100k and 150k
10,2010-12-17,2010,4,12,2811646.85,59.15,3.125,,,,,,False,126512,0.0,False,Between 100k and 150k
10,2010-12-24,2010,4,12,3749057.69,57.06,3.236,,,,,,False,126512,0.0,False,Between 100k and 150k
10,2010-12-31,2010,4,12,1707298.1400000001,49.67,3.148,,,,,,True,126512,0.0,False,Between 100k and 150k
10,2011-01-07,2011,1,1,1714309.9,43.43,3.287,,,,,,False,126512,0.0,False,Between 100k and 150k
10,2011-01-14,2011,1,1,1710803.59,49.98,3.312,,,,,,False,126512,0.0,False,Between 100k and 150k
10,2011-01-21,2011,1,1,1677556.18,56.75,3.336,,,,,,False,126512,0.0,False,Between 100k and 150k
10,2011-01-28,2011,1,1,1715769.05,53.03,3.231,,,,,,False,126512,0.0,False,Between 100k and 150k
10,2011-02-04,2011,1,2,1968045.91,44.88,3.348,,,,,,False,126512,0.0,False,Between 100k and 150k
10,2011-02-11,2011,1,2,2115408.31,51.51,3.381,,,,,,True,126512,0.0,False,Between 100k and 150k
10,2011-02-18,2011,1,2,2106934.55,61.77,3.43,,,,,,False,126512,0.0,False,Between 100k and 150k
10,2011-02-25,2011,1,2,1967996.71,53.59,3.398,,,,,,False,126512,0.0,False,Between 100k and 150k
10,2011-03-04,2011,1,3,1958003.19,56.96,3.674,,,,,,False,126512,0.0,False,Between 100k and 150k
10,2011-03-11,2011,1,3,1933469.15,64.22,3.63,,,,,,False,126512,0.0,False,Between 100k and 150k
10,2011-03-18,2011,1,3,1884734.31,70.12,3.892,,,,,,False,126512,0.0,False,Between 100k and 150k
10,2011-03-25,2011,1,3,1815798.85,62.53,3.716,,,,,,False,126512,0.0,False,Between 100k and 150k
10,2011-04-01,2011,2,4,1827733.18,67.64,3.772,,,,,,False,126512,0.0,False,Between 100k and 150k
10,2011-04-08,2011,2,4,1870720.73,73.03,3.818,,,,,,False,126512,0.0,False,Between 100k and 150k
10,2011-04-15,2011,2,4,1781767.22,61.05,4.089,,,,,,False,126512,0.0,False,Between 100k and 150k
10,2011-04-22,2011,2,4,2004831.14,75.93,3.917,,,,,,False,126512,0.0,False,Between 100k and 150k
10,2011-04-29,2011,2,4,1873646.34,73.38,4.151,,,,,,False,126512,0.0,False,Between 100k and 150k
10,2011-05-06,2011,2,5,1841369.99,73.56,4.193,,,,,,False,126512,0.0,False,Between 100k and 150k
10,2011-05-13,2011,2,5,1712995.44,74.04,4.202,,,,,,False,126512,0.0,False,Between 100k and 150k
10,2011-05-20,2011,2,5,1720908.01,72.62,3.99,,,,,,False,126512,0.0,False,Between 100k and 150k
10,2011-05-27,2011,2,5,1743000.38,78.62,3.933,,,,,,False,126512,0.0,False,Between 100k and 150k
10,2011-06-03,2011,2,6,1792210.89,81.87,3.893,,,,,,False,126512,0.0,False,Between 100k and 150k
10,2011-06-10,2011,2,6,1740063.1,84.57,3.981,,,,,,False,126512,0.0,False,Between 100k and 150k
10,2011-06-17,2011,2,6,1817934.76,87.96,3.935,,,,,,False,126512,0.0,False,Between 100k and 150k
10,2011-06-24,2011,2,6,1711813.1300000001,90.69,3.807,,,,,,False,126512,0.0,False,Between 100k and 150k
10,2011-07-01,2011,3,7,1751369.75,95.36,3.842,,,,,,False,126512,0.0,False,Between 100k and 150k
10,2011-07-08,2011,3,7,1699708.3800000001,88.57,3.793,,,,,,False,126512,0.0,False,Between 100k and 150k
10,2011-07-15,2011,3,7,1775068.4,86.01,3.779,,,,,,False,126512,0.0,False,Between 100k and 150k
10,2011-07-22,2011,3,7,1774342.61,88.59,3.697,,,,,,False,126512,0.0,False,Between 100k and 150k
10,2011-07-29,2011,3,7,1745841.33,86.75,3.694,,,,,,False,126512,0.0,False,Between 100k and 150k
10,2011-08-05,2011,3,8,1886299.98,89.8,3.803,,,,,,False,126512,0.0,False,Between 100k and 150k
10,2011-08-12,2011,3,8,1917397.6300000001,85.61,3.794,,,,,,False,126512,0.0,False,Between 100k and 150k
10,2011-08-19,2011,3,8,1954849.68,87.4,3.743,,,,,,False,126512,0.0,False,Between 100k and 150k
10,2011-08-26,2011,3,8,1728399.07,91.59,3.663,,,,,,False,126512,0.0,False,Between 100k and 150k
10,2011-09-02,2011,3,9,1758587.35,91.61,3.798,,,,,,False,126512,0.0,False,Between 100k and 150k
10,2011-09-09,2011,3,9,1670579.82,89.06,3.771,,,,,,True,126512,0.0,False,Between 100k and 150k
10,2011-09-16,2011,3,9,1650894.3,77.49,3.784,,,,,,False,126512,0.0,False,Between 100k and 150k
10,2011-09-23,2011,3,9,1685910.53,82.51,3.789,,,,,,False,126512,0.0,False,Between 100k and 150k
10,2011-09-30,2011,3,9,1627707.31,82.27,3.877,,,,,,False,126512,0.0,False,Between 100k and 150k
10,2011-10-07,2011,4,10,1788227.6,75.01,3.827,,,,,,False,126512,0.0,False,Between 100k and 150k
10,2011-10-14,2011,4,10,1704753.02,70.27,3.698,,,,,,False,126512,0.0,False,Between 100k and 150k
10,2011-10-21,2011,4,10,1745928.56,77.91,3.842,,,,,,False,126512,0.0,False,Between 100k and 150k
10,2011-10-28,2011,4,10,1771792.97,72.79,3.843,,,,,,False,126512,0.0,False,Between 100k and 150k
10,2011-11-04,2011,4,11,1904438.59,68.57,3.828,,,,,,False,126512,0.0,False,Between 100k and 150k
10,2011-11-11,2011,4,11,2076570.84,55.28,3.677,13444.17,14909.99,752.18,4320.22,5896.3,False,126512,39322.86,True,Between 100k and 150k
10,2011-11-18,2011,4,11,1869087.85,58.97,3.669,3886.23,708.7,115.18,695.54,9141.32,False,126512,14546.970000000001,True,Between 100k and 150k
10,2011-11-25,2011,4,11,2950198.64,60.68,3.76,174.72,329.0,141630.61,79.0,1009.98,True,126512,143223.31,True,Between 100k and 150k
10,2011-12-02,2011,4,12,2068097.18,57.29,3.701,7772.17,240.0,4737.51,6615.5,36360.42,False,126512,55725.6,True,Between 100k and 150k
10,2011-12-09,2011,4,12,2429310.9,42.58,3.644,7010.08,74.24,1019.36,5124.86,9458.28,False,126512,22686.82,True,Between 100k and 150k
10,2011-12-16,2011,4,12,2555031.18,50.53,3.489,2200.27,337.44,1203.16,158.52,3475.95,False,126512,7375.34,True,Between 100k and 150k
10,2011-12-23,2011,4,12,3487986.89,48.36,3.541,300.02,77.73,2432.01,108.37,4078.21,False,126512,6996.34,True,Between 100k and 150k
10,2011-12-30,2011,4,12,1930690.3699999999,48.92,3.428,7676.36,104519.54,179.82,1573.87,3732.93,True,126512,117682.51999999999,True,Between 100k and 150k
10,2012-01-06,2012,1,1,1683401.78,59.85,3.443,7737.75,38456.09,39.72,305.2,5408.08,False,126512,51946.84,True,Between 100k and 150k
10,2012-01-13,2012,1,1,1711562.73,51.0,3.477,5203.77,14424.42,1.38,597.55,5659.57,False,126512,25886.690000000002,True,Between 100k and 150k
10,2012-01-20,2012,1,1,1675562.94,54.51,3.66,2972.31,3286.44,1.0,644.03,5331.52,False,126512,12235.3,True,Between 100k and 150k
10,2012-01-27,2012,1,1,1632406.0,53.59,3.675,3242.59,1646.86,,45.8,1691.83,False,126512,6627.08,True,Between 100k and 150k
10,2012-02-03,2012,1,2,1867403.01,56.85,3.543,42468.4,1985.73,174.33,33345.34,5609.77,False,126512,83583.57,True,Between 100k and 150k
10,2012-02-10,2012,1,2,2218595.8000000003,55.73,3.722,8414.22,861.38,66.96,6806.11,5723.0,True,126512,21871.67,True,Between 100k and 150k
10,2012-02-17,2012,1,2,2168709.76,54.12,3.781,20174.89,8935.08,10.8,6330.02,12821.24,False,126512,48272.03,True,Between 100k and 150k
10,2012-02-24,2012,1,2,2039415.74,56.02,3.95,13929.09,4614.67,,596.5,6528.31,False,126512,25668.570000000003,True,Between 100k and 150k
10,2012-03-02,2012,1,3,1990371.02,57.62,3.882,22685.06,152.91,48.76,5831.75,2808.95,False,126512,31527.43,True,Between 100k and 150k
10,2012-03-09,2012,1,3,1917483.1,57.65,3.963,11265.62,7.9,14.95,919.45,2473.83,False,126512,14681.750000000002,True,Between 100k and 150k
10,2012-03-16,2012,1,3,1930814.66,62.11,4.273,3977.45,,6.03,1928.5,2273.92,False,126512,8185.9,True,Between 100k and 150k
10,2012-03-23,2012,1,3,1837457.69,56.54,4.288,4034.35,3.1,4.08,480.89,2194.51,False,126512,6716.93,True,Between 100k and 150k
10,2012-03-30,2012,1,3,1815760.42,67.92,4.294,7388.74,7.8,,574.87,4035.49,False,126512,12006.9,True,Between 100k and 150k
10,2012-04-06,2012,2,4,2163384.17,65.99,4.282,9256.0,,23.74,4802.15,8553.67,False,126512,22635.559999999998,True,Between 100k and 150k
10,2012-04-13,2012,2,4,1974687.51,70.28,4.254,7299.64,10818.3,27.47,3675.97,1148.04,False,126512,22969.420000000002,True,Between 100k and 150k
10,2012-04-20,2012,2,4,1777166.53,67.75,4.111,4973.95,4561.31,5.17,1953.72,3653.48,False,126512,15147.63,True,Between 100k and 150k
10,2012-04-27,2012,2,4,1712987.56,80.11,4.088,3444.43,1.5,3.39,124.18,2906.22,False,126512,6479.719999999999,True,Between 100k and 150k
10,2012-05-04,2012,2,5,1821364.42,77.02,4.058,18275.88,,21.31,4872.45,2722.29,False,126512,25891.930000000004,True,Between 100k and 150k
10,2012-05-11,2012,2,5,1792345.3,76.03,4.186,10837.25,,105.67,4736.02,2747.36,False,126512,18426.3,True,Between 100k and 150k
10,2012-05-18,2012,2,5,1795152.73,85.19,4.308,9630.62,,9.46,972.85,2986.24,False,126512,13599.17,True,Between 100k and 150k
10,2012-05-25,2012,2,5,1830939.1,86.03,4.127,7786.58,,712.2,1701.28,3214.55,False,126512,13414.61,True,Between 100k and 150k
10,2012-06-01,2012,2,6,1767471.48,80.06,4.277,11614.41,,172.39,2945.55,1528.02,False,126512,16260.369999999999,True,Between 100k and 150k
10,2012-06-08,2012,2,6,1840491.41,86.87,4.103,7184.69,31.0,338.26,637.39,5399.57,False,126512,13590.91,True,Between 100k and 150k
10,2012-06-15,2012,2,6,1811562.88,88.58,4.144,6017.71,18.8,41.99,2052.91,4250.19,False,126512,12381.599999999999,True,Between 100k and 150k
10,2012-06-22,2012,2,6,1755334.18,89.92,4.014,7684.55,12.6,1.17,3375.65,7210.53,False,126512,18284.5,True,Between 100k and 150k
10,2012-06-29,2012,2,6,1707481.9,91.36,3.875,3339.88,22.0,,1119.45,3710.52,False,126512,8191.85,True,Between 100k and 150k
10,2012-07-06,2012,3,7,1805999.79,86.87,3.666,12644.88,11.2,4.12,5763.56,4746.94,False,126512,23170.7,True,Between 100k and 150k
10,2012-07-13,2012,3,7,1765571.91,89.8,3.723,7069.25,5.0,0.32,8194.36,1372.82,False,126512,16641.75,True,Between 100k and 150k
10,2012-07-20,2012,3,7,1869967.03,84.45,3.589,6596.8,,44.6,4275.27,10650.28,False,126512,21566.950000000004,True,Between 100k and 150k
10,2012-07-27,2012,3,7,1817603.66,83.98,3.769,9511.34,,8.87,16376.33,3062.22,False,126512,28958.760000000002,True,Between 100k and 150k
10,2012-08-03,2012,3,8,1939440.09,84.76,3.595,37194.44,,53.4,21623.93,2549.27,False,126512,61421.04,True,Between 100k and 150k
10,2012-08-10,2012,3,8,1880436.94,90.78,3.811,15282.47,,58.8,5537.01,14827.71,False,126512,35705.99,True,Between 100k and 150k
10,2012-08-17,2012,3,8,1827797.4,88.83,4.002,4407.9,,7.2,3037.56,3717.52,False,126512,11170.18,True,Between 100k and 150k
10,2012-08-24,2012,3,8,1764984.15,82.5,4.055,11322.69,,34.0,6602.59,7256.22,False,126512,25215.5,True,Between 100k and 150k
10,2012-08-31,2012,3,8,1650285.54,86.97,3.886,26218.85,,68.24,12440.51,3544.68,False,126512,42272.28,True,Between 100k and 150k
10,2012-09-07,2012,3,9,1708283.28,83.07,4.124,11848.88,20.0,47.52,3530.47,2552.3,True,126512,17999.17,True,Between 100k and 150k
10,2012-09-14,2012,3,9,1640168.99,78.47,3.966,10389.14,,15.97,4943.53,7618.04,False,126512,22966.68,True,Between 100k and 150k
10,2012-09-21,2012,3,9,1671857.57,81.93,4.125,11273.56,245.91,27.0,2976.5,7950.03,False,126512,22473.0,True,Between 100k and 150k
10,2012-09-28,2012,3,9,1694862.41,82.52,3.966,6091.96,62.82,2.82,3350.88,1751.75,False,126512,11260.23,True,Between 100k and 150k
10,2012-10-05,2012,4,10,1758971.38,80.88,4.132,8975.95,,46.24,9546.75,7186.77,False,126512,25755.710000000003,True,Between 100k and 150k
10,2012-10-12,2012,4,10,1713889.11,76.03,4.468,2674.51,,10.32,1390.15,8116.13,False,126512,12191.11,True,Between 100k and 150k
10,2012-10-19,2012,4,10,1734834.82,72.71,4.449,3067.64,,53.6,967.02,2705.58,False,126512,6793.84,True,Between 100k and 150k
10,2012-10-26,2012,4,10,1744349.05,70.5,4.301,9657.93,63.3,100.0,1925.87,834.57,False,126512,12581.669999999998,True,Between 100k and 150k
11,2010-02-05,2010,1,2,1528008.6400000001,46.04,2.572,,,,,,False,207499,0.0,False,More than 200k
11,2010-02-12,2010,1,2,1574684.08,48.01,2.548,,,,,,True,207499,0.0,False,More than 200k
11,2010-02-19,2010,1,2,1503298.7,48.3,2.514,,,,,,False,207499,0.0,False,More than 200k
11,2010-02-26,2010,1,2,1336404.65,52.79,2.561,,,,,,False,207499,0.0,False,More than 200k
11,2010-03-05,2010,1,3,1426622.65,53.96,2.625,,,,,,False,207499,0.0,False,More than 200k
11,2010-03-12,2010,1,3,1331883.16,64.1,2.667,,,,,,False,207499,0.0,False,More than 200k
11,2010-03-19,2010,1,3,1364207.0,61.51,2.72,,,,,,False,207499,0.0,False,More than 200k
11,2010-03-26,2010,1,3,1245624.27,58.09,2.732,,,,,,False,207499,0.0,False,More than 200k
11,2010-04-02,2010,2,4,1446210.26,66.16,2.719,,,,,,False,207499,0.0,False,More than 200k
11,2010-04-09,2010,2,4,1470308.32,69.57,2.77,,,,,,False,207499,0.0,False,More than 200k
11,2010-04-16,2010,2,4,1323243.35,67.81,2.808,,,,,,False,207499,0.0,False,More than 200k
11,2010-04-23,2010,2,4,1283766.55,68.37,2.795,,,,,,False,207499,0.0,False,More than 200k
11,2010-04-30,2010,2,4,1239766.89,71.13,2.78,,,,,,False,207499,0.0,False,More than 200k
11,2010-05-07,2010,2,5,1312329.78,75.57,2.835,,,,,,False,207499,0.0,False,More than 200k
11,2010-05-14,2010,2,5,1266796.13,77.64,2.854,,,,,,False,207499,0.0,False,More than 200k
11,2010-05-21,2010,2,5,1271646.6199999999,76.97,2.826,,,,,,False,207499,0.0,False,More than 200k
11,2010-05-28,2010,2,5,1264272.52,79.69,2.759,,,,,,False,207499,0.0,False,More than 200k
11,2010-06-04,2010,2,6,1396322.19,79.66,2.705,,,,,,False,207499,0.0,False,More than 200k
11,2010-06-11,2010,2,6,1339570.85,82.81,2.668,,,,,,False,207499,0.0,False,More than 200k
11,2010-06-18,2010,2,6,1336522.92,84.13,2.637,,,,,,False,207499,0.0,False,More than 200k
11,2010-06-25,2010,2,6,1262025.08,84.5,2.653,,,,,,False,207499,0.0,False,More than 200k
11,2010-07-02,2010,3,7,1302600.14,83.09,2.669,,,,,,False,207499,0.0,False,More than 200k
11,2010-07-09,2010,3,7,1280156.47,83.01,2.642,,,,,,False,207499,0.0,False,More than 200k
11,2010-07-16,2010,3,7,1290609.54,84.9,2.623,,,,,,False,207499,0.0,False,More than 200k
11,2010-07-23,2010,3,7,1244390.03,84.57,2.608,,,,,,False,207499,0.0,False,More than 200k
11,2010-07-30,2010,3,7,1250178.89,83.26,2.64,,,,,,False,207499,0.0,False,More than 200k
11,2010-08-06,2010,3,8,1369634.92,86.54,2.627,,,,,,False,207499,0.0,False,More than 200k
11,2010-08-13,2010,3,8,1384339.1,87.73,2.692,,,,,,False,207499,0.0,False,More than 200k
11,2010-08-20,2010,3,8,1430192.3699999999,88.93,2.664,,,,,,False,207499,0.0,False,More than 200k
11,2010-08-27,2010,3,8,1311263.07,87.7,2.619,,,,,,False,207499,0.0,False,More than 200k
11,2010-09-03,2010,3,9,1303914.27,84.94,2.577,,,,,,False,207499,0.0,False,More than 200k
11,2010-09-10,2010,3,9,1231428.46,81.93,2.565,,,,,,True,207499,0.0,False,More than 200k
11,2010-09-17,2010,3,9,1215676.31,83.04,2.582,,,,,,False,207499,0.0,False,More than 200k
11,2010-09-24,2010,3,9,1170103.25,77.36,2.624,,,,,,False,207499,0.0,False,More than 200k
11,2010-10-01,2010,4,10,1182490.46,75.11,2.603,,,,,,False,207499,0.0,False,More than 200k
11,2010-10-08,2010,4,10,1293472.8,68.71,2.633,,,,,,False,207499,0.0,False,More than 200k
11,2010-10-15,2010,4,10,1175003.67,71.46,2.72,,,,,,False,207499,0.0,False,More than 200k
11,2010-10-22,2010,4,10,1169831.38,72.6,2.725,,,,,,False,207499,0.0,False,More than 200k
11,2010-10-29,2010,4,10,1195036.0,74.21,2.716,,,,,,False,207499,0.0,False,More than 200k
11,2010-11-05,2010,4,11,1332759.13,64.41,2.689,,,,,,False,207499,0.0,False,More than 200k
11,2010-11-12,2010,4,11,1281675.6,63.74,2.728,,,,,,False,207499,0.0,False,More than 200k
11,2010-11-19,2010,4,11,1292346.57,58.63,2.771,,,,,,False,207499,0.0,False,More than 200k
11,2010-11-26,2010,4,11,1757242.51,69.9,2.735,,,,,,True,207499,0.0,False,More than 200k
11,2010-12-03,2010,4,12,1380522.64,55.9,2.708,,,,,,False,207499,0.0,False,More than 200k
11,2010-12-10,2010,4,12,1564516.43,53.33,2.843,,,,,,False,207499,0.0,False,More than 200k
11,2010-12-17,2010,4,12,1843971.15,54.63,2.869,,,,,,False,207499,0.0,False,More than 200k
11,2010-12-24,2010,4,12,2306265.36,59.33,2.886,,,,,,False,207499,0.0,False,More than 200k
11,2010-12-31,2010,4,12,1172003.1,55.03,2.943,,,,,,True,207499,0.0,False,More than 200k
11,2011-01-07,2011,1,1,1178905.44,54.43,2.976,,,,,,False,207499,0.0,False,More than 200k
11,2011-01-14,2011,1,1,1194449.78,45.34,2.983,,,,,,False,207499,0.0,False,More than 200k
11,2011-01-21,2011,1,1,1187776.19,51.51,3.016,,,,,,False,207499,0.0,False,More than 200k
11,2011-01-28,2011,1,1,1100418.69,51.04,3.01,,,,,,False,207499,0.0,False,More than 200k
11,2011-02-04,2011,1,2,1422546.05,47.17,2.989,,,,,,False,207499,0.0,False,More than 200k
11,2011-02-11,2011,1,2,1419236.9,44.61,3.022,,,,,,True,207499,0.0,False,More than 200k
11,2011-02-18,2011,1,2,1554747.15,61.5,3.045,,,,,,False,207499,0.0,False,More than 200k
11,2011-02-25,2011,1,2,1323999.36,68.74,3.065,,,,,,False,207499,0.0,False,More than 200k
11,2011-03-04,2011,1,3,1399456.99,66.5,3.288,,,,,,False,207499,0.0,False,More than 200k
11,2011-03-11,2011,1,3,1314557.31,63.29,3.459,,,,,,False,207499,0.0,False,More than 200k
11,2011-03-18,2011,1,3,1391813.69,70.17,3.488,,,,,,False,207499,0.0,False,More than 200k
11,2011-03-25,2011,1,3,1229777.24,73.74,3.473,,,,,,False,207499,0.0,False,More than 200k
11,2011-04-01,2011,2,4,1258674.12,69.1,3.524,,,,,,False,207499,0.0,False,More than 200k
11,2011-04-08,2011,2,4,1327401.06,73.57,3.622,,,,,,False,207499,0.0,False,More than 200k
11,2011-04-15,2011,2,4,1312905.8,76.64,3.743,,,,,,False,207499,0.0,False,More than 200k
11,2011-04-22,2011,2,4,1388118.53,78.31,3.807,,,,,,False,207499,0.0,False,More than 200k
11,2011-04-29,2011,2,4,1357589.89,79.97,3.81,,,,,,False,207499,0.0,False,More than 200k
11,2011-05-06,2011,2,5,1331453.41,71.39,3.906,,,,,,False,207499,0.0,False,More than 200k
11,2011-05-13,2011,2,5,1277959.42,80.93,3.899,,,,,,False,207499,0.0,False,More than 200k
11,2011-05-20,2011,2,5,1239466.97,76.97,3.907,,,,,,False,207499,0.0,False,More than 200k
11,2011-05-27,2011,2,5,1216876.52,85.61,3.786,,,,,,False,207499,0.0,False,More than 200k
11,2011-06-03,2011,2,6,1343637.0,86.14,3.699,,,,,,False,207499,0.0,False,More than 200k
11,2011-06-10,2011,2,6,1314626.75,85.79,3.648,,,,,,False,207499,0.0,False,More than 200k
11,2011-06-17,2011,2,6,1337506.74,87.9,3.637,,,,,,False,207499,0.0,False,More than 200k
11,2011-06-24,2011,2,6,1254587.84,86.13,3.594,,,,,,False,207499,0.0,False,More than 200k
11,2011-07-01,2011,3,7,1297472.06,86.43,3.524,,,,,,False,207499,0.0,False,More than 200k
11,2011-07-08,2011,3,7,1334627.96,87.17,3.48,,,,,,False,207499,0.0,False,More than 200k
11,2011-07-15,2011,3,7,1266546.73,88.3,3.575,,,,,,False,207499,0.0,False,More than 200k
11,2011-07-22,2011,3,7,1290576.44,87.8,3.651,,,,,,False,207499,0.0,False,More than 200k
11,2011-07-29,2011,3,7,1212938.67,89.46,3.682,,,,,,False,207499,0.0,False,More than 200k
11,2011-08-05,2011,3,8,1403198.94,90.04,3.684,,,,,,False,207499,0.0,False,More than 200k
11,2011-08-12,2011,3,8,1354188.43,90.3,3.638,,,,,,False,207499,0.0,False,More than 200k
11,2011-08-19,2011,3,8,1484169.74,89.51,3.554,,,,,,False,207499,0.0,False,More than 200k
11,2011-08-26,2011,3,8,1304706.75,89.09,3.523,,,,,,False,207499,0.0,False,More than 200k
11,2011-09-02,2011,3,9,1297792.41,91.44,3.533,,,,,,False,207499,0.0,False,More than 200k
11,2011-09-09,2011,3,9,1249439.95,84.91,3.546,,,,,,True,207499,0.0,False,More than 200k
11,2011-09-16,2011,3,9,1270816.01,85.11,3.526,,,,,,False,207499,0.0,False,More than 200k
11,2011-09-23,2011,3,9,1235775.15,82.14,3.467,,,,,,False,207499,0.0,False,More than 200k
11,2011-09-30,2011,3,9,1190515.83,84.4,3.355,,,,,,False,207499,0.0,False,More than 200k
11,2011-10-07,2011,4,10,1346271.06,76.97,3.285,,,,,,False,207499,0.0,False,More than 200k
11,2011-10-14,2011,4,10,1286388.96,75.56,3.274,,,,,,False,207499,0.0,False,More than 200k
11,2011-10-21,2011,4,10,1325107.53,70.91,3.353,,,,,,False,207499,0.0,False,More than 200k
11,2011-10-28,2011,4,10,1310684.1,72.66,3.372,,,,,,False,207499,0.0,False,More than 200k
11,2011-11-04,2011,4,11,1458287.38,61.13,3.332,,,,,,False,207499,0.0,False,More than 200k
11,2011-11-11,2011,4,11,1366053.69,64.2,3.297,9134.39,10126.19,473.38,2206.22,6338.3,False,207499,28278.480000000003,True,More than 200k
11,2011-11-18,2011,4,11,1315091.63,66.17,3.308,10941.05,222.94,263.1,404.05,8885.3,False,207499,20716.44,True,More than 200k
11,2011-11-25,2011,4,11,1848953.48,70.03,3.236,531.09,74.35,71081.98,3.0,1676.85,True,207499,73367.27,True,More than 200k
11,2011-12-02,2011,4,12,1399322.44,56.89,3.172,7019.2,97.47,2917.09,3648.95,28803.28,False,207499,42485.99,True,More than 200k
11,2011-12-09,2011,4,12,1646655.94,50.63,3.158,4923.89,36.0,525.03,2598.36,8696.45,False,207499,16779.730000000003,True,More than 200k
11,2011-12-16,2011,4,12,1783910.06,59.69,3.159,1812.02,143.06,592.44,669.07,4900.25,False,207499,8116.84,True,More than 200k
11,2011-12-23,2011,4,12,2213518.5,54.29,3.112,515.57,11.23,964.31,,3429.82,False,207499,4920.93,True,More than 200k
11,2011-12-30,2011,4,12,1352084.21,48.86,3.129,4241.32,58046.41,239.33,78.09,586.72,True,207499,63191.87,True,More than 200k
11,2012-01-06,2012,1,1,1283885.55,54.44,3.157,5107.29,32305.3,144.66,530.55,6004.19,False,207499,44091.990000000005,True,More than 200k
11,2012-01-13,2012,1,1,1264736.59,53.1,3.261,7153.87,4831.34,39.14,590.68,8698.99,False,207499,21314.019999999997,True,More than 200k
11,2012-01-20,2012,1,1,1207303.29,56.43,3.268,2421.89,1803.64,37.76,297.73,2282.23,False,207499,6843.25,True,More than 200k
11,2012-01-27,2012,1,1,1162675.85,58.36,3.29,708.33,1631.94,49.3,3.0,2116.1,False,207499,4508.67,True,More than 200k
11,2012-02-03,2012,1,2,1376732.18,60.24,3.36,50909.18,1957.49,137.23,37091.67,6418.36,False,207499,96513.93000000001,True,More than 200k
11,2012-02-10,2012,1,2,1574287.76,52.23,3.409,12424.72,4575.75,81.74,8932.68,6987.67,True,207499,33002.560000000005,True,More than 200k
11,2012-02-17,2012,1,2,1569607.94,52.77,3.51,10256.46,9792.52,24.82,4060.54,2418.36,False,207499,26552.7,True,More than 200k
11,2012-02-24,2012,1,2,1379473.03,61.11,3.555,17546.88,7531.48,0.5,3698.03,12656.68,False,207499,41433.57,True,More than 200k
11,2012-03-02,2012,1,3,1438383.44,62.61,3.63,16404.25,1191.27,7.03,11524.7,4400.35,False,207499,33527.6,True,More than 200k
11,2012-03-09,2012,1,3,1413382.76,61.44,3.669,7634.94,379.04,3.5,1251.85,6147.5,False,207499,15416.83,True,More than 200k
11,2012-03-16,2012,1,3,1441884.28,64.21,3.734,7073.59,224.43,4.19,3164.68,2438.5,False,207499,12905.39,True,More than 200k
11,2012-03-23,2012,1,3,1300593.61,67.16,3.787,7359.11,297.23,2.04,558.46,3588.44,False,207499,11805.28,True,More than 200k
11,2012-03-30,2012,1,3,1300104.03,70.23,3.845,7438.04,190.98,1.0,1345.08,3504.0,False,207499,12479.099999999999,True,More than 200k
11,2012-04-06,2012,2,4,1596325.01,74.19,3.891,10760.37,,45.34,4048.21,5596.73,False,207499,20450.65,True,More than 200k
11,2012-04-13,2012,2,4,1472752.01,72.74,3.891,8906.38,4722.18,9.86,1412.83,2772.79,False,207499,17824.04,True,More than 200k
11,2012-04-20,2012,2,4,1315356.99,71.97,3.877,7906.21,68.22,1.44,393.55,4854.79,False,207499,13224.21,True,More than 200k
11,2012-04-27,2012,2,4,1236238.29,73.4,3.814,1824.41,1.41,1.48,,5826.68,False,207499,7653.9800000000005,True,More than 200k
11,2012-05-04,2012,2,5,1370251.22,79.07,3.749,17975.32,,160.84,9298.85,4109.98,False,207499,31544.99,True,More than 200k
11,2012-05-11,2012,2,5,1300147.07,75.13,3.688,15656.23,,21.7,4600.43,3707.51,False,207499,23985.870000000003,True,More than 200k
11,2012-05-18,2012,2,5,1352442.31,72.53,3.63,4622.9,,9.22,479.55,4109.33,False,207499,9221.0,True,More than 200k
11,2012-05-25,2012,2,5,1297335.87,78.44,3.561,15143.06,,984.13,2938.13,5495.44,False,207499,24560.76,True,More than 200k
11,2012-06-01,2012,2,6,1361595.33,81.67,3.501,8172.36,79.6,126.72,1785.38,4232.48,False,207499,14396.539999999997,True,More than 200k
11,2012-06-08,2012,2,6,1414343.53,82.1,3.452,11984.13,191.4,78.65,2768.31,6358.77,False,207499,21381.26,True,More than 200k
11,2012-06-15,2012,2,6,1417875.42,84.97,3.393,7018.0,247.6,0.15,2876.5,4951.58,False,207499,15093.83,True,More than 200k
11,2012-06-22,2012,2,6,1355680.3,83.26,3.346,8329.88,278.6,1.98,1726.99,6103.42,False,207499,16440.87,True,More than 200k
11,2012-06-29,2012,2,6,1297028.6,87.86,3.286,4430.73,219.8,,1799.43,6504.38,False,207499,12954.34,True,More than 200k
11,2012-07-06,2012,3,7,1461129.94,83.44,3.227,8324.1,125.6,88.73,6101.75,4603.06,False,207499,19243.24,True,More than 200k
11,2012-07-13,2012,3,7,1320239.51,82.46,3.256,7783.03,105.95,34.8,4778.55,2445.82,False,207499,15148.15,True,More than 200k
11,2012-07-20,2012,3,7,1344483.81,82.41,3.311,2874.78,140.22,44.95,3689.47,6187.32,False,207499,12936.74,True,More than 200k
11,2012-07-27,2012,3,7,1272395.02,85.43,3.407,2799.14,97.58,5.64,2364.95,1897.08,False,207499,7164.389999999999,True,More than 200k
11,2012-08-03,2012,3,8,1399341.07,86.94,3.417,21974.47,173.58,25.5,22778.65,6172.69,False,207499,51124.89000000001,True,More than 200k
11,2012-08-10,2012,3,8,1388973.65,86.21,3.494,16812.92,128.54,8.74,4764.33,4098.22,False,207499,25812.75,True,More than 200k
11,2012-08-17,2012,3,8,1421307.2,87.73,3.571,6844.78,209.26,0.04,1235.79,2254.08,False,207499,10543.949999999999,True,More than 200k
11,2012-08-24,2012,3,8,1409515.73,83.17,3.62,3936.04,74.16,102.55,1673.59,4930.02,False,207499,10716.36,True,More than 200k
11,2012-08-31,2012,3,8,1372872.35,86.49,3.638,16650.73,120.0,45.0,7575.93,6689.78,False,207499,31081.44,True,More than 200k
11,2012-09-07,2012,3,9,1304584.4,85.17,3.73,14597.86,56.0,45.05,3235.27,2855.68,True,207499,20789.86,True,More than 200k
11,2012-09-14,2012,3,9,1267675.05,79.61,3.717,7571.95,32.98,19.52,707.47,8664.16,False,207499,16996.08,True,More than 200k
11,2012-09-21,2012,3,9,1326132.98,73.64,3.721,6267.79,159.46,12.0,838.95,9194.37,False,207499,16472.57,True,More than 200k
11,2012-09-28,2012,3,9,1227430.73,77.67,3.666,7694.84,51.91,5.2,1653.38,3211.84,False,207499,12617.17,True,More than 200k
11,2012-10-05,2012,4,10,1422794.26,73.37,3.617,5635.1,,27.94,1754.56,5473.9,False,207499,12891.5,True,More than 200k
11,2012-10-12,2012,4,10,1311965.09,69.94,3.601,2345.03,,22.95,271.93,13035.68,False,207499,15675.59,True,More than 200k
11,2012-10-19,2012,4,10,1232073.18,73.77,3.594,2344.65,,153.97,409.53,2739.63,False,207499,5647.78,True,More than 200k
11,2012-10-26,2012,4,10,1200729.45,74.26,3.506,4115.64,147.27,153.0,1060.9,3936.2,False,207499,9413.010000000002,True,More than 200k
12,2010-02-05,2010,1,2,1100046.37,49.47,2.962,,,,,,False,112238,0.0,False,Between 100k and 150k
12,2010-02-12,2010,1,2,1117863.33,47.87,2.946,,,,,,True,112238,0.0,False,Between 100k and 150k
12,2010-02-19,2010,1,2,1095421.65,54.83,2.915,,,,,,False,112238,0.0,False,Between 100k and 150k
12,2010-02-26,2010,1,2,1048617.17,50.23,2.825,,,,,,False,112238,0.0,False,Between 100k and 150k
12,2010-03-05,2010,1,3,1077018.27,53.77,2.987,,,,,,False,112238,0.0,False,Between 100k and 150k
12,2010-03-12,2010,1,3,985594.23,50.11,2.925,,,,,,False,112238,0.0,False,Between 100k and 150k
12,2010-03-19,2010,1,3,972088.34,59.57,3.054,,,,,,False,112238,0.0,False,Between 100k and 150k
12,2010-03-26,2010,1,3,981615.8099999999,60.06,3.083,,,,,,False,112238,0.0,False,Between 100k and 150k
12,2010-04-02,2010,2,4,1011822.3,59.84,3.086,,,,,,False,112238,0.0,False,Between 100k and 150k
12,2010-04-09,2010,2,4,1041238.87,59.25,3.09,,,,,,False,112238,0.0,False,Between 100k and 150k
12,2010-04-16,2010,2,4,957997.52,64.95,3.109,,,,,,False,112238,0.0,False,Between 100k and 150k
12,2010-04-23,2010,2,4,993833.4400000001,64.55,3.05,,,,,,False,112238,0.0,False,Between 100k and 150k
12,2010-04-30,2010,2,4,954220.22,67.38,3.105,,,,,,False,112238,0.0,False,Between 100k and 150k
12,2010-05-07,2010,2,5,1043240.27,70.15,3.127,,,,,,False,112238,0.0,False,Between 100k and 150k
12,2010-05-14,2010,2,5,966054.97,68.44,3.145,,,,,,False,112238,0.0,False,Between 100k and 150k
12,2010-05-21,2010,2,5,958374.5599999999,76.2,3.12,,,,,,False,112238,0.0,False,Between 100k and 150k
12,2010-05-28,2010,2,5,955451.16,67.84,3.058,,,,,,False,112238,0.0,False,Between 100k and 150k
12,2010-06-04,2010,2,6,1049357.36,81.39,2.941,,,,,,False,112238,0.0,False,Between 100k and 150k
12,2010-06-11,2010,2,6,1016039.71,90.84,2.949,,,,,,False,112238,0.0,False,Between 100k and 150k
12,2010-06-18,2010,2,6,956211.2,81.06,3.043,,,,,,False,112238,0.0,False,Between 100k and 150k
12,2010-06-25,2010,2,6,958007.69,87.27,3.084,,,,,,False,112238,0.0,False,Between 100k and 150k
12,2010-07-02,2010,3,7,951957.3099999999,91.98,3.105,,,,,,False,112238,0.0,False,Between 100k and 150k
12,2010-07-09,2010,3,7,943506.28,90.37,3.1,,,,,,False,112238,0.0,False,Between 100k and 150k
12,2010-07-16,2010,3,7,916402.76,97.18,3.094,,,,,,False,112238,0.0,False,Between 100k and 150k
12,2010-07-23,2010,3,7,912403.67,99.22,3.112,,,,,,False,112238,0.0,False,Between 100k and 150k
12,2010-07-30,2010,3,7,913548.25,96.31,3.017,,,,,,False,112238,0.0,False,Between 100k and 150k
12,2010-08-06,2010,3,8,967576.95,92.95,3.123,,,,,,False,112238,0.0,False,Between 100k and 150k
12,2010-08-13,2010,3,8,928264.4,87.01,3.159,,,,,,False,112238,0.0,False,Between 100k and 150k
12,2010-08-20,2010,3,8,948447.34,92.81,3.041,,,,,,False,112238,0.0,False,Between 100k and 150k
12,2010-08-27,2010,3,8,1004516.46,93.19,3.129,,,,,,False,112238,0.0,False,Between 100k and 150k
12,2010-09-03,2010,3,9,1075758.55,83.12,3.087,,,,,,False,112238,0.0,False,Between 100k and 150k
12,2010-09-10,2010,3,9,903119.03,83.63,3.044,,,,,,True,112238,0.0,False,Between 100k and 150k
12,2010-09-17,2010,3,9,852882.61,82.45,3.028,,,,,,False,112238,0.0,False,Between 100k and 150k
12,2010-09-24,2010,3,9,851919.34,81.77,2.939,,,,,,False,112238,0.0,False,Between 100k and 150k
12,2010-10-01,2010,4,10,850936.26,85.2,3.001,,,,,,False,112238,0.0,False,Between 100k and 150k
12,2010-10-08,2010,4,10,918335.68,71.82,3.013,,,,,,False,112238,0.0,False,Between 100k and 150k
12,2010-10-15,2010,4,10,862419.84,75.0,2.976,,,,,,False,112238,0.0,False,Between 100k and 150k
12,2010-10-22,2010,4,10,857883.46,68.85,3.014,,,,,,False,112238,0.0,False,Between 100k and 150k
12,2010-10-29,2010,4,10,955294.7,61.09,3.016,,,,,,False,112238,0.0,False,Between 100k and 150k
12,2010-11-05,2010,4,11,929690.7100000001,65.49,3.129,,,,,,False,112238,0.0,False,Between 100k and 150k
12,2010-11-12,2010,4,11,942475.24,57.79,3.13,,,,,,False,112238,0.0,False,Between 100k and 150k
12,2010-11-19,2010,4,11,894493.7,58.18,3.161,,,,,,False,112238,0.0,False,Between 100k and 150k
12,2010-11-26,2010,4,11,1601377.41,47.66,3.162,,,,,,True,112238,0.0,False,Between 100k and 150k
12,2010-12-03,2010,4,12,1069533.17,43.33,3.041,,,,,,False,112238,0.0,False,Between 100k and 150k
12,2010-12-10,2010,4,12,1121934.15,50.01,3.203,,,,,,False,112238,0.0,False,Between 100k and 150k
12,2010-12-17,2010,4,12,1295605.35,52.77,3.236,,,,,,False,112238,0.0,False,Between 100k and 150k
12,2010-12-24,2010,4,12,1768249.89,52.02,3.236,,,,,,False,112238,0.0,False,Between 100k and 150k
12,2010-12-31,2010,4,12,891736.91,45.64,3.148,,,,,,True,112238,0.0,False,Between 100k and 150k
12,2011-01-07,2011,1,1,910110.24,37.64,3.287,,,,,,False,112238,0.0,False,Between 100k and 150k
12,2011-01-14,2011,1,1,812011.8,43.15,3.312,,,,,,False,112238,0.0,False,Between 100k and 150k
12,2011-01-21,2011,1,1,802105.5,53.53,3.223,,,,,,False,112238,0.0,False,Between 100k and 150k
12,2011-01-28,2011,1,1,873119.06,50.74,3.342,,,,,,False,112238,0.0,False,Between 100k and 150k
12,2011-02-04,2011,1,2,1046068.17,45.14,3.348,,,,,,False,112238,0.0,False,Between 100k and 150k
12,2011-02-11,2011,1,2,1086421.57,51.3,3.381,,,,,,True,112238,0.0,False,Between 100k and 150k
12,2011-02-18,2011,1,2,1128485.1,53.35,3.43,,,,,,False,112238,0.0,False,Between 100k and 150k
12,2011-02-25,2011,1,2,1046203.72,48.45,3.53,,,,,,False,112238,0.0,False,Between 100k and 150k
12,2011-03-04,2011,1,3,1085248.21,51.72,3.674,,,,,,False,112238,0.0,False,Between 100k and 150k
12,2011-03-11,2011,1,3,997672.62,57.75,3.818,,,,,,False,112238,0.0,False,Between 100k and 150k
12,2011-03-18,2011,1,3,1009502.01,64.21,3.692,,,,,,False,112238,0.0,False,Between 100k and 150k
12,2011-03-25,2011,1,3,954107.3200000001,54.4,3.909,,,,,,False,112238,0.0,False,Between 100k and 150k
12,2011-04-01,2011,2,4,1005463.49,63.63,3.772,,,,,,False,112238,0.0,False,Between 100k and 150k
12,2011-04-08,2011,2,4,998362.05,64.47,4.003,,,,,,False,112238,0.0,False,Between 100k and 150k
12,2011-04-15,2011,2,4,990951.77,57.63,3.868,,,,,,False,112238,0.0,False,Between 100k and 150k
12,2011-04-22,2011,2,4,1016019.47,72.12,4.134,,,,,,False,112238,0.0,False,Between 100k and 150k
12,2011-04-29,2011,2,4,994966.1,68.27,4.151,,,,,,False,112238,0.0,False,Between 100k and 150k
12,2011-05-06,2011,2,5,1021154.48,68.4,4.193,,,,,,False,112238,0.0,False,Between 100k and 150k
12,2011-05-13,2011,2,5,977033.5,70.93,4.202,,,,,,False,112238,0.0,False,Between 100k and 150k
12,2011-05-20,2011,2,5,924134.99,66.59,4.169,,,,,,False,112238,0.0,False,Between 100k and 150k
12,2011-05-27,2011,2,5,964332.51,76.67,4.087,,,,,,False,112238,0.0,False,Between 100k and 150k
12,2011-06-03,2011,2,6,970328.68,71.81,4.031,,,,,,False,112238,0.0,False,Between 100k and 150k
12,2011-06-10,2011,2,6,996937.95,78.72,3.981,,,,,,False,112238,0.0,False,Between 100k and 150k
12,2011-06-17,2011,2,6,986504.93,86.84,3.935,,,,,,False,112238,0.0,False,Between 100k and 150k
12,2011-06-24,2011,2,6,997282.75,88.95,3.898,,,,,,False,112238,0.0,False,Between 100k and 150k
12,2011-07-01,2011,3,7,961993.34,89.85,3.842,,,,,,False,112238,0.0,False,Between 100k and 150k
12,2011-07-08,2011,3,7,943717.38,89.9,3.705,,,,,,False,112238,0.0,False,Between 100k and 150k
12,2011-07-15,2011,3,7,936001.98,88.1,3.692,,,,,,False,112238,0.0,False,Between 100k and 150k
12,2011-07-22,2011,3,7,922231.92,91.17,3.794,,,,,,False,112238,0.0,False,Between 100k and 150k
12,2011-07-29,2011,3,7,890547.0700000001,93.29,3.805,,,,,,False,112238,0.0,False,Between 100k and 150k
12,2011-08-05,2011,3,8,988712.52,90.61,3.803,,,,,,False,112238,0.0,False,Between 100k and 150k
12,2011-08-12,2011,3,8,955913.6799999999,91.04,3.701,,,,,,False,112238,0.0,False,Between 100k and 150k
12,2011-08-19,2011,3,8,966817.24,91.74,3.743,,,,,,False,112238,0.0,False,Between 100k and 150k
12,2011-08-26,2011,3,8,1017593.47,94.61,3.74,,,,,,False,112238,0.0,False,Between 100k and 150k
12,2011-09-02,2011,3,9,1052051.45,93.66,3.798,,,,,,False,112238,0.0,False,Between 100k and 150k
12,2011-09-09,2011,3,9,922850.57,88.0,3.913,,,,,,True,112238,0.0,False,Between 100k and 150k
12,2011-09-16,2011,3,9,889290.23,76.36,3.918,,,,,,False,112238,0.0,False,Between 100k and 150k
12,2011-09-23,2011,3,9,871692.74,82.95,3.789,,,,,,False,112238,0.0,False,Between 100k and 150k
12,2011-09-30,2011,3,9,866401.4500000001,83.26,3.877,,,,,,False,112238,0.0,False,Between 100k and 150k
12,2011-10-07,2011,4,10,951244.66,70.44,3.827,,,,,,False,112238,0.0,False,Between 100k and 150k
12,2011-10-14,2011,4,10,927600.01,67.31,3.805,,,,,,False,112238,0.0,False,Between 100k and 150k
12,2011-10-21,2011,4,10,938604.58,73.05,3.842,,,,,,False,112238,0.0,False,Between 100k and 150k
12,2011-10-28,2011,4,10,990926.38,67.41,3.727,,,,,,False,112238,0.0,False,Between 100k and 150k
12,2011-11-04,2011,4,11,1051944.79,59.77,3.828,,,,,,False,112238,0.0,False,Between 100k and 150k
12,2011-11-11,2011,4,11,1095091.53,48.76,3.824,18049.87,7939.68,234.64,10463.07,5588.33,False,112238,42275.59,True,Between 100k and 150k
12,2011-11-18,2011,4,11,970641.34,54.2,3.813,5957.36,343.22,84.93,2390.67,12934.62,False,112238,21710.800000000003,True,Between 100k and 150k
12,2011-11-25,2011,4,11,1591920.42,53.25,3.622,5391.83,8.0,63143.29,49.27,2115.67,True,112238,70708.06,True,Between 100k and 150k
12,2011-12-02,2011,4,12,1071383.1,52.5,3.701,4868.73,,2022.46,3768.45,18368.11,False,112238,29027.75,True,Between 100k and 150k
12,2011-12-09,2011,4,12,1189646.45,42.17,3.644,8374.63,15.85,573.92,5849.71,37581.27,False,112238,52395.38,True,Between 100k and 150k
12,2011-12-16,2011,4,12,1293404.18,43.29,3.6,4940.95,28.45,1038.3,1100.93,5243.21,False,112238,12351.84,True,Between 100k and 150k
12,2011-12-23,2011,4,12,1617612.03,45.4,3.541,1797.35,15.98,839.84,1375.84,17699.26,False,112238,21728.269999999997,True,Between 100k and 150k
12,2011-12-30,2011,4,12,1111638.07,44.64,3.428,6982.02,58804.91,60.29,1268.21,3553.79,True,112238,70669.22,True,Between 100k and 150k
12,2012-01-06,2012,1,1,945823.65,50.43,3.599,11181.59,33829.84,36.96,624.05,10152.27,False,112238,55824.70999999999,True,Between 100k and 150k
12,2012-01-13,2012,1,1,865467.86,48.07,3.657,6935.5,23438.57,,2289.8,9526.73,False,112238,42190.6,True,Between 100k and 150k
12,2012-01-20,2012,1,1,855922.64,46.2,3.66,4167.27,5161.57,5.84,2552.39,3854.53,False,112238,15741.6,True,Between 100k and 150k
12,2012-01-27,2012,1,1,888203.69,50.43,3.675,1201.31,631.79,,104.69,1050.85,False,112238,2988.64,True,Between 100k and 150k
12,2012-02-03,2012,1,2,1058767.95,50.58,3.702,60740.64,3779.65,43.08,48403.53,20348.16,False,112238,133315.06,True,Between 100k and 150k
12,2012-02-10,2012,1,2,1199330.85,52.27,3.722,20281.03,2551.32,14.99,10597.74,7457.16,True,112238,40902.240000000005,True,Between 100k and 150k
12,2012-02-17,2012,1,2,1240048.85,51.8,3.781,17708.64,8549.74,2.88,14234.76,5960.69,False,112238,46456.71,True,Between 100k and 150k
12,2012-02-24,2012,1,2,1112034.72,53.13,3.95,12862.31,5681.93,2.0,2401.22,5131.37,False,112238,26078.829999999998,True,Between 100k and 150k
12,2012-03-02,2012,1,3,1147636.96,52.27,4.178,15046.69,2131.62,12.84,4574.95,3428.27,False,112238,25194.370000000003,True,Between 100k and 150k
12,2012-03-09,2012,1,3,1113208.57,54.54,4.25,8404.29,2192.75,3.91,1479.91,5882.51,False,112238,17963.370000000003,True,Between 100k and 150k
12,2012-03-16,2012,1,3,1088498.52,64.44,4.273,9582.27,731.87,4.02,1589.97,2365.63,False,112238,14273.760000000002,True,Between 100k and 150k
12,2012-03-23,2012,1,3,1045419.87,56.26,4.038,3865.96,1496.18,7.35,1951.11,1440.31,False,112238,8760.91,True,Between 100k and 150k
12,2012-03-30,2012,1,3,1025382.22,64.36,4.294,13644.08,115.67,8.34,1885.51,2291.86,False,112238,17945.46,True,Between 100k and 150k
12,2012-04-06,2012,2,4,1128765.71,64.05,4.121,11772.46,,61.63,3885.06,4225.11,False,112238,19944.26,True,Between 100k and 150k
12,2012-04-13,2012,2,4,1083811.19,64.28,4.254,9681.11,2934.51,14.08,1944.35,3103.61,False,112238,17677.66,True,Between 100k and 150k
12,2012-04-20,2012,2,4,1006486.96,66.73,4.222,8679.29,1265.97,7.7,878.01,4358.86,False,112238,15189.830000000002,True,Between 100k and 150k
12,2012-04-27,2012,2,4,1004252.38,77.99,4.193,2936.01,336.39,26.18,613.65,740.83,False,112238,4653.06,True,Between 100k and 150k
12,2012-05-04,2012,2,5,1073433.69,76.03,4.171,10073.64,,76.29,1671.53,3721.62,False,112238,15543.080000000002,True,Between 100k and 150k
12,2012-05-11,2012,2,5,1041995.22,77.27,4.186,13083.53,,8.54,1378.68,2071.31,False,112238,16542.06,True,Between 100k and 150k
12,2012-05-18,2012,2,5,1020486.0499999999,84.51,4.11,20882.5,,3.73,9506.75,2091.67,False,112238,32484.65,True,Between 100k and 150k
12,2012-05-25,2012,2,5,991514.21,83.84,4.293,8220.32,,373.92,2185.46,1825.94,False,112238,12605.640000000001,True,Between 100k and 150k
12,2012-06-01,2012,2,6,981345.2,78.11,4.277,7512.07,,43.71,3666.37,4109.01,False,112238,15331.16,True,Between 100k and 150k
12,2012-06-08,2012,2,6,1086231.47,84.83,4.103,10421.58,93.2,160.4,2385.69,4837.21,False,112238,17898.08,True,Between 100k and 150k
12,2012-06-15,2012,2,6,1019555.51,85.94,4.144,15025.58,33.4,2.51,4573.57,2283.27,False,112238,21918.329999999998,True,Between 100k and 150k
12,2012-06-22,2012,2,6,981386.25,91.61,4.014,10233.14,67.6,3.65,4693.44,3618.64,False,112238,18616.469999999998,True,Between 100k and 150k
12,2012-06-29,2012,2,6,943124.74,90.47,3.875,7439.99,47.6,,1330.36,4873.87,False,112238,13691.82,True,Between 100k and 150k
12,2012-07-06,2012,3,7,1014898.78,89.13,3.765,10804.73,,3.33,5397.84,4395.03,False,112238,20600.93,True,Between 100k and 150k
12,2012-07-13,2012,3,7,960312.75,95.61,3.723,8699.07,20.0,0.06,5542.53,2781.14,False,112238,17042.8,True,Between 100k and 150k
12,2012-07-20,2012,3,7,941550.34,85.53,3.726,5799.0,59.68,37.56,5292.33,3376.66,False,112238,14565.23,True,Between 100k and 150k
12,2012-07-27,2012,3,7,916967.9199999999,93.47,3.769,8217.72,41.28,2.31,9211.05,5507.68,False,112238,22980.04,True,Between 100k and 150k
12,2012-08-03,2012,3,8,958667.23,88.16,3.76,41059.39,69.7,45.73,22802.96,2743.18,False,112238,66720.95999999999,True,Between 100k and 150k
12,2012-08-10,2012,3,8,984689.9,95.91,3.811,10844.78,79.4,38.62,6513.42,2756.59,False,112238,20232.81,True,Between 100k and 150k
12,2012-08-17,2012,3,8,1005003.12,94.87,4.002,7487.95,25.5,6.6,5107.54,4876.34,False,112238,17503.93,True,Between 100k and 150k
12,2012-08-24,2012,3,8,1048101.39,85.32,4.055,10712.3,86.08,70.0,7981.57,3515.91,False,112238,22365.859999999997,True,Between 100k and 150k
12,2012-08-31,2012,3,8,1061943.49,89.78,4.093,30055.26,13.2,116.87,11860.18,3746.24,False,112238,45791.74999999999,True,Between 100k and 150k
12,2012-09-07,2012,3,9,955146.04,88.52,4.124,17640.02,84.0,46.18,3202.21,2634.17,True,112238,23606.58,True,Between 100k and 150k
12,2012-09-14,2012,3,9,885892.37,83.64,4.133,6928.05,,19.56,863.95,5776.08,False,112238,13587.64,True,Between 100k and 150k
12,2012-09-21,2012,3,9,922735.37,82.97,4.125,11918.13,156.82,388.52,3290.61,7953.53,False,112238,23707.61,True,Between 100k and 150k
12,2012-09-28,2012,3,9,880415.67,81.22,3.966,3068.35,27.82,0.22,1307.43,3605.14,False,112238,8008.959999999999,True,Between 100k and 150k
12,2012-10-05,2012,4,10,979825.9199999999,81.61,3.966,8953.66,,44.83,7731.09,3269.62,False,112238,19999.2,True,Between 100k and 150k
12,2012-10-12,2012,4,10,934917.47,71.74,4.468,1986.92,,16.75,910.5,4225.2,False,112238,7139.37,True,Between 100k and 150k
12,2012-10-19,2012,4,10,960945.4299999999,68.66,4.449,1810.87,,8.48,640.64,2250.86,False,112238,4710.85,True,Between 100k and 150k
12,2012-10-26,2012,4,10,974697.6,65.95,4.301,13749.1,104.54,56.0,2402.63,4813.93,False,112238,21126.2,True,Between 100k and 150k
13,2010-02-05,2010,1,2,1967220.53,31.53,2.666,,,,,,False,219622,0.0,False,More than 200k
13,2010-02-12,2010,1,2,2030933.46,33.16,2.671,,,,,,True,219622,0.0,False,More than 200k
13,2010-02-19,2010,1,2,1970274.64,35.7,2.654,,,,,,False,219622,0.0,False,More than 200k
13,2010-02-26,2010,1,2,1817850.32,29.98,2.667,,,,,,False,219622,0.0,False,More than 200k
13,2010-03-05,2010,1,3,1939980.43,40.65,2.681,,,,,,False,219622,0.0,False,More than 200k
13,2010-03-12,2010,1,3,1840686.94,37.62,2.733,,,,,,False,219622,0.0,False,More than 200k
13,2010-03-19,2010,1,3,1879794.8900000001,42.49,2.782,,,,,,False,219622,0.0,False,More than 200k
13,2010-03-26,2010,1,3,1882095.98,41.48,2.819,,,,,,False,219622,0.0,False,More than 200k
13,2010-04-02,2010,2,4,2142482.14,42.15,2.842,,,,,,False,219622,0.0,False,More than 200k
13,2010-04-09,2010,2,4,1898321.3299999998,38.97,2.877,,,,,,False,219622,0.0,False,More than 200k
13,2010-04-16,2010,2,4,1819660.44,50.39,2.915,,,,,,False,219622,0.0,False,More than 200k
13,2010-04-23,2010,2,4,1909330.77,55.66,2.936,,,,,,False,219622,0.0,False,More than 200k
13,2010-04-30,2010,2,4,1785823.3699999999,48.33,2.941,,,,,,False,219622,0.0,False,More than 200k
13,2010-05-07,2010,2,5,2005478.46,44.42,2.948,,,,,,False,219622,0.0,False,More than 200k
13,2010-05-14,2010,2,5,1890273.44,50.15,2.962,,,,,,False,219622,0.0,False,More than 200k
13,2010-05-21,2010,2,5,1853657.5999999999,57.71,2.95,,,,,,False,219622,0.0,False,More than 200k
13,2010-05-28,2010,2,5,1877358.86,53.11,2.908,,,,,,False,219622,0.0,False,More than 200k
13,2010-06-04,2010,2,6,2022705.22,59.85,2.871,,,,,,False,219622,0.0,False,More than 200k
13,2010-06-11,2010,2,6,2037880.96,65.24,2.841,,,,,,False,219622,0.0,False,More than 200k
13,2010-06-18,2010,2,6,2003435.31,58.41,2.819,,,,,,False,219622,0.0,False,More than 200k
13,2010-06-25,2010,2,6,1970340.25,71.83,2.82,,,,,,False,219622,0.0,False,More than 200k
13,2010-07-02,2010,3,7,2018314.71,78.82,2.814,,,,,,False,219622,0.0,False,More than 200k
13,2010-07-09,2010,3,7,1870843.9,71.33,2.802,,,,,,False,219622,0.0,False,More than 200k
13,2010-07-16,2010,3,7,1932231.05,77.79,2.791,,,,,,False,219622,0.0,False,More than 200k
13,2010-07-23,2010,3,7,1907351.2,82.27,2.797,,,,,,False,219622,0.0,False,More than 200k
13,2010-07-30,2010,3,7,1817887.23,78.94,2.797,,,,,,False,219622,0.0,False,More than 200k
13,2010-08-06,2010,3,8,1969121.45,81.24,2.802,,,,,,False,219622,0.0,False,More than 200k
13,2010-08-13,2010,3,8,1877592.55,74.93,2.837,,,,,,False,219622,0.0,False,More than 200k
13,2010-08-20,2010,3,8,1997397.6300000001,76.34,2.85,,,,,,False,219622,0.0,False,More than 200k
13,2010-08-27,2010,3,8,1908278.27,75.31,2.854,,,,,,False,219622,0.0,False,More than 200k
13,2010-09-03,2010,3,9,1911852.58,65.71,2.868,,,,,,False,219622,0.0,False,More than 200k
13,2010-09-10,2010,3,9,1772143.94,65.74,2.87,,,,,,True,219622,0.0,False,More than 200k
13,2010-09-17,2010,3,9,1790279.74,66.84,2.875,,,,,,False,219622,0.0,False,More than 200k
13,2010-09-24,2010,3,9,1705655.09,68.22,2.872,,,,,,False,219622,0.0,False,More than 200k
13,2010-10-01,2010,4,10,1765584.48,68.74,2.853,,,,,,False,219622,0.0,False,More than 200k
13,2010-10-08,2010,4,10,1871924.07,63.03,2.841,,,,,,False,219622,0.0,False,More than 200k
13,2010-10-15,2010,4,10,1851431.06,54.12,2.845,,,,,,False,219622,0.0,False,More than 200k
13,2010-10-22,2010,4,10,1796949.59,56.89,2.849,,,,,,False,219622,0.0,False,More than 200k
13,2010-10-29,2010,4,10,1887895.07,45.12,2.841,,,,,,False,219622,0.0,False,More than 200k
13,2010-11-05,2010,4,11,1854967.66,49.96,2.831,,,,,,False,219622,0.0,False,More than 200k
13,2010-11-12,2010,4,11,1939964.6300000001,42.55,2.831,,,,,,False,219622,0.0,False,More than 200k
13,2010-11-19,2010,4,11,1925393.91,42.0,2.842,,,,,,False,219622,0.0,False,More than 200k
13,2010-11-26,2010,4,11,2766400.05,28.22,2.83,,,,,,True,219622,0.0,False,More than 200k
13,2010-12-03,2010,4,12,2083379.8900000001,25.8,2.812,,,,,,False,219622,0.0,False,More than 200k
13,2010-12-10,2010,4,12,2461468.35,36.78,2.817,,,,,,False,219622,0.0,False,More than 200k
13,2010-12-17,2010,4,12,2771646.81,35.21,2.842,,,,,,False,219622,0.0,False,More than 200k
13,2010-12-24,2010,4,12,3595903.2,34.9,2.846,,,,,,False,219622,0.0,False,More than 200k
13,2010-12-31,2010,4,12,1675292.0,26.79,2.868,,,,,,True,219622,0.0,False,More than 200k
13,2011-01-07,2011,1,1,1744544.39,16.94,2.891,,,,,,False,219622,0.0,False,More than 200k
13,2011-01-14,2011,1,1,1682316.31,20.6,2.903,,,,,,False,219622,0.0,False,More than 200k
13,2011-01-21,2011,1,1,1770177.37,34.8,2.934,,,,,,False,219622,0.0,False,More than 200k
13,2011-01-28,2011,1,1,1633663.12,31.64,2.96,,,,,,False,219622,0.0,False,More than 200k
13,2011-02-04,2011,1,2,1848186.58,23.35,2.974,,,,,,False,219622,0.0,False,More than 200k
13,2011-02-11,2011,1,2,1944438.9,30.83,3.034,,,,,,True,219622,0.0,False,More than 200k
13,2011-02-18,2011,1,2,2003480.59,40.85,3.062,,,,,,False,219622,0.0,False,More than 200k
13,2011-02-25,2011,1,2,1831933.95,33.17,3.12,,,,,,False,219622,0.0,False,More than 200k
13,2011-03-04,2011,1,3,1894960.68,34.23,3.23,,,,,,False,219622,0.0,False,More than 200k
13,2011-03-11,2011,1,3,1852432.58,41.28,3.346,,,,,,False,219622,0.0,False,More than 200k
13,2011-03-18,2011,1,3,1852443.78,44.69,3.407,,,,,,False,219622,0.0,False,More than 200k
13,2011-03-25,2011,1,3,1807545.43,42.38,3.435,,,,,,False,219622,0.0,False,More than 200k
13,2011-04-01,2011,2,4,1864238.64,42.49,3.487,,,,,,False,219622,0.0,False,More than 200k
13,2011-04-08,2011,2,4,1887465.04,42.75,3.547,,,,,,False,219622,0.0,False,More than 200k
13,2011-04-15,2011,2,4,1950994.04,41.72,3.616,,,,,,False,219622,0.0,False,More than 200k
13,2011-04-22,2011,2,4,2124316.34,47.55,3.655,,,,,,False,219622,0.0,False,More than 200k
13,2011-04-29,2011,2,4,1895583.12,43.85,3.683,,,,,,False,219622,0.0,False,More than 200k
13,2011-05-06,2011,2,5,1986380.4,47.75,3.744,,,,,,False,219622,0.0,False,More than 200k
13,2011-05-13,2011,2,5,1958823.56,52.4,3.77,,,,,,False,219622,0.0,False,More than 200k
13,2011-05-20,2011,2,5,1860923.55,52.12,3.802,,,,,,False,219622,0.0,False,More than 200k
13,2011-05-27,2011,2,5,1866369.93,54.62,3.778,,,,,,False,219622,0.0,False,More than 200k
13,2011-06-03,2011,2,6,1935593.87,52.76,3.752,,,,,,False,219622,0.0,False,More than 200k
13,2011-06-10,2011,2,6,1997816.98,61.39,3.732,,,,,,False,219622,0.0,False,More than 200k
13,2011-06-17,2011,2,6,2086433.49,63.35,3.704,,,,,,False,219622,0.0,False,More than 200k
13,2011-06-24,2011,2,6,2009163.08,66.38,3.668,,,,,,False,219622,0.0,False,More than 200k
13,2011-07-01,2011,3,7,2048035.74,74.29,3.613,,,,,,False,219622,0.0,False,More than 200k
13,2011-07-08,2011,3,7,2021699.38,77.3,3.563,,,,,,False,219622,0.0,False,More than 200k
13,2011-07-15,2011,3,7,1956813.31,75.59,3.553,,,,,,False,219622,0.0,False,More than 200k
13,2011-07-22,2011,3,7,1987089.36,78.5,3.563,,,,,,False,219622,0.0,False,More than 200k
13,2011-07-29,2011,3,7,1880785.69,77.62,3.574,,,,,,False,219622,0.0,False,More than 200k
13,2011-08-05,2011,3,8,2076231.8,75.56,3.595,,,,,,False,219622,0.0,False,More than 200k
13,2011-08-12,2011,3,8,1970341.38,75.95,3.606,,,,,,False,219622,0.0,False,More than 200k
13,2011-08-19,2011,3,8,2090340.98,76.68,3.578,,,,,,False,219622,0.0,False,More than 200k
13,2011-08-26,2011,3,8,2035244.54,81.53,3.57,,,,,,False,219622,0.0,False,More than 200k
13,2011-09-02,2011,3,9,1953628.82,77.0,3.58,,,,,,False,219622,0.0,False,More than 200k
13,2011-09-09,2011,3,9,1872921.31,70.19,3.619,,,,,,True,219622,0.0,False,More than 200k
13,2011-09-16,2011,3,9,1923223.82,67.54,3.641,,,,,,False,219622,0.0,False,More than 200k
13,2011-09-23,2011,3,9,1847430.96,63.6,3.648,,,,,,False,219622,0.0,False,More than 200k
13,2011-09-30,2011,3,9,1835662.69,68.28,3.623,,,,,,False,219622,0.0,False,More than 200k
13,2011-10-07,2011,4,10,2067232.56,60.62,3.592,,,,,,False,219622,0.0,False,More than 200k
13,2011-10-14,2011,4,10,1929659.07,51.74,3.567,,,,,,False,219622,0.0,False,More than 200k
13,2011-10-21,2011,4,10,1973544.27,54.66,3.579,,,,,,False,219622,0.0,False,More than 200k
13,2011-10-28,2011,4,10,1948733.81,47.41,3.567,,,,,,False,219622,0.0,False,More than 200k
13,2011-11-04,2011,4,11,2036317.54,43.51,3.538,,,,,,False,219622,0.0,False,More than 200k
13,2011-11-11,2011,4,11,2111592.09,33.8,3.513,31400.97,30876.79,645.07,4407.38,7740.27,False,219622,75070.48000000001,True,More than 200k
13,2011-11-18,2011,4,11,2016323.51,40.65,3.489,11003.75,1090.92,89.88,1201.3,10231.67,False,219622,23617.519999999997,True,More than 200k
13,2011-11-25,2011,4,11,2864170.61,38.89,3.445,1282.42,548.1,109030.75,146.33,3557.67,True,219622,114565.27,True,More than 200k
13,2011-12-02,2011,4,12,2051315.66,33.94,3.389,7945.42,56.0,25126.9,5550.87,31844.2,False,219622,70523.39,True,More than 200k
13,2011-12-09,2011,4,12,2462779.06,24.82,3.341,5924.71,56.0,577.59,1778.83,20371.02,False,219622,28708.15,True,More than 200k
13,2011-12-16,2011,4,12,2760346.71,27.85,3.282,3272.56,556.15,959.55,424.43,5933.01,False,219622,11145.7,True,More than 200k
13,2011-12-23,2011,4,12,3556766.03,24.76,3.186,686.24,193.26,2971.53,239.78,3567.03,False,219622,7657.84,True,More than 200k
13,2011-12-30,2011,4,12,1969056.91,31.53,3.119,5970.81,89121.94,406.4,1772.02,3645.0,True,219622,100916.17,True,More than 200k
13,2012-01-06,2012,1,1,1865752.78,33.8,3.08,6809.96,37106.52,179.77,1922.55,7481.58,False,219622,53500.38,True,More than 200k
13,2012-01-13,2012,1,1,1794962.64,25.61,3.056,3627.07,14887.88,119.93,798.48,4668.82,False,219622,24102.18,True,More than 200k
13,2012-01-20,2012,1,1,1811606.21,32.71,3.047,3150.56,6765.52,87.63,1196.17,3136.96,False,219622,14336.84,True,More than 200k
13,2012-01-27,2012,1,1,1733983.09,34.32,3.058,3743.0,3744.31,108.46,253.99,3511.82,False,219622,11361.58,True,More than 200k
13,2012-02-03,2012,1,2,1927780.74,31.39,3.077,53423.29,5822.12,282.08,57817.56,9654.23,False,219622,126999.28,True,More than 200k
13,2012-02-10,2012,1,2,2069284.57,33.73,3.116,9264.48,8292.73,179.72,18849.21,9083.54,True,219622,45669.68,True,More than 200k
13,2012-02-17,2012,1,2,2214477.06,36.57,3.119,21621.16,16497.47,25.52,13643.83,14660.97,False,219622,66448.95,True,More than 200k
13,2012-02-24,2012,1,2,1929768.03,35.38,3.145,16404.54,12013.87,3.4,2584.12,5126.53,False,219622,36132.46000000001,True,More than 200k
13,2012-03-02,2012,1,3,1969742.76,32.36,3.242,25204.67,2436.75,167.88,16066.76,7289.69,False,219622,51165.75,True,More than 200k
13,2012-03-09,2012,1,3,1986445.65,38.24,3.38,9173.97,339.05,9.44,1300.75,7479.12,False,219622,18302.329999999998,True,More than 200k
13,2012-03-16,2012,1,3,2025582.6199999999,52.5,3.529,8901.34,637.7,3.85,6169.81,2446.53,False,219622,18159.23,True,More than 200k
13,2012-03-23,2012,1,3,1904421.74,47.83,3.671,3489.61,75.36,2.52,827.19,3427.9,False,219622,7822.58,True,More than 200k
13,2012-03-30,2012,1,3,1948982.7,53.2,3.734,10556.61,43.54,15.84,1116.83,8179.03,False,219622,19911.850000000002,True,More than 200k
13,2012-04-06,2012,2,4,2271614.76,48.85,3.793,9249.62,,59.94,3969.24,6016.86,False,219622,19295.66,True,More than 200k
13,2012-04-13,2012,2,4,2057637.8599999999,51.7,3.833,7419.44,19610.52,54.65,3021.51,3374.9,False,219622,33481.020000000004,True,More than 200k
13,2012-04-20,2012,2,4,1955689.12,50.24,3.845,22464.84,8216.22,70.45,1561.38,7307.24,False,219622,39620.13,True,More than 200k
13,2012-04-27,2012,2,4,1970121.65,64.8,3.842,4626.7,0.11,67.16,104.18,3280.73,False,219622,8078.879999999999,True,More than 200k
13,2012-05-04,2012,2,5,1995994.51,54.41,3.831,15589.85,,337.47,7557.14,5025.28,False,219622,28509.739999999998,True,More than 200k
13,2012-05-11,2012,2,5,2080764.17,56.47,3.809,14566.92,86.0,60.34,6009.18,4224.91,False,219622,24947.350000000002,True,More than 200k
13,2012-05-18,2012,2,5,2131900.55,65.17,3.808,7623.14,,86.99,2583.46,3312.67,False,219622,13606.26,True,More than 200k
13,2012-05-25,2012,2,5,2043349.41,62.39,3.801,7282.07,,416.15,1048.83,7293.87,False,219622,16040.919999999998,True,More than 200k
13,2012-06-01,2012,2,6,2035431.39,61.11,3.788,8868.86,123.0,37.87,3793.73,6276.31,False,219622,19099.77,True,More than 200k
13,2012-06-08,2012,2,6,2182437.9,68.4,3.776,12461.96,406.6,254.19,1450.62,8952.93,False,219622,23526.3,True,More than 200k
13,2012-06-15,2012,2,6,2152229.11,65.97,3.756,8819.8,416.5,0.22,3496.08,6331.52,False,219622,19064.12,True,More than 200k
13,2012-06-22,2012,2,6,2094373.0,72.89,3.737,9298.46,565.14,1.79,4025.82,8626.51,False,219622,22517.72,True,More than 200k
13,2012-06-29,2012,2,6,2037663.71,82.0,3.681,4768.5,446.92,,743.34,4076.02,False,219622,10034.78,True,More than 200k
13,2012-07-06,2012,3,7,2184980.35,79.23,3.63,14357.07,337.7,89.85,8820.75,5507.25,False,219622,29112.620000000003,True,More than 200k
13,2012-07-13,2012,3,7,2002750.99,83.68,3.595,6330.74,220.42,1.17,4033.74,4225.77,False,219622,14811.84,True,More than 200k
13,2012-07-20,2012,3,7,2053089.32,75.69,3.556,6060.59,133.34,35.23,1518.75,6675.69,False,219622,14423.599999999999,True,More than 200k
13,2012-07-27,2012,3,7,1914430.53,80.42,3.537,6699.6,96.56,5.2,8723.87,6650.26,False,219622,22175.49,True,More than 200k
13,2012-08-03,2012,3,8,2044148.23,81.99,3.512,48280.91,73.92,98.64,13485.99,7765.27,False,219622,69704.73,True,More than 200k
13,2012-08-10,2012,3,8,2041019.92,81.69,3.509,6249.06,70.38,51.09,3258.43,7070.04,False,219622,16699.0,True,More than 200k
13,2012-08-17,2012,3,8,2095769.18,79.4,3.545,5063.08,6.76,40.96,2344.61,5594.85,False,219622,13050.26,True,More than 200k
13,2012-08-24,2012,3,8,2059458.25,77.37,3.582,9360.8,71.92,179.51,8290.49,6291.99,False,219622,24194.71,True,More than 200k
13,2012-08-31,2012,3,8,2073855.42,79.18,3.624,21327.53,50.44,88.44,9444.6,3872.19,False,219622,34783.2,True,More than 200k
13,2012-09-07,2012,3,9,2165796.31,70.65,3.689,17452.15,18.74,69.23,4472.17,5180.78,True,219622,27193.07,True,More than 200k
13,2012-09-14,2012,3,9,1919917.03,68.55,3.749,13208.43,,28.06,1300.16,10484.98,False,219622,25021.629999999997,True,More than 200k
13,2012-09-21,2012,3,9,1938379.66,67.96,3.821,10671.71,141.83,46.0,2465.37,12372.29,False,219622,25697.2,True,More than 200k
13,2012-09-28,2012,3,9,1927664.1099999999,64.8,3.821,5197.64,63.1,2.6,3022.73,9779.77,False,219622,18065.840000000004,True,More than 200k
13,2012-10-05,2012,4,10,2041918.74,61.79,3.815,6607.14,,50.6,3943.91,7700.91,False,219622,18302.56,True,More than 200k
13,2012-10-12,2012,4,10,1999079.44,55.1,3.797,1927.15,,9.72,518.97,11269.24,False,219622,13725.08,True,More than 200k
13,2012-10-19,2012,4,10,2018010.15,52.06,3.781,2753.9,,8.84,775.96,6978.9,False,219622,10517.6,True,More than 200k
13,2012-10-26,2012,4,10,2035189.6600000001,46.97,3.755,10192.49,364.57,150.0,1714.15,5563.92,False,219622,17985.129999999997,True,More than 200k
14,2010-02-05,2010,1,2,2623469.9499999997,27.31,2.784,,,,,,False,200898,0.0,False,More than 200k
14,2010-02-12,2010,1,2,1704218.84,27.73,2.773,,,,,,True,200898,0.0,False,More than 200k
14,2010-02-19,2010,1,2,2204556.7,31.27,2.745,,,,,,False,200898,0.0,False,More than 200k
14,2010-02-26,2010,1,2,2095591.63,34.89,2.754,,,,,,False,200898,0.0,False,More than 200k
14,2010-03-05,2010,1,3,2237544.75,37.13,2.777,,,,,,False,200898,0.0,False,More than 200k
14,2010-03-12,2010,1,3,2156035.06,45.8,2.818,,,,,,False,200898,0.0,False,More than 200k
14,2010-03-19,2010,1,3,2066219.3,48.79,2.844,,,,,,False,200898,0.0,False,More than 200k
14,2010-03-26,2010,1,3,2050396.27,54.36,2.854,,,,,,False,200898,0.0,False,More than 200k
14,2010-04-02,2010,2,4,2495630.5100000002,47.74,2.85,,,,,,False,200898,0.0,False,More than 200k
14,2010-04-09,2010,2,4,2258781.2800000003,65.45,2.869,,,,,,False,200898,0.0,False,More than 200k
14,2010-04-16,2010,2,4,2121788.61,54.28,2.899,,,,,,False,200898,0.0,False,More than 200k
14,2010-04-23,2010,2,4,2138144.91,53.47,2.902,,,,,,False,200898,0.0,False,More than 200k
14,2010-04-30,2010,2,4,2082355.12,53.15,2.921,,,,,,False,200898,0.0,False,More than 200k
14,2010-05-07,2010,2,5,2370116.52,70.75,2.966,,,,,,False,200898,0.0,False,More than 200k
14,2010-05-14,2010,2,5,2129771.13,54.26,2.982,,,,,,False,200898,0.0,False,More than 200k
14,2010-05-21,2010,2,5,2108187.1,62.62,2.958,,,,,,False,200898,0.0,False,More than 200k
14,2010-05-28,2010,2,5,2227152.16,69.27,2.899,,,,,,False,200898,0.0,False,More than 200k
14,2010-06-04,2010,2,6,2363601.47,75.93,2.847,,,,,,False,200898,0.0,False,More than 200k
14,2010-06-11,2010,2,6,2249570.04,69.71,2.809,,,,,,False,200898,0.0,False,More than 200k
14,2010-06-18,2010,2,6,2248645.59,72.62,2.78,,,,,,False,200898,0.0,False,More than 200k
14,2010-06-25,2010,2,6,2246179.91,79.32,2.808,,,,,,False,200898,0.0,False,More than 200k
14,2010-07-02,2010,3,7,2334788.42,76.61,2.815,,,,,,False,200898,0.0,False,More than 200k
14,2010-07-09,2010,3,7,2236209.13,82.45,2.793,,,,,,False,200898,0.0,False,More than 200k
14,2010-07-16,2010,3,7,2130287.27,77.84,2.783,,,,,,False,200898,0.0,False,More than 200k
14,2010-07-23,2010,3,7,2044155.39,81.46,2.771,,,,,,False,200898,0.0,False,More than 200k
14,2010-07-30,2010,3,7,2054843.28,79.78,2.781,,,,,,False,200898,0.0,False,More than 200k
14,2010-08-06,2010,3,8,2219813.5,77.17,2.784,,,,,,False,200898,0.0,False,More than 200k
14,2010-08-13,2010,3,8,2052984.81,78.44,2.805,,,,,,False,200898,0.0,False,More than 200k
14,2010-08-20,2010,3,8,2057138.31,76.01,2.779,,,,,,False,200898,0.0,False,More than 200k
14,2010-08-27,2010,3,8,2020332.07,71.36,2.755,,,,,,False,200898,0.0,False,More than 200k
14,2010-09-03,2010,3,9,2182563.66,78.37,2.715,,,,,,False,200898,0.0,False,More than 200k
14,2010-09-10,2010,3,9,2191767.7600000002,70.87,2.699,,,,,,True,200898,0.0,False,More than 200k
14,2010-09-17,2010,3,9,1953539.85,66.55,2.706,,,,,,False,200898,0.0,False,More than 200k
14,2010-09-24,2010,3,9,1879891.13,68.59,2.713,,,,,,False,200898,0.0,False,More than 200k
14,2010-10-01,2010,4,10,1855703.66,70.58,2.707,,,,,,False,200898,0.0,False,More than 200k
14,2010-10-08,2010,4,10,2091663.2,56.49,2.764,,,,,,False,200898,0.0,False,More than 200k
14,2010-10-15,2010,4,10,1932162.63,58.61,2.868,,,,,,False,200898,0.0,False,More than 200k
14,2010-10-22,2010,4,10,1936621.09,53.15,2.917,,,,,,False,200898,0.0,False,More than 200k
14,2010-10-29,2010,4,10,1984768.34,61.3,2.921,,,,,,False,200898,0.0,False,More than 200k
14,2010-11-05,2010,4,11,2078417.47,45.65,2.917,,,,,,False,200898,0.0,False,More than 200k
14,2010-11-12,2010,4,11,2092189.06,46.14,2.931,,,,,,False,200898,0.0,False,More than 200k
14,2010-11-19,2010,4,11,1968462.58,50.02,3.0,,,,,,False,200898,0.0,False,More than 200k
14,2010-11-26,2010,4,11,2921709.71,46.15,3.039,,,,,,True,200898,0.0,False,More than 200k
14,2010-12-03,2010,4,12,2258489.63,40.93,3.046,,,,,,False,200898,0.0,False,More than 200k
14,2010-12-10,2010,4,12,2600519.26,30.54,3.109,,,,,,False,200898,0.0,False,More than 200k
14,2010-12-17,2010,4,12,2762861.41,30.51,3.14,,,,,,False,200898,0.0,False,More than 200k
14,2010-12-24,2010,4,12,3818686.45,30.59,3.141,,,,,,False,200898,0.0,False,More than 200k
14,2010-12-31,2010,4,12,1623716.46,29.67,3.179,,,,,,True,200898,0.0,False,More than 200k
14,2011-01-07,2011,1,1,1864746.1,34.32,3.193,,,,,,False,200898,0.0,False,More than 200k
14,2011-01-14,2011,1,1,1699095.9,24.78,3.205,,,,,,False,200898,0.0,False,More than 200k
14,2011-01-21,2011,1,1,1743188.8699999999,30.55,3.229,,,,,,False,200898,0.0,False,More than 200k
14,2011-01-28,2011,1,1,1613718.3800000001,24.05,3.237,,,,,,False,200898,0.0,False,More than 200k
14,2011-02-04,2011,1,2,1995891.8699999999,28.73,3.231,,,,,,False,200898,0.0,False,More than 200k
14,2011-02-11,2011,1,2,1980405.03,30.3,3.239,,,,,,True,200898,0.0,False,More than 200k
14,2011-02-18,2011,1,2,2019031.67,40.7,3.245,,,,,,False,200898,0.0,False,More than 200k
14,2011-02-25,2011,1,2,1875708.88,35.78,3.274,,,,,,False,200898,0.0,False,More than 200k
14,2011-03-04,2011,1,3,2041215.6099999999,38.65,3.433,,,,,,False,200898,0.0,False,More than 200k
14,2011-03-11,2011,1,3,1931104.67,45.01,3.582,,,,,,False,200898,0.0,False,More than 200k
14,2011-03-18,2011,1,3,1932491.42,46.66,3.631,,,,,,False,200898,0.0,False,More than 200k
14,2011-03-25,2011,1,3,1879451.23,41.76,3.625,,,,,,False,200898,0.0,False,More than 200k
14,2011-04-01,2011,2,4,1869110.55,37.27,3.638,,,,,,False,200898,0.0,False,More than 200k
14,2011-04-08,2011,2,4,2037798.8800000001,48.71,3.72,,,,,,False,200898,0.0,False,More than 200k
14,2011-04-15,2011,2,4,1974960.8599999999,53.69,3.821,,,,,,False,200898,0.0,False,More than 200k
14,2011-04-22,2011,2,4,2256461.39,53.04,3.892,,,,,,False,200898,0.0,False,More than 200k
14,2011-04-29,2011,2,4,1930617.64,66.18,3.962,,,,,,False,200898,0.0,False,More than 200k
14,2011-05-06,2011,2,5,2095599.93,58.21,4.046,,,,,,False,200898,0.0,False,More than 200k
14,2011-05-13,2011,2,5,2004330.3,60.38,4.066,,,,,,False,200898,0.0,False,More than 200k
14,2011-05-20,2011,2,5,1959967.8,62.28,4.062,,,,,,False,200898,0.0,False,More than 200k
14,2011-05-27,2011,2,5,2080694.24,69.7,3.985,,,,,,False,200898,0.0,False,More than 200k
14,2011-06-03,2011,2,6,2079899.47,76.38,3.922,,,,,,False,200898,0.0,False,More than 200k
14,2011-06-10,2011,2,6,2132446.0,73.88,3.881,,,,,,False,200898,0.0,False,More than 200k
14,2011-06-17,2011,2,6,2082083.3399999999,69.32,3.842,,,,,,False,200898,0.0,False,More than 200k
14,2011-06-24,2011,2,6,2069523.52,74.85,3.804,,,,,,False,200898,0.0,False,More than 200k
14,2011-07-01,2011,3,7,2074668.19,74.04,3.748,,,,,,False,200898,0.0,False,More than 200k
14,2011-07-08,2011,3,7,2063401.06,77.49,3.711,,,,,,False,200898,0.0,False,More than 200k
14,2011-07-15,2011,3,7,1953544.76,78.47,3.76,,,,,,False,200898,0.0,False,More than 200k
14,2011-07-22,2011,3,7,1882070.88,82.33,3.811,,,,,,False,200898,0.0,False,More than 200k
14,2011-07-29,2011,3,7,1871021.01,81.31,3.829,,,,,,False,200898,0.0,False,More than 200k
14,2011-08-05,2011,3,8,2066020.69,78.22,3.842,,,,,,False,200898,0.0,False,More than 200k
14,2011-08-12,2011,3,8,1928773.82,77.0,3.812,,,,,,False,200898,0.0,False,More than 200k
14,2011-08-19,2011,3,8,1896873.99,72.98,3.747,,,,,,False,200898,0.0,False,More than 200k
14,2011-08-26,2011,3,8,2273470.62,72.55,3.704,,,,,,False,200898,0.0,False,More than 200k
14,2011-09-02,2011,3,9,1750891.47,70.63,3.703,,,,,,False,200898,0.0,False,More than 200k
14,2011-09-09,2011,3,9,2202742.9,71.48,3.738,,,,,,True,200898,0.0,False,More than 200k
14,2011-09-16,2011,3,9,1864637.89,69.17,3.742,,,,,,False,200898,0.0,False,More than 200k
14,2011-09-23,2011,3,9,1871555.64,63.75,3.711,,,,,,False,200898,0.0,False,More than 200k
14,2011-09-30,2011,3,9,1809989.29,70.66,3.645,,,,,,False,200898,0.0,False,More than 200k
14,2011-10-07,2011,4,10,2078796.76,55.82,3.583,,,,,,False,200898,0.0,False,More than 200k
14,2011-10-14,2011,4,10,1890870.75,63.82,3.541,,,,,,False,200898,0.0,False,More than 200k
14,2011-10-21,2011,4,10,2009004.5899999999,59.6,3.57,,,,,,False,200898,0.0,False,More than 200k
14,2011-10-28,2011,4,10,2056846.12,51.78,3.569,,,,,,False,200898,0.0,False,More than 200k
14,2011-11-04,2011,4,11,2174056.71,43.92,3.551,,,,,,False,200898,0.0,False,More than 200k
14,2011-11-11,2011,4,11,2081534.6500000001,47.65,3.53,11376.03,22505.23,1079.89,2679.33,4257.94,False,200898,41898.420000000006,True,More than 200k
14,2011-11-18,2011,4,11,1969360.72,51.34,3.53,16308.11,749.9,273.72,2331.53,9347.0,False,200898,29010.260000000002,True,More than 200k
14,2011-11-25,2011,4,11,2685351.81,48.71,3.492,286.52,54.0,89402.64,13.0,1915.8,True,200898,91671.96,True,More than 200k
14,2011-12-02,2011,4,12,2143080.57,50.19,3.452,6428.59,,3657.58,2939.92,34955.25,False,200898,47981.34,True,More than 200k
14,2011-12-09,2011,4,12,2470581.29,46.57,3.415,7297.72,15.0,342.71,4849.0,7509.9,False,200898,20014.33,True,More than 200k
14,2011-12-16,2011,4,12,2594363.09,39.93,3.413,5398.47,6.12,881.17,290.64,6390.47,False,200898,12966.87,True,More than 200k
14,2011-12-23,2011,4,12,3369068.99,42.27,3.389,924.14,112.73,2127.77,80.02,4638.81,False,200898,7883.47,True,More than 200k
14,2011-12-30,2011,4,12,1914148.89,37.79,3.389,7844.31,70574.85,312.98,1559.84,2851.33,True,200898,83143.31,True,More than 200k
14,2012-01-06,2012,1,1,1859144.96,35.88,3.422,10428.95,39234.09,839.74,981.17,15911.56,False,200898,67395.51,True,More than 200k
14,2012-01-13,2012,1,1,1696248.27,41.18,3.513,4605.8,21593.85,636.54,727.57,4054.79,False,200898,31618.55,True,More than 200k
14,2012-01-20,2012,1,1,1789113.32,31.85,3.533,5037.95,4952.93,860.9,2560.08,5386.74,False,200898,18798.6,True,More than 200k
14,2012-01-27,2012,1,1,1595362.27,37.93,3.567,3468.31,2195.14,689.52,252.01,2128.36,False,200898,8733.34,True,More than 200k
14,2012-02-03,2012,1,2,1877410.36,42.96,3.617,78124.5,4232.19,788.56,46081.94,14550.73,False,200898,143777.92,True,More than 200k
14,2012-02-10,2012,1,2,2077256.24,37.0,3.64,17118.97,6533.16,285.82,11597.23,6174.43,True,200898,41709.61,True,More than 200k
14,2012-02-17,2012,1,2,2020550.99,36.85,3.695,23664.75,13769.67,143.36,11965.7,10506.12,False,200898,60049.6,True,More than 200k
14,2012-02-24,2012,1,2,1875040.16,42.86,3.739,15074.23,8644.89,4.2,4450.84,7278.87,False,200898,35453.03,True,More than 200k
14,2012-03-02,2012,1,3,1926004.99,41.55,3.816,20212.56,1991.38,46.67,11970.8,6876.57,False,200898,41097.98,True,More than 200k
14,2012-03-09,2012,1,3,2020839.31,45.52,3.848,15710.87,1050.48,1.49,2302.28,2702.96,False,200898,21768.08,True,More than 200k
14,2012-03-16,2012,1,3,1941040.5,50.56,3.862,6021.47,280.43,5.5,1814.5,1581.84,False,200898,9703.74,True,More than 200k
14,2012-03-23,2012,1,3,1893447.71,59.45,3.9,4718.7,348.81,6.85,353.11,3726.39,False,200898,9153.86,True,More than 200k
14,2012-03-30,2012,1,3,1905033.01,50.04,3.953,11267.8,185.8,8.84,1152.46,2509.18,False,200898,15124.079999999998,True,More than 200k
14,2012-04-06,2012,2,4,2376022.2600000002,49.73,3.996,8376.85,,81.19,3578.4,4857.19,False,200898,16893.63,True,More than 200k
14,2012-04-13,2012,2,4,1912909.69,51.83,4.044,5236.77,13739.76,51.75,984.02,2638.42,False,200898,22650.72,True,More than 200k
14,2012-04-20,2012,2,4,1875686.44,63.13,4.027,32124.49,6870.09,100.15,2213.04,3706.04,False,200898,45013.810000000005,True,More than 200k
14,2012-04-27,2012,2,4,1784029.95,53.2,4.004,3548.09,0.35,45.88,78.21,4193.26,False,200898,7865.790000000001,True,More than 200k
14,2012-05-04,2012,2,5,1949354.29,55.21,3.951,21068.05,,128.13,5490.93,2764.55,False,200898,29451.66,True,More than 200k
14,2012-05-11,2012,2,5,1987531.05,61.24,3.889,10626.27,,131.11,1664.04,10557.13,False,200898,22978.550000000003,True,More than 200k
14,2012-05-18,2012,2,5,1932233.17,66.3,3.848,8818.97,,8.88,1297.39,3330.23,False,200898,13455.469999999998,True,More than 200k
14,2012-05-25,2012,2,5,2030869.61,67.21,3.798,11421.79,,634.52,1071.25,3204.72,False,200898,16332.28,True,More than 200k
14,2012-06-01,2012,2,6,2049485.49,74.48,3.742,7765.54,11.0,185.64,2473.3,2603.92,False,200898,13039.4,True,More than 200k
14,2012-06-08,2012,2,6,2099615.88,64.3,3.689,4636.1,570.2,172.7,1103.04,8024.53,False,200898,14506.57,True,More than 200k
14,2012-06-15,2012,2,6,1905733.68,71.93,3.62,10737.66,423.4,5.06,1904.52,3823.07,False,200898,16893.71,True,More than 200k
14,2012-06-22,2012,2,6,1660228.8800000001,74.22,3.564,10291.35,317.0,4.3,3292.07,6115.51,False,200898,20020.23,True,More than 200k
14,2012-06-29,2012,2,6,1591835.02,75.22,3.506,4575.3,211.7,,304.94,2686.11,False,200898,7778.049999999999,True,More than 200k
14,2012-07-06,2012,3,7,1862128.95,82.99,3.475,7024.93,416.3,83.47,6927.24,6002.43,False,200898,20454.370000000003,True,More than 200k
14,2012-07-13,2012,3,7,1544422.35,79.97,3.523,9158.47,,5.37,4516.68,2574.55,False,200898,16255.07,True,More than 200k
14,2012-07-20,2012,3,7,1553250.16,78.89,3.567,4564.87,58.48,19.69,1418.34,3764.15,False,200898,9825.529999999999,True,More than 200k
14,2012-07-27,2012,3,7,1479514.66,77.2,3.647,4945.52,113.66,4.1,10751.35,3298.31,False,200898,19112.940000000002,True,More than 200k
14,2012-08-03,2012,3,8,1656886.46,76.58,3.654,17465.29,37.82,110.8,13149.34,5089.95,False,200898,35853.2,True,More than 200k
14,2012-08-10,2012,3,8,1648570.03,78.65,3.722,32432.09,23.68,32.44,4309.81,3570.81,False,200898,40368.829999999994,True,More than 200k
14,2012-08-17,2012,3,8,1660433.3,75.71,3.807,4625.55,62.5,5.84,2100.73,2663.23,False,200898,9457.85,True,More than 200k
14,2012-08-24,2012,3,8,1621841.33,72.62,3.834,6647.88,34.56,255.31,6931.8,9414.1,False,200898,23283.65,True,More than 200k
14,2012-08-31,2012,3,8,1613342.19,75.09,3.867,24718.73,9.94,120.98,14110.32,3332.99,False,200898,42292.96,True,More than 200k
14,2012-09-07,2012,3,9,1904512.34,75.7,3.911,6623.84,6.97,34.35,2720.17,5498.39,True,200898,14883.720000000001,True,More than 200k
14,2012-09-14,2012,3,9,1554794.22,67.87,3.948,11320.02,,28.2,855.45,1743.58,False,200898,13947.250000000002,True,More than 200k
14,2012-09-21,2012,3,9,1565352.46,65.32,4.038,21474.27,98.28,29.88,1924.92,15282.51,False,200898,38809.86,True,More than 200k
14,2012-09-28,2012,3,9,1522512.2,64.88,3.997,3816.64,38.19,8.16,2545.14,3536.04,False,200898,9944.169999999998,True,More than 200k
14,2012-10-05,2012,4,10,1687592.16,64.89,3.985,9219.05,,12.04,3592.0,3300.66,False,200898,16123.75,True,More than 200k
14,2012-10-12,2012,4,10,1639585.6099999999,54.47,4.0,3214.56,,20.28,822.73,7207.7,False,200898,11265.27,True,More than 200k
14,2012-10-19,2012,4,10,1590274.72,56.47,3.969,4192.74,,17.46,1076.25,3839.99,False,200898,9126.439999999999,True,More than 200k
14,2012-10-26,2012,4,10,1704357.62,58.85,3.882,9258.41,99.19,117.84,1489.28,1433.31,False,200898,12398.03,True,More than 200k
15,2010-02-05,2010,1,2,652122.44,19.83,2.954,,,,,,False,123737,0.0,False,Between 100k and 150k
15,2010-02-12,2010,1,2,682447.1,22.0,2.94,,,,,,True,123737,0.0,False,Between 100k and 150k
15,2010-02-19,2010,1,2,660838.75,27.54,2.909,,,,,,False,123737,0.0,False,Between 100k and 150k
15,2010-02-26,2010,1,2,564883.2000000001,29.87,2.91,,,,,,False,123737,0.0,False,Between 100k and 150k
15,2010-03-05,2010,1,3,605325.43,31.79,2.919,,,,,,False,123737,0.0,False,Between 100k and 150k
15,2010-03-12,2010,1,3,604173.59,41.39,2.938,,,,,,False,123737,0.0,False,Between 100k and 150k
15,2010-03-19,2010,1,3,593710.67,44.69,2.96,,,,,,False,123737,0.0,False,Between 100k and 150k
15,2010-03-26,2010,1,3,592111.49,39.53,2.963,,,,,,False,123737,0.0,False,Between 100k and 150k
15,2010-04-02,2010,2,4,718470.71,45.27,2.957,,,,,,False,123737,0.0,False,Between 100k and 150k
15,2010-04-09,2010,2,4,634605.77,57.77,2.992,,,,,,False,123737,0.0,False,Between 100k and 150k
15,2010-04-16,2010,2,4,641208.65,49.63,3.01,,,,,,False,123737,0.0,False,Between 100k and 150k
15,2010-04-23,2010,2,4,643097.6,46.54,3.021,,,,,,False,123737,0.0,False,Between 100k and 150k
15,2010-04-30,2010,2,4,570791.11,49.09,3.042,,,,,,False,123737,0.0,False,Between 100k and 150k
15,2010-05-07,2010,2,5,661348.88,63.16,3.095,,,,,,False,123737,0.0,False,Between 100k and 150k
15,2010-05-14,2010,2,5,594385.2,47.13,3.112,,,,,,False,123737,0.0,False,Between 100k and 150k
15,2010-05-21,2010,2,5,616598.1,59.09,3.096,,,,,,False,123737,0.0,False,Between 100k and 150k
15,2010-05-28,2010,2,5,744772.88,70.61,3.046,,,,,,False,123737,0.0,False,Between 100k and 150k
15,2010-06-04,2010,2,6,693192.5,69.99,3.006,,,,,,False,123737,0.0,False,Between 100k and 150k
15,2010-06-11,2010,2,6,619337.29,61.04,2.972,,,,,,False,123737,0.0,False,Between 100k and 150k
15,2010-06-18,2010,2,6,652329.53,65.83,2.942,,,,,,False,123737,0.0,False,Between 100k and 150k
15,2010-06-25,2010,2,6,672194.03,72.79,2.958,,,,,,False,123737,0.0,False,Between 100k and 150k
15,2010-07-02,2010,3,7,709337.11,66.13,2.958,,,,,,False,123737,0.0,False,Between 100k and 150k
15,2010-07-09,2010,3,7,691497.62,77.33,2.94,,,,,,False,123737,0.0,False,Between 100k and 150k
15,2010-07-16,2010,3,7,633203.69,72.83,2.933,,,,,,False,123737,0.0,False,Between 100k and 150k
15,2010-07-23,2010,3,7,598553.43,73.2,2.924,,,,,,False,123737,0.0,False,Between 100k and 150k
15,2010-07-30,2010,3,7,619224.0599999999,72.04,2.932,,,,,,False,123737,0.0,False,Between 100k and 150k
15,2010-08-06,2010,3,8,639651.24,72.7,2.942,,,,,,False,123737,0.0,False,Between 100k and 150k
15,2010-08-13,2010,3,8,622437.08,72.17,2.923,,,,,,False,123737,0.0,False,Between 100k and 150k
15,2010-08-20,2010,3,8,637090.44,71.1,2.913,,,,,,False,123737,0.0,False,Between 100k and 150k
15,2010-08-27,2010,3,8,649791.15,65.07,2.885,,,,,,False,123737,0.0,False,Between 100k and 150k
15,2010-09-03,2010,3,9,638647.21,73.17,2.86,,,,,,False,123737,0.0,False,Between 100k and 150k
15,2010-09-10,2010,3,9,641965.2,62.36,2.837,,,,,,True,123737,0.0,False,Between 100k and 150k
15,2010-09-17,2010,3,9,583210.87,57.94,2.846,,,,,,False,123737,0.0,False,Between 100k and 150k
15,2010-09-24,2010,3,9,548542.47,62.53,2.837,,,,,,False,123737,0.0,False,Between 100k and 150k
15,2010-10-01,2010,4,10,566945.95,59.69,2.84,,,,,,False,123737,0.0,False,Between 100k and 150k
15,2010-10-08,2010,4,10,591603.79,52.19,2.903,,,,,,False,123737,0.0,False,Between 100k and 150k
15,2010-10-15,2010,4,10,577011.26,49.96,2.999,,,,,,False,123737,0.0,False,Between 100k and 150k
15,2010-10-22,2010,4,10,600395.73,47.1,3.049,,,,,,False,123737,0.0,False,Between 100k and 150k
15,2010-10-29,2010,4,10,598301.5,55.09,3.055,,,,,,False,123737,0.0,False,Between 100k and 150k
15,2010-11-05,2010,4,11,612987.64,40.29,3.049,,,,,,False,123737,0.0,False,Between 100k and 150k
15,2010-11-12,2010,4,11,619639.74,39.63,3.065,,,,,,False,123737,0.0,False,Between 100k and 150k
15,2010-11-19,2010,4,11,608200.81,44.1,3.138,,,,,,False,123737,0.0,False,Between 100k and 150k
15,2010-11-26,2010,4,11,1120018.92,40.71,3.186,,,,,,True,123737,0.0,False,Between 100k and 150k
15,2010-12-03,2010,4,12,754134.95,36.0,3.2,,,,,,False,123737,0.0,False,Between 100k and 150k
15,2010-12-10,2010,4,12,847294.04,23.97,3.255,,,,,,False,123737,0.0,False,Between 100k and 150k
15,2010-12-17,2010,4,12,983825.15,25.3,3.301,,,,,,False,123737,0.0,False,Between 100k and 150k
15,2010-12-24,2010,4,12,1368318.17,25.07,3.309,,,,,,False,123737,0.0,False,Between 100k and 150k
15,2010-12-31,2010,4,12,543754.17,26.54,3.336,,,,,,True,123737,0.0,False,Between 100k and 150k
15,2011-01-07,2011,1,1,509640.77,30.53,3.351,,,,,,False,123737,0.0,False,Between 100k and 150k
15,2011-01-14,2011,1,1,479424.2,19.53,3.367,,,,,,False,123737,0.0,False,Between 100k and 150k
15,2011-01-21,2011,1,1,487311.03,21.84,3.391,,,,,,False,123737,0.0,False,Between 100k and 150k
15,2011-01-28,2011,1,1,481119.6,19.61,3.402,,,,,,False,123737,0.0,False,Between 100k and 150k
15,2011-02-04,2011,1,2,556550.85,20.69,3.4,,,,,,False,123737,0.0,False,Between 100k and 150k
15,2011-02-11,2011,1,2,582864.35,21.64,3.416,,,,,,True,123737,0.0,False,Between 100k and 150k
15,2011-02-18,2011,1,2,649993.5,33.06,3.42,,,,,,False,123737,0.0,False,Between 100k and 150k
15,2011-02-25,2011,1,2,547564.09,20.87,3.452,,,,,,False,123737,0.0,False,Between 100k and 150k
15,2011-03-04,2011,1,3,573374.49,28.16,3.605,,,,,,False,123737,0.0,False,Between 100k and 150k
15,2011-03-11,2011,1,3,537035.28,34.27,3.752,,,,,,False,123737,0.0,False,Between 100k and 150k
15,2011-03-18,2011,1,3,551553.99,40.23,3.796,,,,,,False,123737,0.0,False,Between 100k and 150k
15,2011-03-25,2011,1,3,527389.28,32.63,3.789,,,,,,False,123737,0.0,False,Between 100k and 150k
15,2011-04-01,2011,2,4,542556.05,30.34,3.811,,,,,,False,123737,0.0,False,Between 100k and 150k
15,2011-04-08,2011,2,4,587370.8099999999,40.94,3.895,,,,,,False,123737,0.0,False,Between 100k and 150k
15,2011-04-15,2011,2,4,607691.36,48.63,3.981,,,,,,False,123737,0.0,False,Between 100k and 150k
15,2011-04-22,2011,2,4,655318.26,41.37,4.061,,,,,,False,123737,0.0,False,Between 100k and 150k
15,2011-04-29,2011,2,4,560764.41,55.46,4.117,,,,,,False,123737,0.0,False,Between 100k and 150k
15,2011-05-06,2011,2,5,630522.67,49.87,4.192,,,,,,False,123737,0.0,False,Between 100k and 150k
15,2011-05-13,2011,2,5,630482.91,57.07,4.211,,,,,,False,123737,0.0,False,Between 100k and 150k
15,2011-05-20,2011,2,5,593941.9,57.19,4.202,,,,,,False,123737,0.0,False,Between 100k and 150k
15,2011-05-27,2011,2,5,636193.24,65.87,4.134,,,,,,False,123737,0.0,False,Between 100k and 150k
15,2011-06-03,2011,2,6,695396.19,69.8,4.069,,,,,,False,123737,0.0,False,Between 100k and 150k
15,2011-06-10,2011,2,6,642679.81,69.86,4.025,,,,,,False,123737,0.0,False,Between 100k and 150k
15,2011-06-17,2011,2,6,639928.85,63.9,3.989,,,,,,False,123737,0.0,False,Between 100k and 150k
15,2011-06-24,2011,2,6,656594.95,69.96,3.964,,,,,,False,123737,0.0,False,Between 100k and 150k
15,2011-07-01,2011,3,7,674669.16,67.43,3.916,,,,,,False,123737,0.0,False,Between 100k and 150k
15,2011-07-08,2011,3,7,635118.48,73.47,3.886,,,,,,False,123737,0.0,False,Between 100k and 150k
15,2011-07-15,2011,3,7,624114.56,73.34,3.915,,,,,,False,123737,0.0,False,Between 100k and 150k
15,2011-07-22,2011,3,7,607475.4400000001,79.97,3.972,,,,,,False,123737,0.0,False,Between 100k and 150k
15,2011-07-29,2011,3,7,577511.02,74.67,4.004,,,,,,False,123737,0.0,False,Between 100k and 150k
15,2011-08-05,2011,3,8,607961.21,73.63,4.02,,,,,,False,123737,0.0,False,Between 100k and 150k
15,2011-08-12,2011,3,8,590836.37,70.63,3.995,,,,,,False,123737,0.0,False,Between 100k and 150k
15,2011-08-19,2011,3,8,599488.98,70.41,3.942,,,,,,False,123737,0.0,False,Between 100k and 150k
15,2011-08-26,2011,3,8,605413.17,69.19,3.906,,,,,,False,123737,0.0,False,Between 100k and 150k
15,2011-09-02,2011,3,9,649159.6799999999,67.63,3.879,,,,,,False,123737,0.0,False,Between 100k and 150k
15,2011-09-09,2011,3,9,607593.51,67.59,3.93,,,,,,True,123737,0.0,False,Between 100k and 150k
15,2011-09-16,2011,3,9,545052.34,62.1,3.937,,,,,,False,123737,0.0,False,Between 100k and 150k
15,2011-09-23,2011,3,9,545570.86,59.0,3.899,,,,,,False,123737,0.0,False,Between 100k and 150k
15,2011-09-30,2011,3,9,521297.31,64.87,3.858,,,,,,False,123737,0.0,False,Between 100k and 150k
15,2011-10-07,2011,4,10,579068.88,51.24,3.775,,,,,,False,123737,0.0,False,Between 100k and 150k
15,2011-10-14,2011,4,10,537300.94,61.3,3.744,,,,,,False,123737,0.0,False,Between 100k and 150k
15,2011-10-21,2011,4,10,603318.89,51.67,3.757,,,,,,False,123737,0.0,False,Between 100k and 150k
15,2011-10-28,2011,4,10,589842.69,45.54,3.757,,,,,,False,123737,0.0,False,Between 100k and 150k
15,2011-11-04,2011,4,11,615121.78,43.39,3.738,,,,,,False,123737,0.0,False,Between 100k and 150k
15,2011-11-11,2011,4,11,618949.82,47.13,3.719,9727.57,4267.72,617.98,1236.64,2067.74,False,123737,17917.65,True,Between 100k and 150k
15,2011-11-18,2011,4,11,597856.51,46.53,3.717,3668.4,615.27,49.57,946.2,4393.97,False,123737,9673.41,True,Between 100k and 150k
15,2011-11-25,2011,4,11,1066478.1,41.1,3.689,299.72,54.94,67073.91,34.22,171.76,True,123737,67634.55,True,Between 100k and 150k
15,2011-12-02,2011,4,12,699028.66,45.67,3.666,3751.34,191.82,6485.06,1803.17,16136.43,False,123737,28367.82,True,Between 100k and 150k
15,2011-12-09,2011,4,12,764565.55,38.53,3.627,3581.98,193.94,75.62,1713.45,5227.94,False,123737,10792.93,True,Between 100k and 150k
15,2011-12-16,2011,4,12,870415.49,35.49,3.611,2176.13,19.0,158.53,925.45,1273.02,False,123737,4552.130000000001,True,Between 100k and 150k
15,2011-12-23,2011,4,12,1182691.8699999999,34.93,3.587,260.78,7.27,1120.42,80.13,622.48,False,123737,2091.08,True,Between 100k and 150k
15,2011-12-30,2011,4,12,603460.79,31.44,3.566,3248.4,31122.2,111.35,605.88,3474.84,True,123737,38562.67,True,Between 100k and 150k
15,2012-01-06,2012,1,1,516087.65,30.24,3.585,5597.99,17413.82,18.8,646.2,3098.77,False,123737,26775.579999999998,True,Between 100k and 150k
15,2012-01-13,2012,1,1,454183.42,36.26,3.666,1684.66,8959.27,1.0,487.76,542.9,False,123737,11675.59,True,Between 100k and 150k
15,2012-01-20,2012,1,1,492721.85,21.39,3.705,2637.43,3151.32,,265.47,2257.53,False,123737,8311.75,True,Between 100k and 150k
15,2012-01-27,2012,1,1,466045.63,30.87,3.737,875.81,2072.02,,58.58,1418.14,False,123737,4424.55,True,Between 100k and 150k
15,2012-02-03,2012,1,2,523831.64,35.3,3.796,25565.53,3425.96,56.72,19303.94,3230.99,False,123737,51583.13999999999,True,Between 100k and 150k
15,2012-02-10,2012,1,2,628218.22,31.91,3.826,5140.44,5527.21,10.39,9439.38,6371.82,True,123737,26489.239999999998,True,Between 100k and 150k
15,2012-02-17,2012,1,2,598502.83,30.26,3.874,17822.56,7914.95,1.76,11094.94,4922.19,False,123737,41756.4,True,Between 100k and 150k
15,2012-02-24,2012,1,2,561137.06,33.18,3.917,6881.03,5859.12,1.0,3607.57,4147.13,False,123737,20495.85,True,Between 100k and 150k
15,2012-03-02,2012,1,3,541292.64,33.24,3.983,11611.99,1749.22,27.4,7977.5,2327.04,False,123737,23693.15,True,Between 100k and 150k
15,2012-03-09,2012,1,3,545120.67,36.97,4.021,7926.63,615.68,1.49,2126.98,2194.94,False,123737,12865.72,True,Between 100k and 150k
15,2012-03-16,2012,1,3,570611.23,47.42,4.021,3518.76,104.88,2.98,797.26,1364.77,False,123737,5788.65,True,Between 100k and 150k
15,2012-03-23,2012,1,3,565481.88,58.92,4.054,7318.86,118.73,0.5,3744.04,1224.93,False,123737,12407.06,True,Between 100k and 150k
15,2012-03-30,2012,1,3,557547.25,42.65,4.098,4292.7,72.67,3.0,1169.95,2965.23,False,123737,8503.55,True,Between 100k and 150k
15,2012-04-06,2012,2,4,659950.36,40.01,4.143,8567.95,,46.32,1144.78,3518.73,False,123737,13277.78,True,Between 100k and 150k
15,2012-04-13,2012,2,4,558585.13,43.52,4.187,3408.63,3269.14,13.58,1547.19,1809.75,False,123737,10048.29,True,Between 100k and 150k
15,2012-04-20,2012,2,4,534780.57,54.47,4.17,4577.67,1678.35,5.9,1094.79,1830.84,False,123737,9187.55,True,Between 100k and 150k
15,2012-04-27,2012,2,4,527402.62,41.57,4.163,1863.53,,9.82,192.32,1271.7,False,123737,3337.37,True,Between 100k and 150k
15,2012-05-04,2012,2,5,577868.38,51.04,4.124,8300.37,,110.97,3056.54,1610.94,False,123737,13078.820000000002,True,Between 100k and 150k
15,2012-05-11,2012,2,5,579539.95,54.23,4.055,11017.0,,11.17,1287.37,2683.72,False,123737,14999.26,True,Between 100k and 150k
15,2012-05-18,2012,2,5,600050.98,58.84,4.029,5226.88,,8.93,546.11,1281.16,False,123737,7063.08,True,Between 100k and 150k
15,2012-05-25,2012,2,5,693780.42,67.97,3.979,6258.04,,482.11,928.64,1315.99,False,123737,8984.78,True,Between 100k and 150k
15,2012-06-01,2012,2,6,663971.26,67.61,3.915,3762.0,22.8,41.98,1170.77,2160.94,False,123737,7158.49,True,Between 100k and 150k
15,2012-06-08,2012,2,6,611390.67,59.35,3.871,4658.21,269.0,0.19,399.04,3998.9,False,123737,9325.34,True,Between 100k and 150k
15,2012-06-15,2012,2,6,636737.65,67.7,3.786,3453.42,478.6,0.01,404.11,3862.9,False,123737,8199.04,True,Between 100k and 150k
15,2012-06-22,2012,2,6,687085.6,74.28,3.722,3816.09,1314.0,,667.31,2567.0,False,123737,8364.4,True,Between 100k and 150k
15,2012-06-29,2012,2,6,624099.48,68.91,3.667,3076.48,589.4,,1770.01,2113.3,False,123737,7549.1900000000005,True,Between 100k and 150k
15,2012-07-06,2012,3,7,678024.75,74.64,3.646,4916.59,270.1,24.22,1747.41,2772.41,False,123737,9730.73,True,Between 100k and 150k
15,2012-07-13,2012,3,7,591335.5,72.62,3.689,3376.03,189.6,50.02,942.78,753.32,False,123737,5311.75,True,Between 100k and 150k
15,2012-07-20,2012,3,7,592369.22,75.31,3.732,1131.83,179.69,31.31,274.96,1321.82,False,123737,2939.6099999999997,True,Between 100k and 150k
15,2012-07-27,2012,3,7,571190.83,73.9,3.82,2403.14,122.34,0.87,2132.06,1082.9,False,123737,5741.3099999999995,True,Between 100k and 150k
15,2012-08-03,2012,3,8,590739.62,73.13,3.819,7251.41,216.62,0.48,4906.29,1420.37,False,123737,13795.169999999998,True,Between 100k and 150k
15,2012-08-10,2012,3,8,590453.63,73.99,3.863,15384.57,19.31,100.34,1649.99,1552.05,False,123737,18706.26,True,Between 100k and 150k
15,2012-08-17,2012,3,8,579738.2,70.29,3.963,3690.95,10.66,0.3,788.18,1176.04,False,123737,5666.13,True,Between 100k and 150k
15,2012-08-24,2012,3,8,606210.77,66.98,3.997,3669.07,,,2813.59,1610.18,False,123737,8092.84,True,Between 100k and 150k
15,2012-08-31,2012,3,8,610185.32,71.42,4.026,5501.66,135.77,27.69,1513.49,2862.32,False,123737,10040.93,True,Between 100k and 150k
15,2012-09-07,2012,3,9,587259.8200000001,71.61,4.076,7925.48,13.2,15.69,1684.3,1941.32,True,123737,11579.989999999998,True,Between 100k and 150k
15,2012-09-14,2012,3,9,527509.76,65.44,4.088,5163.64,,1.49,922.73,3154.77,False,123737,9242.630000000001,True,Between 100k and 150k
15,2012-09-21,2012,3,9,533161.64,60.34,4.203,3412.14,91.0,28.5,118.17,1880.31,False,123737,5530.12,True,Between 100k and 150k
15,2012-09-28,2012,3,9,553901.97,57.13,4.158,5223.97,19.73,0.66,1260.77,5490.76,False,123737,11995.89,True,Between 100k and 150k
15,2012-10-05,2012,4,10,573498.64,59.57,4.151,2337.37,,6.22,1443.89,1892.94,False,123737,5680.42,True,Between 100k and 150k
15,2012-10-12,2012,4,10,551799.63,49.12,4.186,1351.82,,5.8,500.2,3631.62,False,123737,5489.44,True,Between 100k and 150k
15,2012-10-19,2012,4,10,555652.77,52.89,4.153,710.9,,1.68,176.01,1098.68,False,123737,1987.27,True,Between 100k and 150k
15,2012-10-26,2012,4,10,558473.6,55.75,4.071,4657.77,,100.0,1077.51,1234.65,False,123737,7069.93,True,Between 100k and 150k
16,2010-02-05,2010,1,2,477409.3,19.79,2.58,,,,,,False,57197,0.0,False,Between 50k and 100k
16,2010-02-12,2010,1,2,472044.27999999997,20.87,2.572,,,,,,True,57197,0.0,False,Between 50k and 100k
16,2010-02-19,2010,1,2,469868.7,21.13,2.55,,,,,,False,57197,0.0,False,Between 50k and 100k
16,2010-02-26,2010,1,2,443242.17,18.12,2.586,,,,,,False,57197,0.0,False,Between 50k and 100k
16,2010-03-05,2010,1,3,444181.85,27.92,2.62,,,,,,False,57197,0.0,False,Between 50k and 100k
16,2010-03-12,2010,1,3,445393.74,28.64,2.684,,,,,,False,57197,0.0,False,Between 50k and 100k
16,2010-03-19,2010,1,3,504307.35,33.45,2.692,,,,,,False,57197,0.0,False,Between 50k and 100k
16,2010-03-26,2010,1,3,483177.2,29.88,2.717,,,,,,False,57197,0.0,False,Between 50k and 100k
16,2010-04-02,2010,2,4,490503.69,36.19,2.725,,,,,,False,57197,0.0,False,Between 50k and 100k
16,2010-04-09,2010,2,4,424083.99,34.21,2.75,,,,,,False,57197,0.0,False,Between 50k and 100k
16,2010-04-16,2010,2,4,436312.41000000003,45.69,2.765,,,,,,False,57197,0.0,False,Between 50k and 100k
16,2010-04-23,2010,2,4,370230.94,44.9,2.776,,,,,,False,57197,0.0,False,Between 50k and 100k
16,2010-04-30,2010,2,4,383550.93,37.75,2.766,,,,,,False,57197,0.0,False,Between 50k and 100k
16,2010-05-07,2010,2,5,403217.22000000003,37.43,2.771,,,,,,False,57197,0.0,False,Between 50k and 100k
16,2010-05-14,2010,2,5,401770.9,41.26,2.788,,,,,,False,57197,0.0,False,Between 50k and 100k
16,2010-05-21,2010,2,5,435300.51,47.34,2.776,,,,,,False,57197,0.0,False,Between 50k and 100k
16,2010-05-28,2010,2,5,479430.0,52.08,2.737,,,,,,False,57197,0.0,False,Between 50k and 100k
16,2010-06-04,2010,2,6,516295.81,53.76,2.7,,,,,,False,57197,0.0,False,Between 50k and 100k
16,2010-06-11,2010,2,6,535587.31,62.63,2.684,,,,,,False,57197,0.0,False,Between 50k and 100k
16,2010-06-18,2010,2,6,540149.85,52.4,2.674,,,,,,False,57197,0.0,False,Between 50k and 100k
16,2010-06-25,2010,2,6,546554.96,62.37,2.715,,,,,,False,57197,0.0,False,Between 50k and 100k
16,2010-07-02,2010,3,7,610641.42,64.44,2.728,,,,,,False,57197,0.0,False,Between 50k and 100k
16,2010-07-09,2010,3,7,614253.33,61.79,2.711,,,,,,False,57197,0.0,False,Between 50k and 100k
16,2010-07-16,2010,3,7,586583.69,67.68,2.699,,,,,,False,57197,0.0,False,Between 50k and 100k
16,2010-07-23,2010,3,7,588344.18,70.67,2.691,,,,,,False,57197,0.0,False,Between 50k and 100k
16,2010-07-30,2010,3,7,562633.67,70.71,2.69,,,,,,False,57197,0.0,False,Between 50k and 100k
16,2010-08-06,2010,3,8,586936.45,67.42,2.69,,,,,,False,57197,0.0,False,Between 50k and 100k
16,2010-08-13,2010,3,8,543757.97,63.91,2.723,,,,,,False,57197,0.0,False,Between 50k and 100k
16,2010-08-20,2010,3,8,521516.96,63.59,2.732,,,,,,False,57197,0.0,False,Between 50k and 100k
16,2010-08-27,2010,3,8,581010.52,65.66,2.731,,,,,,False,57197,0.0,False,Between 50k and 100k
16,2010-09-03,2010,3,9,542087.89,58.02,2.773,,,,,,False,57197,0.0,False,Between 50k and 100k
16,2010-09-10,2010,3,9,537518.57,57.24,2.78,,,,,,True,57197,0.0,False,Between 50k and 100k
16,2010-09-17,2010,3,9,522049.51999999996,56.55,2.8,,,,,,False,57197,0.0,False,Between 50k and 100k
16,2010-09-24,2010,3,9,511330.32,58.19,2.793,,,,,,False,57197,0.0,False,Between 50k and 100k
16,2010-10-01,2010,4,10,463977.54,59.39,2.759,,,,,,False,57197,0.0,False,Between 50k and 100k
16,2010-10-08,2010,4,10,442894.2,54.29,2.745,,,,,,False,57197,0.0,False,Between 50k and 100k
16,2010-10-15,2010,4,10,452169.27999999997,45.0,2.762,,,,,,False,57197,0.0,False,Between 50k and 100k
16,2010-10-22,2010,4,10,541216.92,45.85,2.762,,,,,,False,57197,0.0,False,Between 50k and 100k
16,2010-10-29,2010,4,10,495022.51,35.76,2.748,,,,,,False,57197,0.0,False,Between 50k and 100k
16,2010-11-05,2010,4,11,446905.02,39.94,2.729,,,,,,False,57197,0.0,False,Between 50k and 100k
16,2010-11-12,2010,4,11,453632.76,34.04,2.737,,,,,,False,57197,0.0,False,Between 50k and 100k
16,2010-11-19,2010,4,11,458634.68,27.26,2.758,,,,,,False,57197,0.0,False,Between 50k and 100k
16,2010-11-26,2010,4,11,651837.77,23.46,2.742,,,,,,True,57197,0.0,False,Between 50k and 100k
16,2010-12-03,2010,4,12,512260.58999999997,23.68,2.712,,,,,,False,57197,0.0,False,Between 50k and 100k
16,2010-12-10,2010,4,12,570103.64,32.02,2.728,,,,,,False,57197,0.0,False,Between 50k and 100k
16,2010-12-17,2010,4,12,648652.01,26.01,2.778,,,,,,False,57197,0.0,False,Between 50k and 100k
16,2010-12-24,2010,4,12,1004730.6900000001,32.46,2.781,,,,,,False,57197,0.0,False,Between 50k and 100k
16,2010-12-31,2010,4,12,575317.38,19.66,2.829,,,,,,True,57197,0.0,False,Between 50k and 100k
16,2011-01-07,2011,1,1,573545.96,12.39,2.882,,,,,,False,57197,0.0,False,Between 50k and 100k
16,2011-01-14,2011,1,1,470365.59,17.46,2.911,,,,,,False,57197,0.0,False,Between 50k and 100k
16,2011-01-21,2011,1,1,462888.13,28.6,2.973,,,,,,False,57197,0.0,False,Between 50k and 100k
16,2011-01-28,2011,1,1,448391.99,20.8,3.008,,,,,,False,57197,0.0,False,Between 50k and 100k
16,2011-02-04,2011,1,2,479263.15,13.64,3.011,,,,,,False,57197,0.0,False,Between 50k and 100k
16,2011-02-11,2011,1,2,466806.89,15.02,3.037,,,,,,True,57197,0.0,False,Between 50k and 100k
16,2011-02-18,2011,1,2,491179.79,27.18,3.051,,,,,,False,57197,0.0,False,Between 50k and 100k
16,2011-02-25,2011,1,2,475201.64,26.15,3.101,,,,,,False,57197,0.0,False,Between 50k and 100k
16,2011-03-04,2011,1,3,484829.07,31.77,3.232,,,,,,False,57197,0.0,False,Between 50k and 100k
16,2011-03-11,2011,1,3,457504.35,29.36,3.372,,,,,,False,57197,0.0,False,Between 50k and 100k
16,2011-03-18,2011,1,3,497373.49,36.5,3.406,,,,,,False,57197,0.0,False,Between 50k and 100k
16,2011-03-25,2011,1,3,465279.68,32.61,3.414,,,,,,False,57197,0.0,False,Between 50k and 100k
16,2011-04-01,2011,2,4,459756.11,35.75,3.461,,,,,,False,57197,0.0,False,Between 50k and 100k
16,2011-04-08,2011,2,4,439276.5,38.04,3.532,,,,,,False,57197,0.0,False,Between 50k and 100k
16,2011-04-15,2011,2,4,427855.24,34.59,3.611,,,,,,False,57197,0.0,False,Between 50k and 100k
16,2011-04-22,2011,2,4,368600.0,40.74,3.636,,,,,,False,57197,0.0,False,Between 50k and 100k
16,2011-04-29,2011,2,4,378100.31,37.77,3.663,,,,,,False,57197,0.0,False,Between 50k and 100k
16,2011-05-06,2011,2,5,423805.22,38.64,3.735,,,,,,False,57197,0.0,False,Between 50k and 100k
16,2011-05-13,2011,2,5,410406.95,43.29,3.767,,,,,,False,57197,0.0,False,Between 50k and 100k
16,2011-05-20,2011,2,5,435397.19,43.95,3.828,,,,,,False,57197,0.0,False,Between 50k and 100k
16,2011-05-27,2011,2,5,444718.68,45.17,3.795,,,,,,False,57197,0.0,False,Between 50k and 100k
16,2011-06-03,2011,2,6,531080.31,54.08,3.763,,,,,,False,57197,0.0,False,Between 50k and 100k
16,2011-06-10,2011,2,6,600952.06,55.78,3.735,,,,,,False,57197,0.0,False,Between 50k and 100k
16,2011-06-17,2011,2,6,581546.23,58.34,3.697,,,,,,False,57197,0.0,False,Between 50k and 100k
16,2011-06-24,2011,2,6,569105.03,54.36,3.661,,,,,,False,57197,0.0,False,Between 50k and 100k
16,2011-07-01,2011,3,7,608737.56,63.59,3.597,,,,,,False,57197,0.0,False,Between 50k and 100k
16,2011-07-08,2011,3,7,634634.66,65.0,3.54,,,,,,False,57197,0.0,False,Between 50k and 100k
16,2011-07-15,2011,3,7,586841.77,65.16,3.532,,,,,,False,57197,0.0,False,Between 50k and 100k
16,2011-07-22,2011,3,7,581758.22,65.36,3.545,,,,,,False,57197,0.0,False,Between 50k and 100k
16,2011-07-29,2011,3,7,582381.95,66.84,3.547,,,,,,False,57197,0.0,False,Between 50k and 100k
16,2011-08-05,2011,3,8,592981.33,63.96,3.554,,,,,,False,57197,0.0,False,Between 50k and 100k
16,2011-08-12,2011,3,8,563884.47,67.09,3.542,,,,,,False,57197,0.0,False,Between 50k and 100k
16,2011-08-19,2011,3,8,554630.42,68.83,3.499,,,,,,False,57197,0.0,False,Between 50k and 100k
16,2011-08-26,2011,3,8,557312.01,67.51,3.485,,,,,,False,57197,0.0,False,Between 50k and 100k
16,2011-09-02,2011,3,9,580805.3300000001,63.44,3.511,,,,,,False,57197,0.0,False,Between 50k and 100k
16,2011-09-09,2011,3,9,574622.56,56.99,3.566,,,,,,True,57197,0.0,False,Between 50k and 100k
16,2011-09-16,2011,3,9,539081.09,53.68,3.596,,,,,,False,57197,0.0,False,Between 50k and 100k
16,2011-09-23,2011,3,9,504856.97,50.39,3.581,,,,,,False,57197,0.0,False,Between 50k and 100k
16,2011-09-30,2011,3,9,450075.31,57.61,3.538,,,,,,False,57197,0.0,False,Between 50k and 100k
16,2011-10-07,2011,4,10,482926.93,48.91,3.498,,,,,,False,57197,0.0,False,Between 50k and 100k
16,2011-10-14,2011,4,10,498241.06,39.97,3.491,,,,,,False,57197,0.0,False,Between 50k and 100k
16,2011-10-21,2011,4,10,560104.16,46.99,3.548,,,,,,False,57197,0.0,False,Between 50k and 100k
16,2011-10-28,2011,4,10,505918.21,41.97,3.55,,,,,,False,57197,0.0,False,Between 50k and 100k
16,2011-11-04,2011,4,11,511059.95,33.43,3.527,,,,,,False,57197,0.0,False,Between 50k and 100k
16,2011-11-11,2011,4,11,513181.31,29.56,3.505,5042.4,2193.04,200.11,3309.98,2743.18,False,57197,13488.71,True,Between 50k and 100k
16,2011-11-18,2011,4,11,480353.64,31.73,3.479,2089.46,154.21,3.55,830.6,4425.07,False,57197,7502.889999999999,True,Between 50k and 100k
16,2011-11-25,2011,4,11,712422.4,31.39,3.424,90.28,126.47,34754.69,24.64,1560.32,True,57197,36556.4,True,Between 50k and 100k
16,2011-12-02,2011,4,12,530492.84,27.83,3.378,516.47,61.0,944.52,9.0,7124.75,False,57197,8655.74,True,Between 50k and 100k
16,2011-12-09,2011,4,12,574798.86,14.44,3.331,2229.52,28.0,73.7,1696.73,6465.69,False,57197,10493.64,True,Between 50k and 100k
16,2011-12-16,2011,4,12,679481.9,22.5,3.266,2801.5,,99.57,422.6,2684.19,False,57197,6007.860000000001,True,Between 50k and 100k
16,2011-12-23,2011,4,12,950691.96,20.79,3.173,485.0,0.18,475.6,16.2,960.85,False,57197,1937.83,True,Between 50k and 100k
16,2011-12-30,2011,4,12,665861.06,23.91,3.119,921.67,11778.68,101.87,272.51,1673.25,True,57197,14747.980000000001,True,Between 50k and 100k
16,2012-01-06,2012,1,1,564538.0700000001,26.49,3.095,443.59,5524.49,15.7,35.25,3296.96,False,57197,9315.99,True,Between 50k and 100k
16,2012-01-13,2012,1,1,508520.09,19.55,3.077,1353.58,2551.73,0.24,289.67,1899.49,False,57197,6094.709999999999,True,Between 50k and 100k
16,2012-01-20,2012,1,1,474389.75,29.3,3.055,2087.19,1399.47,5.58,75.83,4742.74,False,57197,8310.81,True,Between 50k and 100k
16,2012-01-27,2012,1,1,453979.19,28.17,3.038,612.01,1011.32,,8.41,2482.91,False,57197,4114.65,True,Between 50k and 100k
16,2012-02-03,2012,1,2,475905.1,25.53,3.031,32702.46,747.82,2.39,8063.07,2940.68,False,57197,44456.42,True,Between 50k and 100k
16,2012-02-10,2012,1,2,473766.97000000003,23.69,3.103,7247.14,985.13,0.45,9481.58,6298.1,True,57197,24012.4,True,Between 50k and 100k
16,2012-02-17,2012,1,2,494069.49,31.19,3.113,5656.83,2712.39,,2883.67,4484.79,False,57197,15737.68,True,Between 50k and 100k
16,2012-02-24,2012,1,2,495720.3,26.21,3.129,12120.37,2778.82,,1634.92,4210.7,False,57197,20744.81,True,Between 50k and 100k
16,2012-03-02,2012,1,3,464189.08999999997,23.4,3.191,8501.55,871.52,,2066.16,3207.63,False,57197,14646.86,True,Between 50k and 100k
16,2012-03-09,2012,1,3,495951.66,28.16,3.286,5302.57,557.02,3.17,5974.36,3037.04,False,57197,14874.16,True,Between 50k and 100k
16,2012-03-16,2012,1,3,520850.71,38.02,3.486,3501.15,0.3,1.33,1396.55,1515.46,False,57197,6414.79,True,Between 50k and 100k
16,2012-03-23,2012,1,3,493503.89,38.7,3.664,1462.21,2.5,4.43,367.45,1256.65,False,57197,3093.2400000000002,True,Between 50k and 100k
16,2012-03-30,2012,1,3,485095.41,48.29,3.75,3404.77,,5.0,188.8,1133.72,False,57197,4732.29,True,Between 50k and 100k
16,2012-04-06,2012,2,4,502662.07,48.93,3.854,7612.73,,43.82,897.11,5294.18,False,57197,13847.84,True,Between 50k and 100k
16,2012-04-13,2012,2,4,450756.71,45.83,3.901,3532.73,1368.42,22.0,214.95,1983.5,False,57197,7121.599999999999,True,Between 50k and 100k
16,2012-04-20,2012,2,4,436221.26,43.61,3.936,2479.18,582.08,22.92,558.25,1659.22,False,57197,5301.65,True,Between 50k and 100k
16,2012-04-27,2012,2,4,398445.14999999997,59.69,3.927,3351.91,205.74,16.41,366.79,2049.94,False,57197,5990.789999999999,True,Between 50k and 100k
16,2012-05-04,2012,2,5,426959.62,51.34,3.903,3332.89,,35.34,766.61,2282.68,False,57197,6417.52,True,Between 50k and 100k
16,2012-05-11,2012,2,5,479855.0,53.57,3.87,4814.92,,61.11,343.64,837.48,False,57197,6057.15,True,Between 50k and 100k
16,2012-05-18,2012,2,5,493506.47,56.74,3.837,5303.48,,96.9,765.65,2341.97,False,57197,8507.999999999998,True,Between 50k and 100k
16,2012-05-25,2012,2,5,518045.09,57.36,3.804,990.24,,123.98,321.46,1405.5,False,57197,2841.1800000000003,True,Between 50k and 100k
16,2012-06-01,2012,2,6,532311.9299999999,58.97,3.764,4078.25,22.4,60.41,98.46,968.96,False,57197,5228.48,True,Between 50k and 100k
16,2012-06-08,2012,2,6,603618.89,65.43,3.741,3644.68,37.2,63.9,611.78,5520.95,False,57197,9878.509999999998,True,Between 50k and 100k
16,2012-06-15,2012,2,6,570045.79,65.36,3.723,7027.33,141.8,125.91,642.76,1980.96,False,57197,9918.76,True,Between 50k and 100k
16,2012-06-22,2012,2,6,581745.72,70.41,3.735,1291.33,201.0,0.27,696.47,1682.13,False,57197,3871.2,True,Between 50k and 100k
16,2012-06-29,2012,2,6,570162.28,77.31,3.693,731.74,107.4,,455.32,1375.35,False,57197,2669.81,True,Between 50k and 100k
16,2012-07-06,2012,3,7,641763.53,70.49,3.646,1559.36,68.8,13.1,420.62,6013.75,False,57197,8075.629999999999,True,Between 50k and 100k
16,2012-07-13,2012,3,7,569005.0599999999,70.29,3.613,2375.53,17.9,2.07,983.3,1834.23,False,57197,5213.030000000001,True,Between 50k and 100k
16,2012-07-20,2012,3,7,565297.54,68.43,3.585,1115.42,105.35,4.69,196.54,948.69,False,57197,2370.69,True,Between 50k and 100k
16,2012-07-27,2012,3,7,539337.87,69.0,3.57,589.03,31.77,,855.31,1457.52,False,57197,2933.63,True,Between 50k and 100k
16,2012-08-03,2012,3,8,584000.71,68.59,3.528,4801.46,,,3030.35,2945.89,False,57197,10777.699999999999,True,Between 50k and 100k
16,2012-08-10,2012,3,8,554036.84,70.24,3.509,7036.67,11.2,11.0,3031.99,2296.61,False,57197,12387.470000000001,True,Between 50k and 100k
16,2012-08-17,2012,3,8,521896.60000000003,62.07,3.545,408.1,,1.1,870.38,604.8,False,57197,1884.3799999999999,True,Between 50k and 100k
16,2012-08-24,2012,3,8,551152.15,61.44,3.558,1556.47,16.0,3.34,869.05,1691.12,False,57197,4135.98,True,Between 50k and 100k
16,2012-08-31,2012,3,8,551837.3099999999,64.19,3.556,8702.4,,35.78,3576.08,4493.67,False,57197,16807.93,True,Between 50k and 100k
16,2012-09-07,2012,3,9,537138.58,60.09,3.596,2291.22,,37.43,411.53,1576.74,True,57197,4316.919999999999,True,Between 50k and 100k
16,2012-09-14,2012,3,9,526525.16,56.69,3.659,5323.84,,9.3,1307.03,4474.84,False,57197,11115.01,True,Between 50k and 100k
16,2012-09-21,2012,3,9,509942.56,56.48,3.765,3913.62,1.91,,143.35,5661.0,False,57197,9719.88,True,Between 50k and 100k
16,2012-09-28,2012,3,9,469607.73,51.4,3.789,2130.57,3.82,,583.9,1409.43,False,57197,4127.72,True,Between 50k and 100k
16,2012-10-05,2012,4,10,471281.68,50.46,3.779,2228.83,,23.32,1534.31,4451.29,False,57197,8237.75,True,Between 50k and 100k
16,2012-10-12,2012,4,10,491817.19,43.26,3.76,522.32,,11.09,40.2,5247.6,False,57197,5821.210000000001,True,Between 50k and 100k
16,2012-10-19,2012,4,10,577198.97,40.59,3.75,1278.03,,1.16,16.38,1395.48,False,57197,2691.05,True,Between 50k and 100k
16,2012-10-26,2012,4,10,475770.14,40.99,3.686,2285.52,20.48,,201.97,1237.41,False,57197,3745.38,True,Between 50k and 100k
17,2010-02-05,2010,1,2,789036.02,23.11,2.666,,,,,,False,93188,0.0,False,Between 50k and 100k
17,2010-02-12,2010,1,2,841951.91,18.36,2.671,,,,,,True,93188,0.0,False,Between 50k and 100k
17,2010-02-19,2010,1,2,800714.0,25.06,2.654,,,,,,False,93188,0.0,False,Between 50k and 100k
17,2010-02-26,2010,1,2,749549.55,15.64,2.667,,,,,,False,93188,0.0,False,Between 50k and 100k
17,2010-03-05,2010,1,3,783300.05,31.58,2.681,,,,,,False,93188,0.0,False,Between 50k and 100k
17,2010-03-12,2010,1,3,763961.82,29.71,2.733,,,,,,False,93188,0.0,False,Between 50k and 100k
17,2010-03-19,2010,1,3,752034.52,33.96,2.782,,,,,,False,93188,0.0,False,Between 50k and 100k
17,2010-03-26,2010,1,3,793097.64,35.59,2.819,,,,,,False,93188,0.0,False,Between 50k and 100k
17,2010-04-02,2010,2,4,848521.17,36.94,2.842,,,,,,False,93188,0.0,False,Between 50k and 100k
17,2010-04-09,2010,2,4,770228.02,34.05,2.877,,,,,,False,93188,0.0,False,Between 50k and 100k
17,2010-04-16,2010,2,4,757738.76,45.22,2.915,,,,,,False,93188,0.0,False,Between 50k and 100k
17,2010-04-23,2010,2,4,977790.83,52.25,2.936,,,,,,False,93188,0.0,False,Between 50k and 100k
17,2010-04-30,2010,2,4,807798.73,43.82,2.941,,,,,,False,93188,0.0,False,Between 50k and 100k
17,2010-05-07,2010,2,5,843848.65,40.26,2.948,,,,,,False,93188,0.0,False,Between 50k and 100k
17,2010-05-14,2010,2,5,813756.09,47.28,2.962,,,,,,False,93188,0.0,False,Between 50k and 100k
17,2010-05-21,2010,2,5,826626.5,53.94,2.95,,,,,,False,93188,0.0,False,Between 50k and 100k
17,2010-05-28,2010,2,5,872817.62,48.19,2.908,,,,,,False,93188,0.0,False,Between 50k and 100k
17,2010-06-04,2010,2,6,876902.87,53.79,2.871,,,,,,False,93188,0.0,False,Between 50k and 100k
17,2010-06-11,2010,2,6,845252.21,57.14,2.841,,,,,,False,93188,0.0,False,Between 50k and 100k
17,2010-06-18,2010,2,6,877996.27,54.94,2.819,,,,,,False,93188,0.0,False,Between 50k and 100k
17,2010-06-25,2010,2,6,893995.44,62.64,2.82,,,,,,False,93188,0.0,False,Between 50k and 100k
17,2010-07-02,2010,3,7,958875.37,68.98,2.814,,,,,,False,93188,0.0,False,Between 50k and 100k
17,2010-07-09,2010,3,7,836915.92,62.41,2.802,,,,,,False,93188,0.0,False,Between 50k and 100k
17,2010-07-16,2010,3,7,876591.41,65.66,2.791,,,,,,False,93188,0.0,False,Between 50k and 100k
17,2010-07-23,2010,3,7,893504.87,69.66,2.797,,,,,,False,93188,0.0,False,Between 50k and 100k
17,2010-07-30,2010,3,7,833517.19,69.96,2.797,,,,,,False,93188,0.0,False,Between 50k and 100k
17,2010-08-06,2010,3,8,795301.17,70.53,2.802,,,,,,False,93188,0.0,False,Between 50k and 100k
17,2010-08-13,2010,3,8,759995.1799999999,65.17,2.837,,,,,,False,93188,0.0,False,Between 50k and 100k
17,2010-08-20,2010,3,8,783929.7,67.04,2.85,,,,,,False,93188,0.0,False,Between 50k and 100k
17,2010-08-27,2010,3,8,802583.89,65.03,2.854,,,,,,False,93188,0.0,False,Between 50k and 100k
17,2010-09-03,2010,3,9,834373.73,57.86,2.868,,,,,,False,93188,0.0,False,Between 50k and 100k
17,2010-09-10,2010,3,9,1200888.28,56.28,2.87,,,,,,True,93188,0.0,False,Between 50k and 100k
17,2010-09-17,2010,3,9,871264.25,58.53,2.875,,,,,,False,93188,0.0,False,Between 50k and 100k
17,2010-09-24,2010,3,9,852876.2899999999,58.39,2.872,,,,,,False,93188,0.0,False,Between 50k and 100k
17,2010-10-01,2010,4,10,829207.27,60.07,2.853,,,,,,False,93188,0.0,False,Between 50k and 100k
17,2010-10-08,2010,4,10,827738.06,58.06,2.841,,,,,,False,93188,0.0,False,Between 50k and 100k
17,2010-10-15,2010,4,10,838297.32,47.35,2.845,,,,,,False,93188,0.0,False,Between 50k and 100k
17,2010-10-22,2010,4,10,815093.76,47.95,2.849,,,,,,False,93188,0.0,False,Between 50k and 100k
17,2010-10-29,2010,4,10,861941.25,39.87,2.841,,,,,,False,93188,0.0,False,Between 50k and 100k
17,2010-11-05,2010,4,11,818434.49,42.54,2.831,,,,,,False,93188,0.0,False,Between 50k and 100k
17,2010-11-12,2010,4,11,855459.96,36.32,2.831,,,,,,False,93188,0.0,False,Between 50k and 100k
17,2010-11-19,2010,4,11,782252.57,36.31,2.842,,,,,,False,93188,0.0,False,Between 50k and 100k
17,2010-11-26,2010,4,11,1005448.76,19.03,2.83,,,,,,True,93188,0.0,False,Between 50k and 100k
17,2010-12-03,2010,4,12,926573.81,22.47,2.812,,,,,,False,93188,0.0,False,Between 50k and 100k
17,2010-12-10,2010,4,12,962475.55,31.64,2.817,,,,,,False,93188,0.0,False,Between 50k and 100k
17,2010-12-17,2010,4,12,1049372.38,25.13,2.842,,,,,,False,93188,0.0,False,Between 50k and 100k
17,2010-12-24,2010,4,12,1309226.79,26.58,2.846,,,,,,False,93188,0.0,False,Between 50k and 100k
17,2010-12-31,2010,4,12,635862.55,20.79,2.868,,,,,,True,93188,0.0,False,Between 50k and 100k
17,2011-01-07,2011,1,1,1083071.14,6.23,2.891,,,,,,False,93188,0.0,False,Between 50k and 100k
17,2011-01-14,2011,1,1,758510.36,16.57,2.903,,,,,,False,93188,0.0,False,Between 50k and 100k
17,2011-01-21,2011,1,1,755804.37,26.62,2.934,,,,,,False,93188,0.0,False,Between 50k and 100k
17,2011-01-28,2011,1,1,736335.6900000001,22.16,2.96,,,,,,False,93188,0.0,False,Between 50k and 100k
17,2011-02-04,2011,1,2,816603.05,11.29,2.974,,,,,,False,93188,0.0,False,Between 50k and 100k
17,2011-02-11,2011,1,2,813211.46,14.19,3.034,,,,,,True,93188,0.0,False,Between 50k and 100k
17,2011-02-18,2011,1,2,860962.91,26.86,3.062,,,,,,False,93188,0.0,False,Between 50k and 100k
17,2011-02-25,2011,1,2,767256.53,24.36,3.12,,,,,,False,93188,0.0,False,Between 50k and 100k
17,2011-03-04,2011,1,3,816138.33,24.21,3.23,,,,,,False,93188,0.0,False,Between 50k and 100k
17,2011-03-11,2011,1,3,779602.36,32.42,3.346,,,,,,False,93188,0.0,False,Between 50k and 100k
17,2011-03-18,2011,1,3,778436.81,34.48,3.407,,,,,,False,93188,0.0,False,Between 50k and 100k
17,2011-03-25,2011,1,3,781267.76,36.71,3.435,,,,,,False,93188,0.0,False,Between 50k and 100k
17,2011-04-01,2011,2,4,795859.23,39.38,3.487,,,,,,False,93188,0.0,False,Between 50k and 100k
17,2011-04-08,2011,2,4,811855.72,39.16,3.547,,,,,,False,93188,0.0,False,Between 50k and 100k
17,2011-04-15,2011,2,4,825283.4299999999,39.98,3.616,,,,,,False,93188,0.0,False,Between 50k and 100k
17,2011-04-22,2011,2,4,1060770.11,42.24,3.655,,,,,,False,93188,0.0,False,Between 50k and 100k
17,2011-04-29,2011,2,4,806979.15,40.14,3.683,,,,,,False,93188,0.0,False,Between 50k and 100k
17,2011-05-06,2011,2,5,882132.28,45.66,3.744,,,,,,False,93188,0.0,False,Between 50k and 100k
17,2011-05-13,2011,2,5,870625.49,49.26,3.77,,,,,,False,93188,0.0,False,Between 50k and 100k
17,2011-05-20,2011,2,5,844443.35,51.93,3.802,,,,,,False,93188,0.0,False,Between 50k and 100k
17,2011-05-27,2011,2,5,892056.64,51.04,3.778,,,,,,False,93188,0.0,False,Between 50k and 100k
17,2011-06-03,2011,2,6,895020.48,49.61,3.752,,,,,,False,93188,0.0,False,Between 50k and 100k
17,2011-06-10,2011,2,6,881190.46,54.57,3.732,,,,,,False,93188,0.0,False,Between 50k and 100k
17,2011-06-17,2011,2,6,894686.67,56.61,3.704,,,,,,False,93188,0.0,False,Between 50k and 100k
17,2011-06-24,2011,2,6,920719.98,60.99,3.668,,,,,,False,93188,0.0,False,Between 50k and 100k
17,2011-07-01,2011,3,7,940554.34,67.39,3.613,,,,,,False,93188,0.0,False,Between 50k and 100k
17,2011-07-08,2011,3,7,915064.22,70.6,3.563,,,,,,False,93188,0.0,False,Between 50k and 100k
17,2011-07-15,2011,3,7,902727.76,67.93,3.553,,,,,,False,93188,0.0,False,Between 50k and 100k
17,2011-07-22,2011,3,7,899044.34,69.82,3.563,,,,,,False,93188,0.0,False,Between 50k and 100k
17,2011-07-29,2011,3,7,861894.77,68.59,3.574,,,,,,False,93188,0.0,False,Between 50k and 100k
17,2011-08-05,2011,3,8,866184.92,65.71,3.595,,,,,,False,93188,0.0,False,Between 50k and 100k
17,2011-08-12,2011,3,8,800819.79,64.79,3.606,,,,,,False,93188,0.0,False,Between 50k and 100k
17,2011-08-19,2011,3,8,797523.04,67.59,3.578,,,,,,False,93188,0.0,False,Between 50k and 100k
17,2011-08-26,2011,3,8,837390.79,72.04,3.57,,,,,,False,93188,0.0,False,Between 50k and 100k
17,2011-09-02,2011,3,9,847380.07,69.31,3.58,,,,,,False,93188,0.0,False,Between 50k and 100k
17,2011-09-09,2011,3,9,1161900.18,61.94,3.619,,,,,,True,93188,0.0,False,Between 50k and 100k
17,2011-09-16,2011,3,9,1051116.95,61.48,3.641,,,,,,False,93188,0.0,False,Between 50k and 100k
17,2011-09-23,2011,3,9,895535.31,56.96,3.648,,,,,,False,93188,0.0,False,Between 50k and 100k
17,2011-09-30,2011,3,9,868191.05,61.4,3.623,,,,,,False,93188,0.0,False,Between 50k and 100k
17,2011-10-07,2011,4,10,918006.9,54.4,3.592,,,,,,False,93188,0.0,False,Between 50k and 100k
17,2011-10-14,2011,4,10,884042.63,47.69,3.567,,,,,,False,93188,0.0,False,Between 50k and 100k
17,2011-10-21,2011,4,10,877380.22,47.27,3.579,,,,,,False,93188,0.0,False,Between 50k and 100k
17,2011-10-28,2011,4,10,936508.43,41.89,3.567,,,,,,False,93188,0.0,False,Between 50k and 100k
17,2011-11-04,2011,4,11,927657.63,37.52,3.538,,,,,,False,93188,0.0,False,Between 50k and 100k
17,2011-11-11,2011,4,11,914759.2,27.61,3.513,3935.0,4172.99,225.67,2515.61,3009.79,False,93188,13859.060000000001,True,Between 50k and 100k
17,2011-11-18,2011,4,11,877724.31,32.93,3.489,6004.88,247.29,32.39,653.49,4391.01,False,93188,11329.060000000001,True,Between 50k and 100k
17,2011-11-25,2011,4,11,1225700.28,32.81,3.445,310.16,181.17,62095.85,106.24,1292.3,True,93188,63985.72,True,Between 50k and 100k
17,2011-12-02,2011,4,12,945267.68,26.47,3.389,5562.36,222.94,16380.88,2303.32,17707.05,False,93188,42176.55,True,Between 50k and 100k
17,2011-12-09,2011,4,12,976522.93,17.56,3.341,8530.15,,29.6,840.04,6700.99,False,93188,16100.78,True,Between 50k and 100k
17,2011-12-16,2011,4,12,1067754.06,21.07,3.282,3356.86,0.03,38.78,1286.21,2618.88,False,93188,7300.760000000001,True,Between 50k and 100k
17,2011-12-23,2011,4,12,1289156.9,18.76,3.186,945.5,35.63,1077.82,57.64,2404.82,False,93188,4521.41,True,Between 50k and 100k
17,2011-12-30,2011,4,12,777207.3,26.73,3.119,4439.21,42391.85,120.08,1366.9,2383.67,True,93188,50701.71,True,Between 50k and 100k
17,2012-01-06,2012,1,1,1198104.22,27.64,3.08,5185.45,12090.5,33.9,1490.06,4832.68,False,93188,23632.590000000004,True,Between 50k and 100k
17,2012-01-13,2012,1,1,873576.96,20.28,3.056,1552.86,3911.73,0.52,542.24,1709.97,False,93188,7717.320000000001,True,Between 50k and 100k
17,2012-01-20,2012,1,1,809272.65,27.26,3.047,1461.59,577.33,,442.39,1407.74,False,93188,3889.05,True,Between 50k and 100k
17,2012-01-27,2012,1,1,769522.33,29.99,3.058,1834.7,684.22,,118.0,1109.1,False,93188,3746.02,True,Between 50k and 100k
17,2012-02-03,2012,1,2,864852.85,26.26,3.077,32793.78,5509.47,38.96,35785.26,4518.58,False,93188,78646.05,True,Between 50k and 100k
17,2012-02-10,2012,1,2,880165.7,23.63,3.116,5658.48,13498.72,16.27,4292.59,6008.71,True,93188,29474.769999999997,True,Between 50k and 100k
17,2012-02-17,2012,1,2,927084.65,30.76,3.119,10862.6,14264.11,2.64,8459.96,4740.08,False,93188,38329.39,True,Between 50k and 100k
17,2012-02-24,2012,1,2,843864.4299999999,30.01,3.145,8628.93,3368.34,,3876.56,4378.82,False,93188,20252.65,True,Between 50k and 100k
17,2012-03-02,2012,1,3,856178.47,26.28,3.242,14469.08,1163.89,37.38,8771.3,2237.79,False,93188,26679.44,True,Between 50k and 100k
17,2012-03-09,2012,1,3,860224.98,32.02,3.38,3944.86,104.91,2.16,550.85,3717.62,False,93188,8320.4,True,Between 50k and 100k
17,2012-03-16,2012,1,3,853136.46,43.69,3.529,6373.65,46.13,1.02,1938.3,1278.79,False,93188,9637.89,True,Between 50k and 100k
17,2012-03-23,2012,1,3,851762.28,40.69,3.671,5060.41,42.99,,315.1,1399.39,False,93188,6817.89,True,Between 50k and 100k
17,2012-03-30,2012,1,3,872469.03,45.29,3.734,8337.43,74.41,6.0,418.13,3444.54,False,93188,12280.509999999998,True,Between 50k and 100k
17,2012-04-06,2012,2,4,986922.62,43.92,3.793,11072.17,,43.74,2299.75,4192.05,False,93188,17607.71,True,Between 50k and 100k
17,2012-04-13,2012,2,4,877055.32,46.94,3.833,2328.03,6989.17,3.6,895.75,1545.65,False,93188,11762.2,True,Between 50k and 100k
17,2012-04-20,2012,2,4,1119979.98,47.69,3.845,2570.29,1288.35,2.1,341.52,2157.85,False,93188,6360.110000000001,True,Between 50k and 100k
17,2012-04-27,2012,2,4,925916.65,59.11,3.842,1832.86,,1.62,8.94,2211.39,False,93188,4054.8099999999995,True,Between 50k and 100k
17,2012-05-04,2012,2,5,930121.14,48.86,3.831,10140.57,,181.65,2709.84,1859.33,False,93188,14891.39,True,Between 50k and 100k
17,2012-05-11,2012,2,5,944100.2999999999,49.96,3.809,6288.63,,22.59,997.55,1266.73,False,93188,8575.5,True,Between 50k and 100k
17,2012-05-18,2012,2,5,968816.33,59.67,3.808,3847.57,,92.93,1216.19,2403.0,False,93188,7559.6900000000005,True,Between 50k and 100k
17,2012-05-25,2012,2,5,984881.59,55.69,3.801,5528.92,,71.81,595.85,2754.3,False,93188,8950.880000000001,True,Between 50k and 100k
17,2012-06-01,2012,2,6,938914.28,54.13,3.788,3996.22,25.0,31.8,1667.66,881.3,False,93188,6601.9800000000005,True,Between 50k and 100k
17,2012-06-08,2012,2,6,987990.24,60.51,3.776,6233.58,140.2,328.34,763.88,4501.73,False,93188,11967.73,True,Between 50k and 100k
17,2012-06-15,2012,2,6,964169.67,56.67,3.756,6069.6,147.0,0.18,1949.47,1373.68,False,93188,9539.93,True,Between 50k and 100k
17,2012-06-22,2012,2,6,981210.57,62.9,3.737,3500.33,466.98,,1789.53,2980.58,False,93188,8737.42,True,Between 50k and 100k
17,2012-06-29,2012,2,6,982322.24,71.14,3.681,2895.23,281.3,,357.75,1195.05,False,93188,4729.33,True,Between 50k and 100k
17,2012-07-06,2012,3,7,1046782.52,68.91,3.63,9824.36,128.0,25.38,3990.35,3618.23,False,93188,17586.32,True,Between 50k and 100k
17,2012-07-13,2012,3,7,960746.04,72.94,3.595,5814.57,64.9,0.18,1807.43,1705.19,False,93188,9392.27,True,Between 50k and 100k
17,2012-07-20,2012,3,7,944698.7,70.59,3.556,2836.48,34.2,20.25,738.75,1189.5,False,93188,4819.18,True,Between 50k and 100k
17,2012-07-27,2012,3,7,907493.24,74.2,3.537,4345.01,57.6,7.79,3965.83,6114.63,False,93188,14490.86,True,Between 50k and 100k
17,2012-08-03,2012,3,8,877813.33,72.94,3.512,13721.83,56.6,8.34,12343.79,1797.84,False,93188,27928.4,True,Between 50k and 100k
17,2012-08-10,2012,3,8,849074.04,73.29,3.509,3711.96,9.2,4.42,2316.51,1613.36,False,93188,7655.45,True,Between 50k and 100k
17,2012-08-17,2012,3,8,844928.17,70.98,3.545,1833.19,5.6,0.81,1344.67,1707.05,False,93188,4891.32,True,Between 50k and 100k
17,2012-08-24,2012,3,8,924299.78,68.89,3.582,3255.74,6.0,50.17,3022.22,3782.36,False,93188,10116.49,True,Between 50k and 100k
17,2012-08-31,2012,3,8,865924.2,68.07,3.624,11235.99,,2.73,3648.33,1964.35,False,93188,16851.399999999998,True,Between 50k and 100k
17,2012-09-07,2012,3,9,1255633.29,61.99,3.689,13396.45,,18.08,1299.65,1333.12,True,93188,16047.3,True,Between 50k and 100k
17,2012-09-14,2012,3,9,1071040.22,59.64,3.749,5620.89,,13.95,260.46,4585.25,False,93188,10480.55,True,Between 50k and 100k
17,2012-09-21,2012,3,9,938303.28,58.43,3.821,6035.13,1.91,14.5,859.64,6132.91,False,93188,13044.09,True,Between 50k and 100k
17,2012-09-28,2012,3,9,972716.24,57.77,3.821,4716.69,,9.0,1925.91,1643.33,False,93188,8294.93,True,Between 50k and 100k
17,2012-10-05,2012,4,10,952609.17,52.81,3.815,3029.6,,,2246.04,3033.47,False,93188,8309.109999999999,True,Between 50k and 100k
17,2012-10-12,2012,4,10,919878.3400000001,44.82,3.797,1171.21,,3.58,371.84,3776.18,False,93188,5322.8099999999995,True,Between 50k and 100k
17,2012-10-19,2012,4,10,957356.84,48.16,3.781,708.27,,1.4,14.01,1328.57,False,93188,2052.25,True,Between 50k and 100k
17,2012-10-26,2012,4,10,943465.29,39.94,3.755,5593.69,112.2,,134.13,748.23,False,93188,6588.25,True,Between 50k and 100k
18,2010-02-05,2010,1,2,1205307.5,21.33,2.788,,,,,,False,120653,0.0,False,Between 100k and 150k
18,2010-02-12,2010,1,2,1187880.7,26.41,2.771,,,,,,True,120653,0.0,False,Between 100k and 150k
18,2010-02-19,2010,1,2,1150663.42,30.91,2.747,,,,,,False,120653,0.0,False,Between 100k and 150k
18,2010-02-26,2010,1,2,1068157.45,35.42,2.753,,,,,,False,120653,0.0,False,Between 100k and 150k
18,2010-03-05,2010,1,3,1179738.5,37.17,2.766,,,,,,False,120653,0.0,False,Between 100k and 150k
18,2010-03-12,2010,1,3,1138800.32,42.39,2.805,,,,,,False,120653,0.0,False,Between 100k and 150k
18,2010-03-19,2010,1,3,1087507.47,45.42,2.834,,,,,,False,120653,0.0,False,Between 100k and 150k
18,2010-03-26,2010,1,3,1092704.09,47.55,2.831,,,,,,False,120653,0.0,False,Between 100k and 150k
18,2010-04-02,2010,2,4,1254107.84,45.63,2.826,,,,,,False,120653,0.0,False,Between 100k and 150k
18,2010-04-09,2010,2,4,1174447.55,59.91,2.849,,,,,,False,120653,0.0,False,Between 100k and 150k
18,2010-04-16,2010,2,4,1135577.6199999999,50.26,2.885,,,,,,False,120653,0.0,False,Between 100k and 150k
18,2010-04-23,2010,2,4,1132433.55,50.3,2.895,,,,,,False,120653,0.0,False,Between 100k and 150k
18,2010-04-30,2010,2,4,1060446.16,51.12,2.935,,,,,,False,120653,0.0,False,Between 100k and 150k
18,2010-05-07,2010,2,5,1222255.47,65.64,2.981,,,,,,False,120653,0.0,False,Between 100k and 150k
18,2010-05-14,2010,2,5,1092616.49,49.9,2.983,,,,,,False,120653,0.0,False,Between 100k and 150k
18,2010-05-21,2010,2,5,1101621.3599999999,60.27,2.961,,,,,,False,120653,0.0,False,Between 100k and 150k
18,2010-05-28,2010,2,5,1256282.79,69.12,2.906,,,,,,False,120653,0.0,False,Between 100k and 150k
18,2010-06-04,2010,2,6,1271311.76,70.28,2.857,,,,,,False,120653,0.0,False,Between 100k and 150k
18,2010-06-11,2010,2,6,1173521.82,64.08,2.83,,,,,,False,120653,0.0,False,Between 100k and 150k
18,2010-06-18,2010,2,6,1183225.92,65.96,2.805,,,,,,False,120653,0.0,False,Between 100k and 150k
18,2010-06-25,2010,2,6,1220983.17,74.04,2.81,,,,,,False,120653,0.0,False,Between 100k and 150k
18,2010-07-02,2010,3,7,1257928.35,71.22,2.815,,,,,,False,120653,0.0,False,Between 100k and 150k
18,2010-07-09,2010,3,7,1171391.41,79.75,2.806,,,,,,False,120653,0.0,False,Between 100k and 150k
18,2010-07-16,2010,3,7,1115514.61,76.9,2.796,,,,,,False,120653,0.0,False,Between 100k and 150k
18,2010-07-23,2010,3,7,1032908.23,75.71,2.784,,,,,,False,120653,0.0,False,Between 100k and 150k
18,2010-07-30,2010,3,7,1078557.6199999999,75.79,2.792,,,,,,False,120653,0.0,False,Between 100k and 150k
18,2010-08-06,2010,3,8,1166117.85,73.67,2.792,,,,,,False,120653,0.0,False,Between 100k and 150k
18,2010-08-13,2010,3,8,1084722.78,74.19,2.81,,,,,,False,120653,0.0,False,Between 100k and 150k
18,2010-08-20,2010,3,8,1141860.67,71.76,2.796,,,,,,False,120653,0.0,False,Between 100k and 150k
18,2010-08-27,2010,3,8,1214302.76,67.05,2.77,,,,,,False,120653,0.0,False,Between 100k and 150k
18,2010-09-03,2010,3,9,1187359.77,75.42,2.735,,,,,,False,120653,0.0,False,Between 100k and 150k
18,2010-09-10,2010,3,9,1011201.12,67.09,2.717,,,,,,True,120653,0.0,False,Between 100k and 150k
18,2010-09-17,2010,3,9,997998.21,60.94,2.716,,,,,,False,120653,0.0,False,Between 100k and 150k
18,2010-09-24,2010,3,9,950862.92,64.82,2.718,,,,,,False,120653,0.0,False,Between 100k and 150k
18,2010-10-01,2010,4,10,948977.5,67.76,2.717,,,,,,False,120653,0.0,False,Between 100k and 150k
18,2010-10-08,2010,4,10,1107432.71,54.73,2.776,,,,,,False,120653,0.0,False,Between 100k and 150k
18,2010-10-15,2010,4,10,1029618.1,52.02,2.878,,,,,,False,120653,0.0,False,Between 100k and 150k
18,2010-10-22,2010,4,10,1052120.43,47.12,2.919,,,,,,False,120653,0.0,False,Between 100k and 150k
18,2010-10-29,2010,4,10,1038576.54,55.85,2.938,,,,,,False,120653,0.0,False,Between 100k and 150k
18,2010-11-05,2010,4,11,1089530.94,42.05,2.938,,,,,,False,120653,0.0,False,Between 100k and 150k
18,2010-11-12,2010,4,11,1081322.12,43.17,2.961,,,,,,False,120653,0.0,False,Between 100k and 150k
18,2010-11-19,2010,4,11,1045722.37,45.26,3.03,,,,,,False,120653,0.0,False,Between 100k and 150k
18,2010-11-26,2010,4,11,1653759.36,40.81,3.07,,,,,,True,120653,0.0,False,Between 100k and 150k
18,2010-12-03,2010,4,12,1211026.13,37.09,3.065,,,,,,False,120653,0.0,False,Between 100k and 150k
18,2010-12-10,2010,4,12,1416168.98,25.64,3.132,,,,,,False,120653,0.0,False,Between 100k and 150k
18,2010-12-17,2010,4,12,1588430.71,27.4,3.139,,,,,,False,120653,0.0,False,Between 100k and 150k
18,2010-12-24,2010,4,12,2027507.1500000001,28.16,3.15,,,,,,False,120653,0.0,False,Between 100k and 150k
18,2010-12-31,2010,4,12,887907.01,26.1,3.177,,,,,,True,120653,0.0,False,Between 100k and 150k
18,2011-01-07,2011,1,1,933960.3,30.1,3.193,,,,,,False,120653,0.0,False,Between 100k and 150k
18,2011-01-14,2011,1,1,777175.28,22.69,3.215,,,,,,False,120653,0.0,False,Between 100k and 150k
18,2011-01-21,2011,1,1,891148.55,22.55,3.232,,,,,,False,120653,0.0,False,Between 100k and 150k
18,2011-01-28,2011,1,1,849540.85,14.84,3.243,,,,,,False,120653,0.0,False,Between 100k and 150k
18,2011-02-04,2011,1,2,1055841.24,20.79,3.24,,,,,,False,120653,0.0,False,Between 100k and 150k
18,2011-02-11,2011,1,2,1122053.58,24.3,3.255,,,,,,True,120653,0.0,False,Between 100k and 150k
18,2011-02-18,2011,1,2,1095058.57,31.59,3.263,,,,,,False,120653,0.0,False,Between 100k and 150k
18,2011-02-25,2011,1,2,1005983.3099999999,26.15,3.281,,,,,,False,120653,0.0,False,Between 100k and 150k
18,2011-03-04,2011,1,3,1063310.62,28.49,3.437,,,,,,False,120653,0.0,False,Between 100k and 150k
18,2011-03-11,2011,1,3,1002714.25,38.4,3.6,,,,,,False,120653,0.0,False,Between 100k and 150k
18,2011-03-18,2011,1,3,945889.59,41.12,3.634,,,,,,False,120653,0.0,False,Between 100k and 150k
18,2011-03-25,2011,1,3,944523.3,36.65,3.624,,,,,,False,120653,0.0,False,Between 100k and 150k
18,2011-04-01,2011,2,4,938083.17,35.06,3.638,,,,,,False,120653,0.0,False,Between 100k and 150k
18,2011-04-08,2011,2,4,1018541.3,43.32,3.72,,,,,,False,120653,0.0,False,Between 100k and 150k
18,2011-04-15,2011,2,4,988157.72,49.91,3.823,,,,,,False,120653,0.0,False,Between 100k and 150k
18,2011-04-22,2011,2,4,1105860.06,45.99,3.919,,,,,,False,120653,0.0,False,Between 100k and 150k
18,2011-04-29,2011,2,4,974114.39,58.82,3.988,,,,,,False,120653,0.0,False,Between 100k and 150k
18,2011-05-06,2011,2,5,1065427.37,54.17,4.078,,,,,,False,120653,0.0,False,Between 100k and 150k
18,2011-05-13,2011,2,5,993172.98,58.48,4.095,,,,,,False,120653,0.0,False,Between 100k and 150k
18,2011-05-20,2011,2,5,994610.43,57.55,4.101,,,,,,False,120653,0.0,False,Between 100k and 150k
18,2011-05-27,2011,2,5,1065214.14,64.6,4.034,,,,,,False,120653,0.0,False,Between 100k and 150k
18,2011-06-03,2011,2,6,1178039.0,70.9,3.973,,,,,,False,120653,0.0,False,Between 100k and 150k
18,2011-06-10,2011,2,6,1044079.2,69.49,3.924,,,,,,False,120653,0.0,False,Between 100k and 150k
18,2011-06-17,2011,2,6,1045859.39,63.23,3.873,,,,,,False,120653,0.0,False,Between 100k and 150k
18,2011-06-24,2011,2,6,1056478.65,67.41,3.851,,,,,,False,120653,0.0,False,Between 100k and 150k
18,2011-07-01,2011,3,7,1087051.26,69.75,3.815,,,,,,False,120653,0.0,False,Between 100k and 150k
18,2011-07-08,2011,3,7,1048802.62,73.12,3.784,,,,,,False,120653,0.0,False,Between 100k and 150k
18,2011-07-15,2011,3,7,974916.13,74.36,3.827,,,,,,False,120653,0.0,False,Between 100k and 150k
18,2011-07-22,2011,3,7,991262.46,78.68,3.882,,,,,,False,120653,0.0,False,Between 100k and 150k
18,2011-07-29,2011,3,7,954148.64,73.85,3.898,,,,,,False,120653,0.0,False,Between 100k and 150k
18,2011-08-05,2011,3,8,1002806.39,74.58,3.903,,,,,,False,120653,0.0,False,Between 100k and 150k
18,2011-08-12,2011,3,8,928470.83,73.57,3.88,,,,,,False,120653,0.0,False,Between 100k and 150k
18,2011-08-19,2011,3,8,932679.79,69.24,3.82,,,,,,False,120653,0.0,False,Between 100k and 150k
18,2011-08-26,2011,3,8,1147906.46,70.32,3.796,,,,,,False,120653,0.0,False,Between 100k and 150k
18,2011-09-02,2011,3,9,540922.94,68.23,3.784,,,,,,False,120653,0.0,False,Between 100k and 150k
18,2011-09-09,2011,3,9,951549.61,68.11,3.809,,,,,,True,120653,0.0,False,Between 100k and 150k
18,2011-09-16,2011,3,9,845715.37,66.23,3.809,,,,,,False,120653,0.0,False,Between 100k and 150k
18,2011-09-23,2011,3,9,853073.17,60.44,3.758,,,,,,False,120653,0.0,False,Between 100k and 150k
18,2011-09-30,2011,3,9,847348.08,69.01,3.684,,,,,,False,120653,0.0,False,Between 100k and 150k
18,2011-10-07,2011,4,10,1019741.1,54.65,3.633,,,,,,False,120653,0.0,False,Between 100k and 150k
18,2011-10-14,2011,4,10,953533.9500000001,60.26,3.583,,,,,,False,120653,0.0,False,Between 100k and 150k
18,2011-10-21,2011,4,10,1048212.62,55.83,3.618,,,,,,False,120653,0.0,False,Between 100k and 150k
18,2011-10-28,2011,4,10,1106642.63,45.61,3.604,,,,,,False,120653,0.0,False,Between 100k and 150k
18,2011-11-04,2011,4,11,1100625.06,38.29,3.586,,,,,,False,120653,0.0,False,Between 100k and 150k
18,2011-11-11,2011,4,11,1079931.63,45.69,3.57,15992.53,14793.25,213.79,2921.6,3231.9,False,120653,37153.07,True,Between 100k and 150k
18,2011-11-18,2011,4,11,1056992.18,47.88,3.571,5223.35,1781.71,182.6,1170.74,4346.68,False,120653,12705.080000000002,True,Between 100k and 150k
18,2011-11-25,2011,4,11,1624170.99,41.97,3.536,748.82,46.0,71366.86,19.0,577.4,True,120653,72758.08,True,Between 100k and 150k
18,2011-12-02,2011,4,12,1188047.61,46.25,3.501,4614.36,7.0,1389.17,2419.58,23235.01,False,120653,31665.12,True,Between 100k and 150k
18,2011-12-09,2011,4,12,1368471.23,42.36,3.47,5128.67,10.5,659.34,2773.46,6374.67,False,120653,14946.640000000001,True,Between 100k and 150k
18,2011-12-16,2011,4,12,1516924.23,35.52,3.445,3332.41,2.65,882.11,1350.2,2932.75,False,120653,8500.119999999999,True,Between 100k and 150k
18,2011-12-23,2011,4,12,1882393.4,35.78,3.413,159.95,12.79,2083.28,71.51,2131.65,False,120653,4459.18,True,Between 100k and 150k
18,2011-12-30,2011,4,12,1010562.49,32.36,3.402,3214.22,53296.65,300.74,621.37,1276.08,True,120653,58709.060000000005,True,Between 100k and 150k
18,2012-01-06,2012,1,1,977286.07,31.27,3.439,6196.77,43731.43,128.45,1653.17,8527.2,False,120653,60237.01999999999,True,Between 100k and 150k
18,2012-01-13,2012,1,1,890130.25,35.25,3.523,3761.79,22411.4,10.54,807.3,2977.83,False,120653,29968.86,True,Between 100k and 150k
18,2012-01-20,2012,1,1,937522.77,24.2,3.542,4209.35,5114.77,3.66,414.31,965.11,False,120653,10707.2,True,Between 100k and 150k
18,2012-01-27,2012,1,1,825584.22,30.44,3.568,3237.56,3060.93,,22.5,653.02,False,120653,6974.01,True,Between 100k and 150k
18,2012-02-03,2012,1,2,1049772.04,37.62,3.633,19499.87,3227.0,424.44,43570.91,3158.83,False,120653,69881.05,True,Between 100k and 150k
18,2012-02-10,2012,1,2,1161615.51,32.83,3.655,36778.65,4105.7,222.56,16024.01,8840.68,True,120653,65971.6,True,Between 100k and 150k
18,2012-02-17,2012,1,2,1115985.81,32.87,3.703,17875.37,9663.67,2.0,10433.78,5439.08,False,120653,43413.9,True,Between 100k and 150k
18,2012-02-24,2012,1,2,1037861.11,36.34,3.751,8425.97,10284.14,,1417.12,3566.91,False,120653,23694.14,True,Between 100k and 150k
18,2012-03-02,2012,1,3,1047178.91,33.59,3.827,26970.65,2430.78,152.58,28367.78,3625.67,False,120653,61547.46,True,Between 100k and 150k
18,2012-03-09,2012,1,3,1084894.47,38.1,3.876,7410.18,368.19,25.46,1852.39,2332.07,False,120653,11988.289999999999,True,Between 100k and 150k
18,2012-03-16,2012,1,3,1022018.43,45.84,3.867,9284.23,167.65,4.93,2554.94,2070.14,False,120653,14081.89,True,Between 100k and 150k
18,2012-03-23,2012,1,3,1031139.3,58.06,3.889,4449.37,237.61,6.53,475.59,2848.63,False,120653,8017.73,True,Between 100k and 150k
18,2012-03-30,2012,1,3,1009121.2,45.35,3.921,13122.32,267.64,6.93,657.56,2566.75,False,120653,16621.199999999997,True,Between 100k and 150k
18,2012-04-06,2012,2,4,1200815.3,43.8,3.957,7879.75,,43.89,3186.17,5337.91,False,120653,16447.72,True,Between 100k and 150k
18,2012-04-13,2012,2,4,998443.5,47.75,4.025,5798.35,9592.28,11.72,1492.2,2261.14,False,120653,19155.69,True,Between 100k and 150k
18,2012-04-20,2012,2,4,1025813.8,60.88,4.046,9959.48,11361.33,10.57,203.57,2562.42,False,120653,24097.369999999995,True,Between 100k and 150k
18,2012-04-27,2012,2,4,961186.23,50.43,4.023,2255.05,5.83,23.93,17.92,1445.88,False,120653,3748.61,True,Between 100k and 150k
18,2012-05-04,2012,2,5,1050027.89,49.66,3.991,13737.74,,39.54,4131.8,3521.29,False,120653,21430.370000000003,True,Between 100k and 150k
18,2012-05-11,2012,2,5,1060433.1,57.44,3.947,11557.93,,89.44,1570.63,3911.58,False,120653,17129.58,True,Between 100k and 150k
18,2012-05-18,2012,2,5,1047444.59,62.31,3.899,9525.2,,70.23,868.98,2396.74,False,120653,12861.15,True,Between 100k and 150k
18,2012-05-25,2012,2,5,1088446.58,65.48,3.85,12179.37,,251.38,2595.31,1605.36,False,120653,16631.42,True,Between 100k and 150k
18,2012-06-01,2012,2,6,1118313.7,71.42,3.798,13525.26,1.2,36.26,1889.92,1629.62,False,120653,17082.260000000002,True,Between 100k and 150k
18,2012-06-08,2012,2,6,1110479.94,59.1,3.746,9422.6,218.0,32.42,427.69,6113.61,False,120653,16214.32,True,Between 100k and 150k
18,2012-06-15,2012,2,6,1057425.83,66.58,3.683,6285.43,296.4,0.44,3224.15,2870.91,False,120653,12677.33,True,Between 100k and 150k
18,2012-06-22,2012,2,6,1080357.89,70.92,3.629,8206.82,478.09,1.37,3726.43,4323.55,False,120653,16736.260000000002,True,Between 100k and 150k
18,2012-06-29,2012,2,6,1097006.3,70.17,3.577,4281.61,262.88,,829.99,2102.06,False,120653,7476.539999999999,True,Between 100k and 150k
18,2012-07-06,2012,3,7,1158247.31,76.08,3.538,7264.07,216.52,104.43,5508.05,4833.1,False,120653,17926.17,True,Between 100k and 150k
18,2012-07-13,2012,3,7,1024784.92,75.09,3.561,6538.92,113.06,0.28,3817.92,959.97,False,120653,11430.15,True,Between 100k and 150k
18,2012-07-20,2012,3,7,1033543.56,77.43,3.61,2316.87,161.52,27.08,525.04,887.18,False,120653,3917.6899999999996,True,Between 100k and 150k
18,2012-07-27,2012,3,7,924506.26,72.97,3.701,4182.36,117.52,5.9,3944.27,4654.0,False,120653,12904.05,True,Between 100k and 150k
18,2012-08-03,2012,3,8,1052066.58,72.67,3.698,20286.36,66.83,46.62,17046.57,1583.43,False,120653,39029.810000000005,True,Between 100k and 150k
18,2012-08-10,2012,3,8,967304.07,75.7,3.772,20397.03,134.57,41.72,3800.38,2169.34,False,120653,26543.04,True,Between 100k and 150k
18,2012-08-17,2012,3,8,1048134.24,73.25,3.84,1852.64,70.36,8.9,2345.51,767.44,False,120653,5044.85,True,Between 100k and 150k
18,2012-08-24,2012,3,8,1145840.91,68.52,3.874,842.8,63.4,32.68,460.81,3260.03,False,120653,4659.72,True,Between 100k and 150k
18,2012-08-31,2012,3,8,1117097.23,70.09,3.884,20913.04,7.98,98.98,9800.5,4527.8,False,120653,35348.3,True,Between 100k and 150k
18,2012-09-07,2012,3,9,1083521.24,71.85,3.921,5817.03,3.0,99.56,346.88,4664.82,True,120653,10931.29,True,Between 100k and 150k
18,2012-09-14,2012,3,9,960476.1,64.45,3.988,10608.96,,12.41,1458.55,5520.31,False,120653,17600.23,True,Between 100k and 150k
18,2012-09-21,2012,3,9,971386.65,60.23,4.056,7820.69,41.64,296.78,1323.47,7158.18,False,120653,16640.760000000002,True,Between 100k and 150k
18,2012-09-28,2012,3,9,1002856.2,58.24,4.018,2247.94,22.73,45.56,2464.93,1640.3,False,120653,6421.46,True,Between 100k and 150k
18,2012-10-05,2012,4,10,1092204.79,59.68,4.027,6366.36,,27.33,3667.31,3573.44,False,120653,13634.44,True,Between 100k and 150k
18,2012-10-12,2012,4,10,1074079.0,50.97,4.029,2241.19,,30.08,901.32,3592.56,False,120653,6765.15,True,Between 100k and 150k
18,2012-10-19,2012,4,10,1048706.75,51.96,4.0,1894.83,,2.24,501.85,1453.25,False,120653,3852.17,True,Between 100k and 150k
18,2012-10-26,2012,4,10,1127516.25,56.09,3.917,5430.61,128.31,50.0,822.64,969.64,False,120653,7401.200000000001,True,Between 100k and 150k
19,2010-02-05,2010,1,2,1507637.17,20.96,2.954,,,,,,False,203819,0.0,False,More than 200k
19,2010-02-12,2010,1,2,1536549.95,23.22,2.94,,,,,,True,203819,0.0,False,More than 200k
19,2010-02-19,2010,1,2,1515976.11,28.57,2.909,,,,,,False,203819,0.0,False,More than 200k
19,2010-02-26,2010,1,2,1373270.06,30.33,2.91,,,,,,False,203819,0.0,False,More than 200k
19,2010-03-05,2010,1,3,1495844.57,32.92,2.919,,,,,,False,203819,0.0,False,More than 200k
19,2010-03-12,2010,1,3,1467889.2,39.06,2.938,,,,,,False,203819,0.0,False,More than 200k
19,2010-03-19,2010,1,3,1332940.35,43.74,2.96,,,,,,False,203819,0.0,False,More than 200k
19,2010-03-26,2010,1,3,1427023.45,39.07,2.963,,,,,,False,203819,0.0,False,More than 200k
19,2010-04-02,2010,2,4,1642970.27,45.26,2.957,,,,,,False,203819,0.0,False,More than 200k
19,2010-04-09,2010,2,4,1489613.32,55.66,2.992,,,,,,False,203819,0.0,False,More than 200k
19,2010-04-16,2010,2,4,1460354.67,49.67,3.01,,,,,,False,203819,0.0,False,More than 200k
19,2010-04-23,2010,2,4,1456793.33,46.87,3.021,,,,,,False,203819,0.0,False,More than 200k
19,2010-04-30,2010,2,4,1405065.57,49.89,3.042,,,,,,False,203819,0.0,False,More than 200k
19,2010-05-07,2010,2,5,1566219.77,62.54,3.095,,,,,,False,203819,0.0,False,More than 200k
19,2010-05-14,2010,2,5,1437319.45,46.53,3.112,,,,,,False,203819,0.0,False,More than 200k
19,2010-05-21,2010,2,5,1377716.17,57.53,3.096,,,,,,False,203819,0.0,False,More than 200k
19,2010-05-28,2010,2,5,1648882.62,68.85,3.046,,,,,,False,203819,0.0,False,More than 200k
19,2010-06-04,2010,2,6,1519013.49,68.88,3.006,,,,,,False,203819,0.0,False,More than 200k
19,2010-06-11,2010,2,6,1410683.94,61.64,2.972,,,,,,False,203819,0.0,False,More than 200k
19,2010-06-18,2010,2,6,1457314.3900000001,66.25,2.942,,,,,,False,203819,0.0,False,More than 200k
19,2010-06-25,2010,2,6,1450407.32,72.3,2.958,,,,,,False,203819,0.0,False,More than 200k
19,2010-07-02,2010,3,7,1549018.68,66.25,2.958,,,,,,False,203819,0.0,False,More than 200k
19,2010-07-09,2010,3,7,1577541.24,78.22,2.94,,,,,,False,203819,0.0,False,More than 200k
19,2010-07-16,2010,3,7,1412157.02,74.6,2.933,,,,,,False,203819,0.0,False,More than 200k
19,2010-07-23,2010,3,7,1372043.71,74.68,2.924,,,,,,False,203819,0.0,False,More than 200k
19,2010-07-30,2010,3,7,1366395.96,72.83,2.932,,,,,,False,203819,0.0,False,More than 200k
19,2010-08-06,2010,3,8,1492060.89,74.2,2.942,,,,,,False,203819,0.0,False,More than 200k
19,2010-08-13,2010,3,8,1418027.08,72.71,2.923,,,,,,False,203819,0.0,False,More than 200k
19,2010-08-20,2010,3,8,1419383.19,72.22,2.913,,,,,,False,203819,0.0,False,More than 200k
19,2010-08-27,2010,3,8,1557888.16,66.4,2.885,,,,,,False,203819,0.0,False,More than 200k
19,2010-09-03,2010,3,9,1623519.6400000001,74.69,2.86,,,,,,False,203819,0.0,False,More than 200k
19,2010-09-10,2010,3,9,1591453.39,63.36,2.837,,,,,,True,203819,0.0,False,More than 200k
19,2010-09-17,2010,3,9,1386789.31,58.68,2.846,,,,,,False,203819,0.0,False,More than 200k
19,2010-09-24,2010,3,9,1318343.58,63.43,2.837,,,,,,False,203819,0.0,False,More than 200k
19,2010-10-01,2010,4,10,1379456.3,59.91,2.84,,,,,,False,203819,0.0,False,More than 200k
19,2010-10-08,2010,4,10,1428960.72,53.74,2.903,,,,,,False,203819,0.0,False,More than 200k
19,2010-10-15,2010,4,10,1369317.63,51.32,2.999,,,,,,False,203819,0.0,False,More than 200k
19,2010-10-22,2010,4,10,1357154.71,48.45,3.049,,,,,,False,203819,0.0,False,More than 200k
19,2010-10-29,2010,4,10,1404576.48,56.11,3.055,,,,,,False,203819,0.0,False,More than 200k
19,2010-11-05,2010,4,11,1435379.25,41.78,3.049,,,,,,False,203819,0.0,False,More than 200k
19,2010-11-12,2010,4,11,1490235.86,40.3,3.065,,,,,,False,203819,0.0,False,More than 200k
19,2010-11-19,2010,4,11,1377593.1,44.22,3.138,,,,,,False,203819,0.0,False,More than 200k
19,2010-11-26,2010,4,11,1993367.83,42.62,3.186,,,,,,True,203819,0.0,False,More than 200k
19,2010-12-03,2010,4,12,1615987.96,36.64,3.2,,,,,,False,203819,0.0,False,More than 200k
19,2010-12-10,2010,4,12,1799070.98,25.12,3.255,,,,,,False,203819,0.0,False,More than 200k
19,2010-12-17,2010,4,12,1911967.44,26.83,3.301,,,,,,False,203819,0.0,False,More than 200k
19,2010-12-24,2010,4,12,2678206.42,26.05,3.309,,,,,,False,203819,0.0,False,More than 200k
19,2010-12-31,2010,4,12,1275146.94,28.65,3.336,,,,,,True,203819,0.0,False,More than 200k
19,2011-01-07,2011,1,1,1224175.99,31.34,3.351,,,,,,False,203819,0.0,False,More than 200k
19,2011-01-14,2011,1,1,1181204.53,21.68,3.367,,,,,,False,203819,0.0,False,More than 200k
19,2011-01-21,2011,1,1,1212967.84,22.8,3.391,,,,,,False,203819,0.0,False,More than 200k
19,2011-01-28,2011,1,1,1284185.49,20.66,3.402,,,,,,False,203819,0.0,False,More than 200k
19,2011-02-04,2011,1,2,1370562.1099999999,21.02,3.4,,,,,,False,203819,0.0,False,More than 200k
19,2011-02-11,2011,1,2,1430851.11,21.79,3.416,,,,,,True,203819,0.0,False,More than 200k
19,2011-02-18,2011,1,2,1457270.16,34.74,3.42,,,,,,False,203819,0.0,False,More than 200k
19,2011-02-25,2011,1,2,1296658.47,23.24,3.452,,,,,,False,203819,0.0,False,More than 200k
19,2011-03-04,2011,1,3,1433569.44,29.28,3.605,,,,,,False,203819,0.0,False,More than 200k
19,2011-03-11,2011,1,3,1351450.43,35.59,3.752,,,,,,False,203819,0.0,False,More than 200k
19,2011-03-18,2011,1,3,1257972.3699999999,40.32,3.796,,,,,,False,203819,0.0,False,More than 200k
19,2011-03-25,2011,1,3,1266564.94,33.26,3.789,,,,,,False,203819,0.0,False,More than 200k
19,2011-04-01,2011,2,4,1305950.22,30.68,3.811,,,,,,False,203819,0.0,False,More than 200k
19,2011-04-08,2011,2,4,1419911.91,41.26,3.895,,,,,,False,203819,0.0,False,More than 200k
19,2011-04-15,2011,2,4,1392093.04,48.67,3.981,,,,,,False,203819,0.0,False,More than 200k
19,2011-04-22,2011,2,4,1514288.82,41.66,4.061,,,,,,False,203819,0.0,False,More than 200k
19,2011-04-29,2011,2,4,1297237.7,54.23,4.117,,,,,,False,203819,0.0,False,More than 200k
19,2011-05-06,2011,2,5,1451953.95,50.43,4.192,,,,,,False,203819,0.0,False,More than 200k
19,2011-05-13,2011,2,5,1429143.06,54.2,4.211,,,,,,False,203819,0.0,False,More than 200k
19,2011-05-20,2011,2,5,1355234.3,52.8,4.202,,,,,,False,203819,0.0,False,More than 200k
19,2011-05-27,2011,2,5,1388553.11,63.2,4.134,,,,,,False,203819,0.0,False,More than 200k
19,2011-06-03,2011,2,6,1457345.75,66.01,4.069,,,,,,False,203819,0.0,False,More than 200k
19,2011-06-10,2011,2,6,1467473.6300000001,68.26,4.025,,,,,,False,203819,0.0,False,More than 200k
19,2011-06-17,2011,2,6,1418973.6199999999,64.02,3.989,,,,,,False,203819,0.0,False,More than 200k
19,2011-06-24,2011,2,6,1440785.7,68.4,3.964,,,,,,False,203819,0.0,False,More than 200k
19,2011-07-01,2011,3,7,1462731.93,67.64,3.916,,,,,,False,203819,0.0,False,More than 200k
19,2011-07-08,2011,3,7,1465489.75,73.2,3.886,,,,,,False,203819,0.0,False,More than 200k
19,2011-07-15,2011,3,7,1391580.41,73.7,3.915,,,,,,False,203819,0.0,False,More than 200k
19,2011-07-22,2011,3,7,1377119.45,79.37,3.972,,,,,,False,203819,0.0,False,More than 200k
19,2011-07-29,2011,3,7,1298775.8,74.86,4.004,,,,,,False,203819,0.0,False,More than 200k
19,2011-08-05,2011,3,8,1408968.55,73.84,4.02,,,,,,False,203819,0.0,False,More than 200k
19,2011-08-12,2011,3,8,1360969.45,70.92,3.995,,,,,,False,203819,0.0,False,More than 200k
19,2011-08-19,2011,3,8,1391792.69,71.14,3.942,,,,,,False,203819,0.0,False,More than 200k
19,2011-08-26,2011,3,8,1547729.24,69.34,3.906,,,,,,False,203819,0.0,False,More than 200k
19,2011-09-02,2011,3,9,1609951.02,69.27,3.879,,,,,,False,203819,0.0,False,More than 200k
19,2011-09-09,2011,3,9,1566712.79,68.28,3.93,,,,,,True,203819,0.0,False,More than 200k
19,2011-09-16,2011,3,9,1365633.53,62.76,3.937,,,,,,False,203819,0.0,False,More than 200k
19,2011-09-23,2011,3,9,1300375.76,61.32,3.899,,,,,,False,203819,0.0,False,More than 200k
19,2011-09-30,2011,3,9,1330757.22,64.99,3.858,,,,,,False,203819,0.0,False,More than 200k
19,2011-10-07,2011,4,10,1461718.87,53.1,3.775,,,,,,False,203819,0.0,False,More than 200k
19,2011-10-14,2011,4,10,1318905.53,61.86,3.744,,,,,,False,203819,0.0,False,More than 200k
19,2011-10-21,2011,4,10,1374863.1,52.05,3.757,,,,,,False,203819,0.0,False,More than 200k
19,2011-10-28,2011,4,10,1396612.36,46.49,3.757,,,,,,False,203819,0.0,False,More than 200k
19,2011-11-04,2011,4,11,1480289.64,44.97,3.738,,,,,,False,203819,0.0,False,More than 200k
19,2011-11-11,2011,4,11,1502078.93,48.22,3.719,27064.58,16590.75,502.96,8568.62,6349.89,False,203819,59076.8,True,More than 200k
19,2011-11-18,2011,4,11,1411835.57,48.21,3.717,10100.14,1785.29,92.36,978.96,7776.94,False,203819,20733.69,True,More than 200k
19,2011-11-25,2011,4,11,1974646.78,42.75,3.689,1328.35,1436.52,88805.58,23.79,1869.98,True,203819,93464.21999999999,True,More than 200k
19,2011-12-02,2011,4,12,1484708.38,45.67,3.666,7197.6,239.76,9191.67,4716.48,28279.83,False,203819,49625.34,True,More than 200k
19,2011-12-09,2011,4,12,1713769.06,40.18,3.627,7210.8,9.5,481.91,4650.7,11954.56,False,203819,24307.47,True,More than 200k
19,2011-12-16,2011,4,12,1852179.1500000001,37.07,3.611,5307.81,292.4,825.0,489.96,4799.18,False,203819,11714.35,True,More than 200k
19,2011-12-23,2011,4,12,2480159.47,36.09,3.587,3124.45,475.86,1902.55,145.88,3248.83,False,203819,8897.57,True,More than 200k
19,2011-12-30,2011,4,12,1405168.06,31.65,3.566,6234.22,50438.17,210.34,1457.96,2373.94,True,203819,60714.63,True,More than 200k
19,2012-01-06,2012,1,1,1266570.4,31.84,3.585,9970.68,26073.98,233.88,1552.93,10335.05,False,203819,48166.520000000004,True,More than 200k
19,2012-01-13,2012,1,1,1182198.7,37.08,3.666,3504.09,11505.42,291.37,1698.88,5451.32,False,203819,22451.08,True,More than 200k
19,2012-01-20,2012,1,1,1237104.73,23.44,3.705,5571.99,5702.57,225.06,1122.08,2863.93,False,203819,15485.63,True,More than 200k
19,2012-01-27,2012,1,1,1279623.26,32.41,3.737,3112.37,4031.78,289.74,20.97,2353.81,False,203819,9808.67,True,More than 200k
19,2012-02-03,2012,1,2,1345311.65,36.22,3.796,51879.66,6433.83,394.18,52739.02,6473.61,False,203819,117920.3,True,More than 200k
19,2012-02-10,2012,1,2,1499496.67,32.61,3.826,12739.73,8415.91,279.21,16150.68,7888.04,True,203819,45473.57,True,More than 200k
19,2012-02-17,2012,1,2,1424720.27,30.95,3.874,14910.8,14860.19,82.94,11200.69,7571.06,False,203819,48625.67999999999,True,More than 200k
19,2012-02-24,2012,1,2,1352470.09,33.91,3.917,13926.46,11835.35,2.8,4929.34,6287.18,False,203819,36981.13,True,More than 200k
19,2012-03-02,2012,1,3,1308977.05,34.83,3.983,28177.29,3485.95,22.78,31324.8,2851.55,False,203819,65862.37,True,More than 200k
19,2012-03-09,2012,1,3,1358816.46,38.15,4.021,6724.01,745.75,2.68,1532.63,3952.89,False,203819,12957.96,True,More than 200k
19,2012-03-16,2012,1,3,1312849.1,48.2,4.021,8353.56,84.57,3.04,3175.2,2613.7,False,203819,14230.07,True,More than 200k
19,2012-03-23,2012,1,3,1342254.55,56.72,4.054,6048.55,170.78,1.02,986.74,2684.83,False,203819,9891.92,True,More than 200k
19,2012-03-30,2012,1,3,1327139.35,43.47,4.098,9356.36,134.4,6.75,2056.18,3420.94,False,203819,14974.630000000001,True,More than 200k
19,2012-04-06,2012,2,4,1631737.68,40.23,4.143,9337.26,,52.59,2949.23,5996.69,False,203819,18335.77,True,More than 200k
19,2012-04-13,2012,2,4,1365098.46,44.42,4.187,5254.86,12590.76,22.55,1818.94,3264.93,False,203819,22952.039999999997,True,More than 200k
19,2012-04-20,2012,2,4,1255087.26,55.2,4.17,6304.48,5712.68,34.16,1321.97,3751.92,False,203819,17125.21,True,More than 200k
19,2012-04-27,2012,2,4,1285897.24,42.45,4.163,3735.3,,52.82,67.72,2959.27,False,203819,6815.110000000001,True,More than 200k
19,2012-05-04,2012,2,5,1405007.44,50.76,4.124,21028.84,532.0,122.17,7269.47,2609.22,False,203819,31561.7,True,More than 200k
19,2012-05-11,2012,2,5,1442873.22,55.33,4.055,10882.1,,30.22,1751.72,3236.51,False,203819,15900.55,True,More than 200k
19,2012-05-18,2012,2,5,1366937.1,58.81,4.029,12613.98,,11.5,1705.28,3600.79,False,203819,17931.55,True,More than 200k
19,2012-05-25,2012,2,5,1485540.28,67.79,3.979,10665.28,,1095.85,1053.96,2647.45,False,203819,15462.54,True,More than 200k
19,2012-06-01,2012,2,6,1450733.29,68.18,3.915,8247.79,36.2,100.6,2171.48,4578.85,False,203819,15134.920000000002,True,More than 200k
19,2012-06-08,2012,2,6,1390122.11,60.19,3.871,10625.25,292.4,51.96,2760.12,6219.56,False,203819,19949.29,True,More than 200k
19,2012-06-15,2012,2,6,1440263.15,68.19,3.786,9987.83,697.0,0.05,2837.84,4710.66,False,203819,18233.379999999997,True,More than 200k
19,2012-06-22,2012,2,6,1468350.36,75.83,3.722,10418.79,1232.8,0.51,2971.07,12187.35,False,203819,26810.52,True,More than 200k
19,2012-06-29,2012,2,6,1379652.65,69.92,3.667,11993.32,535.4,,3736.21,3432.8,False,203819,19697.73,True,More than 200k
19,2012-07-06,2012,3,7,1557120.44,76.07,3.646,10945.79,600.3,101.46,6664.35,7855.14,False,203819,26167.04,True,More than 200k
19,2012-07-13,2012,3,7,1321741.35,73.17,3.689,8183.44,328.2,35.88,2677.28,1877.81,False,203819,13102.609999999999,True,More than 200k
19,2012-07-20,2012,3,7,1317672.92,76.17,3.732,6029.42,424.15,17.82,3070.32,2610.94,False,203819,12152.65,True,More than 200k
19,2012-07-27,2012,3,7,1248915.43,74.43,3.82,6705.0,282.26,5.43,4414.95,4550.07,False,203819,15957.71,True,More than 200k
19,2012-08-03,2012,3,8,1342123.78,73.41,3.819,36466.8,220.13,41.77,16284.94,2242.89,False,203819,55256.53,True,More than 200k
19,2012-08-10,2012,3,8,1408907.89,74.45,3.863,6196.55,232.43,76.35,3086.53,3417.36,False,203819,13009.220000000001,True,More than 200k
19,2012-08-17,2012,3,8,1375101.26,69.83,3.963,4512.6,370.35,11.11,2282.3,3764.75,False,203819,10941.11,True,More than 200k
19,2012-08-24,2012,3,8,1544653.3699999999,66.66,3.997,9087.86,237.03,102.63,5601.12,6738.74,False,203819,21767.379999999997,True,More than 200k
19,2012-08-31,2012,3,8,1542719.87,71.85,4.026,19970.78,236.96,23.99,7058.25,2595.88,False,203819,29885.86,True,More than 200k
19,2012-09-07,2012,3,9,1497073.82,72.2,4.076,9053.47,27.41,22.94,1677.12,4844.18,True,203819,15625.119999999999,True,More than 200k
19,2012-09-14,2012,3,9,1370653.41,65.08,4.088,13667.97,,13.57,1166.93,7136.43,False,203819,21984.9,True,More than 200k
19,2012-09-21,2012,3,9,1338572.29,60.62,4.203,11030.97,147.55,13.5,1516.01,9152.78,False,203819,21860.809999999998,True,More than 200k
19,2012-09-28,2012,3,9,1338299.02,56.81,4.158,2992.04,48.46,,2463.88,3732.36,False,203819,9236.74,True,More than 200k
19,2012-10-05,2012,4,10,1408016.1,59.86,4.151,6971.59,,10.96,3640.93,3827.33,False,203819,14450.81,True,More than 200k
19,2012-10-12,2012,4,10,1352809.5,48.29,4.186,2374.5,,7.25,919.32,6101.0,False,203819,9402.07,True,More than 200k
19,2012-10-19,2012,4,10,1321102.35,53.44,4.153,2948.25,,17.4,811.41,2017.49,False,203819,5794.55,True,More than 200k
19,2012-10-26,2012,4,10,1322117.96,56.49,4.071,5430.75,90.07,,904.34,1665.77,False,203819,8090.93,True,More than 200k
20,2010-02-05,2010,1,2,2401395.47,25.92,2.784,,,,,,False,203742,0.0,False,More than 200k
20,2010-02-12,2010,1,2,2109107.9,22.12,2.773,,,,,,True,203742,0.0,False,More than 200k
20,2010-02-19,2010,1,2,2161549.7600000002,25.43,2.745,,,,,,False,203742,0.0,False,More than 200k
20,2010-02-26,2010,1,2,1898193.95,32.32,2.754,,,,,,False,203742,0.0,False,More than 200k
20,2010-03-05,2010,1,3,2119213.72,31.75,2.777,,,,,,False,203742,0.0,False,More than 200k
20,2010-03-12,2010,1,3,2010974.84,43.82,2.818,,,,,,False,203742,0.0,False,More than 200k
20,2010-03-19,2010,1,3,1951848.43,47.32,2.844,,,,,,False,203742,0.0,False,More than 200k
20,2010-03-26,2010,1,3,1894742.95,50.49,2.854,,,,,,False,203742,0.0,False,More than 200k
20,2010-04-02,2010,2,4,2405395.22,51.0,2.85,,,,,,False,203742,0.0,False,More than 200k
20,2010-04-09,2010,2,4,2007796.26,65.1,2.869,,,,,,False,203742,0.0,False,More than 200k
20,2010-04-16,2010,2,4,1985784.59,55.43,2.899,,,,,,False,203742,0.0,False,More than 200k
20,2010-04-23,2010,2,4,1878862.42,50.65,2.902,,,,,,False,203742,0.0,False,More than 200k
20,2010-04-30,2010,2,4,1919053.21,54.75,2.921,,,,,,False,203742,0.0,False,More than 200k
20,2010-05-07,2010,2,5,2137202.38,66.74,2.966,,,,,,False,203742,0.0,False,More than 200k
20,2010-05-14,2010,2,5,2033211.6199999999,55.91,2.982,,,,,,False,203742,0.0,False,More than 200k
20,2010-05-21,2010,2,5,1893736.9,60.38,2.958,,,,,,False,203742,0.0,False,More than 200k
20,2010-05-28,2010,2,5,2065984.95,70.97,2.899,,,,,,False,203742,0.0,False,More than 200k
20,2010-06-04,2010,2,6,2203619.35,72.52,2.847,,,,,,False,203742,0.0,False,More than 200k
20,2010-06-11,2010,2,6,2100489.79,67.32,2.809,,,,,,False,203742,0.0,False,More than 200k
20,2010-06-18,2010,2,6,2091903.63,72.62,2.78,,,,,,False,203742,0.0,False,More than 200k
20,2010-06-25,2010,2,6,1973135.87,75.17,2.808,,,,,,False,203742,0.0,False,More than 200k
20,2010-07-02,2010,3,7,2143676.77,70.1,2.815,,,,,,False,203742,0.0,False,More than 200k
20,2010-07-09,2010,3,7,2107285.85,78.09,2.793,,,,,,False,203742,0.0,False,More than 200k
20,2010-07-16,2010,3,7,2031852.16,75.14,2.783,,,,,,False,203742,0.0,False,More than 200k
20,2010-07-23,2010,3,7,1900535.9,77.75,2.771,,,,,,False,203742,0.0,False,More than 200k
20,2010-07-30,2010,3,7,1955896.59,76.03,2.781,,,,,,False,203742,0.0,False,More than 200k
20,2010-08-06,2010,3,8,1910177.38,74.57,2.784,,,,,,False,203742,0.0,False,More than 200k
20,2010-08-13,2010,3,8,2071022.45,75.98,2.805,,,,,,False,203742,0.0,False,More than 200k
20,2010-08-20,2010,3,8,1975374.56,75.34,2.779,,,,,,False,203742,0.0,False,More than 200k
20,2010-08-27,2010,3,8,1946369.57,70.51,2.755,,,,,,False,203742,0.0,False,More than 200k
20,2010-09-03,2010,3,9,2121561.41,75.5,2.715,,,,,,False,203742,0.0,False,More than 200k
20,2010-09-10,2010,3,9,2014954.79,65.02,2.699,,,,,,True,203742,0.0,False,More than 200k
20,2010-09-17,2010,3,9,1948359.78,65.28,2.706,,,,,,False,203742,0.0,False,More than 200k
20,2010-09-24,2010,3,9,1789687.65,69.37,2.713,,,,,,False,203742,0.0,False,More than 200k
20,2010-10-01,2010,4,10,1933719.21,61.08,2.707,,,,,,False,203742,0.0,False,More than 200k
20,2010-10-08,2010,4,10,2060389.27,51.5,2.764,,,,,,False,203742,0.0,False,More than 200k
20,2010-10-15,2010,4,10,1950676.39,59.17,2.868,,,,,,False,203742,0.0,False,More than 200k
20,2010-10-22,2010,4,10,1893955.27,50.52,2.917,,,,,,False,203742,0.0,False,More than 200k
20,2010-10-29,2010,4,10,1891816.0,57.56,2.921,,,,,,False,203742,0.0,False,More than 200k
20,2010-11-05,2010,4,11,2184316.64,42.78,2.917,,,,,,False,203742,0.0,False,More than 200k
20,2010-11-12,2010,4,11,2187765.28,42.38,2.931,,,,,,False,203742,0.0,False,More than 200k
20,2010-11-19,2010,4,11,2105058.91,45.88,3.0,,,,,,False,203742,0.0,False,More than 200k
20,2010-11-26,2010,4,11,2811634.04,46.66,3.039,,,,,,True,203742,0.0,False,More than 200k
20,2010-12-03,2010,4,12,2416051.17,35.47,3.046,,,,,,False,203742,0.0,False,More than 200k
20,2010-12-10,2010,4,12,2752122.08,24.27,3.109,,,,,,False,203742,0.0,False,More than 200k
20,2010-12-17,2010,4,12,2819193.17,24.07,3.14,,,,,,False,203742,0.0,False,More than 200k
20,2010-12-24,2010,4,12,3766687.43,25.17,3.141,,,,,,False,203742,0.0,False,More than 200k
20,2010-12-31,2010,4,12,1799737.79,28.85,3.179,,,,,,True,203742,0.0,False,More than 200k
20,2011-01-07,2011,1,1,1843030.95,31.43,3.193,,,,,,False,203742,0.0,False,More than 200k
20,2011-01-14,2011,1,1,1884345.01,20.39,3.205,,,,,,False,203742,0.0,False,More than 200k
20,2011-01-21,2011,1,1,1781805.66,27.43,3.229,,,,,,False,203742,0.0,False,More than 200k
20,2011-01-28,2011,1,1,1761506.68,23.21,3.237,,,,,,False,203742,0.0,False,More than 200k
20,2011-02-04,2011,1,2,2351143.07,28.58,3.231,,,,,,False,203742,0.0,False,More than 200k
20,2011-02-11,2011,1,2,2211388.14,25.38,3.239,,,,,,True,203742,0.0,False,More than 200k
20,2011-02-18,2011,1,2,2258616.24,42.95,3.245,,,,,,False,203742,0.0,False,More than 200k
20,2011-02-25,2011,1,2,1938608.52,33.2,3.274,,,,,,False,203742,0.0,False,More than 200k
20,2011-03-04,2011,1,3,2143424.61,37.33,3.433,,,,,,False,203742,0.0,False,More than 200k
20,2011-03-11,2011,1,3,1990932.77,39.53,3.582,,,,,,False,203742,0.0,False,More than 200k
20,2011-03-18,2011,1,3,1931668.64,44.8,3.631,,,,,,False,203742,0.0,False,More than 200k
20,2011-03-25,2011,1,3,1824711.21,44.83,3.625,,,,,,False,203742,0.0,False,More than 200k
20,2011-04-01,2011,2,4,1927993.09,32.43,3.638,,,,,,False,203742,0.0,False,More than 200k
20,2011-04-08,2011,2,4,2027056.3900000001,47.09,3.72,,,,,,False,203742,0.0,False,More than 200k
20,2011-04-15,2011,2,4,2057406.33,55.0,3.821,,,,,,False,203742,0.0,False,More than 200k
20,2011-04-22,2011,2,4,2313861.81,52.56,3.892,,,,,,False,203742,0.0,False,More than 200k
20,2011-04-29,2011,2,4,1881788.19,62.97,3.962,,,,,,False,203742,0.0,False,More than 200k
20,2011-05-06,2011,2,5,2090838.44,53.41,4.046,,,,,,False,203742,0.0,False,More than 200k
20,2011-05-13,2011,2,5,2036748.53,62.26,4.066,,,,,,False,203742,0.0,False,More than 200k
20,2011-05-20,2011,2,5,1953416.06,59.01,4.062,,,,,,False,203742,0.0,False,More than 200k
20,2011-05-27,2011,2,5,1944433.17,69.12,3.985,,,,,,False,203742,0.0,False,More than 200k
20,2011-06-03,2011,2,6,2182246.69,73.51,3.922,,,,,,False,203742,0.0,False,More than 200k
20,2011-06-10,2011,2,6,2135062.04,73.64,3.881,,,,,,False,203742,0.0,False,More than 200k
20,2011-06-17,2011,2,6,2065191.27,66.41,3.842,,,,,,False,203742,0.0,False,More than 200k
20,2011-06-24,2011,2,6,1950826.32,72.4,3.804,,,,,,False,203742,0.0,False,More than 200k
20,2011-07-01,2011,3,7,2053165.4100000001,69.66,3.748,,,,,,False,203742,0.0,False,More than 200k
20,2011-07-08,2011,3,7,2123787.79,74.69,3.711,,,,,,False,203742,0.0,False,More than 200k
20,2011-07-15,2011,3,7,2039875.75,74.88,3.76,,,,,,False,203742,0.0,False,More than 200k
20,2011-07-22,2011,3,7,1950904.84,78.89,3.811,,,,,,False,203742,0.0,False,More than 200k
20,2011-07-29,2011,3,7,1858440.92,77.47,3.829,,,,,,False,203742,0.0,False,More than 200k
20,2011-08-05,2011,3,8,2189353.63,77.8,3.842,,,,,,False,203742,0.0,False,More than 200k
20,2011-08-12,2011,3,8,2052246.4,73.52,3.812,,,,,,False,203742,0.0,False,More than 200k
20,2011-08-19,2011,3,8,1990017.93,71.25,3.747,,,,,,False,203742,0.0,False,More than 200k
20,2011-08-26,2011,3,8,1933577.2,70.15,3.704,,,,,,False,203742,0.0,False,More than 200k
20,2011-09-02,2011,3,9,2141765.98,70.82,3.703,,,,,,False,203742,0.0,False,More than 200k
20,2011-09-09,2011,3,9,2050542.56,68.74,3.738,,,,,,True,203742,0.0,False,More than 200k
20,2011-09-16,2011,3,9,1979009.46,64.02,3.742,,,,,,False,203742,0.0,False,More than 200k
20,2011-09-23,2011,3,9,1888119.7,62.15,3.711,,,,,,False,203742,0.0,False,More than 200k
20,2011-09-30,2011,3,9,1945808.26,63.44,3.645,,,,,,False,203742,0.0,False,More than 200k
20,2011-10-07,2011,4,10,2135982.79,52.42,3.583,,,,,,False,203742,0.0,False,More than 200k
20,2011-10-14,2011,4,10,2010107.68,62.54,3.541,,,,,,False,203742,0.0,False,More than 200k
20,2011-10-21,2011,4,10,2104241.9,53.69,3.57,,,,,,False,203742,0.0,False,More than 200k
20,2011-10-28,2011,4,10,2065421.52,49.36,3.569,,,,,,False,203742,0.0,False,More than 200k
20,2011-11-04,2011,4,11,2284106.6,43.88,3.551,,,,,,False,203742,0.0,False,More than 200k
20,2011-11-11,2011,4,11,2269975.85,47.27,3.53,34348.14,11652.84,549.25,9606.11,5472.37,False,203742,61628.71,True,More than 200k
20,2011-11-18,2011,4,11,2169933.82,49.3,3.53,4817.96,1673.96,658.55,1043.37,6545.16,False,203742,14739.0,True,More than 200k
20,2011-11-25,2011,4,11,2906233.25,46.38,3.492,335.66,80.0,101378.79,64.46,2251.98,True,203742,104110.89,True,More than 200k
20,2011-12-02,2011,4,12,2298776.83,46.32,3.452,10007.34,60.0,25959.98,6140.65,35675.62,False,203742,77843.59,True,More than 200k
20,2011-12-09,2011,4,12,2546123.78,41.64,3.415,9458.19,81.5,791.04,5254.23,11447.14,False,203742,27032.1,True,More than 200k
20,2011-12-16,2011,4,12,2762816.65,37.16,3.413,5488.56,217.03,1776.71,466.19,4535.27,False,203742,12483.76,True,More than 200k
20,2011-12-23,2011,4,12,3555371.03,40.19,3.389,1483.17,80.15,2145.46,38.97,4180.29,False,203742,7928.04,True,More than 200k
20,2011-12-30,2011,4,12,2043245.0,36.35,3.389,6918.65,97740.99,270.38,1648.03,2852.19,True,203742,109430.24,True,More than 200k
20,2012-01-06,2012,1,1,1964701.94,33.42,3.422,9273.46,45971.43,207.6,1365.38,5460.86,False,203742,62278.729999999996,True,More than 200k
20,2012-01-13,2012,1,1,1911510.64,37.79,3.513,3627.81,18632.14,108.48,847.7,3614.04,False,203742,26830.170000000002,True,More than 200k
20,2012-01-20,2012,1,1,1892775.94,27.65,3.533,2465.98,5030.4,106.54,999.54,3380.92,False,203742,11983.38,True,More than 200k
20,2012-01-27,2012,1,1,1761016.51,37.19,3.567,1023.6,3044.15,106.08,52.87,2447.73,False,203742,6674.43,True,More than 200k
20,2012-02-03,2012,1,2,2203523.2,39.93,3.617,58928.52,8766.77,226.27,53603.99,8301.25,False,203742,129826.79999999999,True,More than 200k
20,2012-02-10,2012,1,2,2462978.2800000003,33.47,3.64,9804.0,13171.55,132.42,16864.33,7535.63,True,203742,47507.93,True,More than 200k
20,2012-02-17,2012,1,2,2309025.16,31.11,3.695,27400.95,19179.87,10.5,11087.4,10204.37,False,203742,67883.09,True,More than 200k
20,2012-02-24,2012,1,2,2045837.55,39.79,3.739,11230.85,10561.94,12.2,1457.31,21024.39,False,203742,44286.69,True,More than 200k
20,2012-03-02,2012,1,3,2148822.7600000002,39.98,3.816,34117.01,3200.31,6.0,22275.03,4989.3,False,203742,64587.65,True,More than 200k
20,2012-03-09,2012,1,3,2139265.4,41.14,3.848,10686.42,750.14,3.67,3867.16,3518.62,False,203742,18826.01,True,More than 200k
20,2012-03-16,2012,1,3,2064991.71,53.73,3.862,6745.04,310.32,6.94,3282.4,2895.89,False,203742,13240.589999999998,True,More than 200k
20,2012-03-23,2012,1,3,1992436.96,66.11,3.9,3580.87,612.11,7.01,332.11,4032.81,False,203742,8564.91,True,More than 200k
20,2012-03-30,2012,1,3,2074721.74,51.52,3.953,9569.49,116.47,7.75,1285.42,3908.61,False,203742,14887.74,True,More than 200k
20,2012-04-06,2012,2,4,2565259.92,50.06,3.996,8408.31,12.57,50.79,4289.46,7382.25,False,203742,20143.38,True,More than 200k
20,2012-04-13,2012,2,4,2045396.06,45.68,4.044,9671.84,7934.59,68.02,2515.97,2667.15,False,203742,22857.570000000003,True,More than 200k
20,2012-04-20,2012,2,4,1884427.84,60.11,4.027,7522.16,5650.88,67.26,1066.17,4006.0,False,203742,18312.47,True,More than 200k
20,2012-04-27,2012,2,4,1886503.93,47.64,4.004,2332.34,2.82,41.39,28.04,3318.17,False,203742,5722.76,True,More than 200k
20,2012-05-04,2012,2,5,2163510.89,62.74,3.951,24594.6,496.0,38.52,9381.13,4648.85,False,203742,39159.1,True,More than 200k
20,2012-05-11,2012,2,5,2168097.11,63.19,3.889,17598.62,,19.51,2889.48,3242.44,False,203742,23750.049999999996,True,More than 200k
20,2012-05-18,2012,2,5,2039222.26,60.99,3.848,8077.14,512.0,5.13,2746.24,3677.78,False,203742,15018.289999999999,True,More than 200k
20,2012-05-25,2012,2,5,2114989.0,70.04,3.798,11548.3,,1042.6,1554.19,3450.52,False,203742,17595.61,True,More than 200k
20,2012-06-01,2012,2,6,2143126.59,73.67,3.742,12240.61,17.4,82.98,3560.21,3373.36,False,203742,19274.56,True,More than 200k
20,2012-06-08,2012,2,6,2231962.13,62.01,3.689,8353.32,516.6,46.76,2073.77,7774.31,False,203742,18764.760000000002,True,More than 200k
20,2012-06-15,2012,2,6,2165160.29,71.51,3.62,9584.57,657.4,3.99,3667.7,5230.22,False,203742,19143.88,True,More than 200k
20,2012-06-22,2012,2,6,2060588.69,76.51,3.564,12173.74,875.7,2.36,4195.01,7516.62,False,203742,24763.43,True,More than 200k
20,2012-06-29,2012,2,6,2055952.6099999999,74.15,3.506,6569.4,605.7,,561.31,4567.03,False,203742,12303.439999999999,True,More than 200k
20,2012-07-06,2012,3,7,2358055.3,79.2,3.475,13826.89,342.6,182.74,7751.95,3675.32,False,203742,25779.5,True,More than 200k
20,2012-07-13,2012,3,7,2134680.12,78.27,3.523,8679.19,99.7,22.34,4960.49,7877.54,False,203742,21639.260000000002,True,More than 200k
20,2012-07-20,2012,3,7,1970170.29,76.04,3.567,3156.68,142.66,34.1,2751.92,6194.07,False,203742,12279.43,True,More than 200k
20,2012-07-27,2012,3,7,1911559.1,74.6,3.647,11481.26,130.17,7.09,11794.45,3238.04,False,203742,26651.010000000002,True,More than 200k
20,2012-08-03,2012,3,8,2094515.71,74.73,3.654,31549.63,83.64,40.76,25656.34,3188.65,False,203742,60519.02,True,More than 200k
20,2012-08-10,2012,3,8,2144245.39,75.4,3.722,16845.14,156.18,12.47,6921.28,6346.44,False,203742,30281.51,True,More than 200k
20,2012-08-17,2012,3,8,2045061.22,69.57,3.807,3008.99,99.68,1.12,2535.66,2831.84,False,203742,8477.289999999999,True,More than 200k
20,2012-08-24,2012,3,8,2005341.4300000002,68.27,3.834,6125.02,53.4,84.62,9638.85,8710.31,False,203742,24612.199999999997,True,More than 200k
20,2012-08-31,2012,3,8,2062481.56,72.66,3.867,19058.96,32.04,125.49,9015.83,4449.08,False,203742,32681.4,True,More than 200k
20,2012-09-07,2012,3,9,2080529.06,76.36,3.911,11783.56,,83.85,1938.4,3708.67,True,203742,17514.48,True,More than 200k
20,2012-09-14,2012,3,9,2047949.98,64.84,3.948,10404.97,,40.11,1481.31,8655.59,False,203742,20581.98,True,More than 200k
20,2012-09-21,2012,3,9,2028587.24,60.94,4.038,8475.15,168.56,49.78,1727.92,9072.77,False,203742,19494.18,True,More than 200k
20,2012-09-28,2012,3,9,2008350.58,58.65,3.997,6245.6,52.64,21.5,3301.81,7195.56,False,203742,16817.11,True,More than 200k
20,2012-10-05,2012,4,10,2246411.89,60.77,3.985,5800.66,,33.68,4286.15,3224.25,False,203742,13344.74,True,More than 200k
20,2012-10-12,2012,4,10,2162951.36,47.2,4.0,2449.31,,35.08,1019.9,9743.56,False,203742,13247.849999999999,True,More than 200k
20,2012-10-19,2012,4,10,1999363.49,56.26,3.969,4174.31,,15.84,838.05,3838.56,False,203742,8866.76,True,More than 200k
20,2012-10-26,2012,4,10,2031650.55,60.04,3.882,10813.19,22.33,102.91,867.39,1671.76,False,203742,13477.58,True,More than 200k
21,2010-02-05,2010,1,2,798593.88,39.05,2.572,,,,,,False,140167,0.0,False,Between 100k and 150k
21,2010-02-12,2010,1,2,809321.44,37.77,2.548,,,,,,True,140167,0.0,False,Between 100k and 150k
21,2010-02-19,2010,1,2,867283.25,39.75,2.514,,,,,,False,140167,0.0,False,Between 100k and 150k
21,2010-02-26,2010,1,2,749597.24,45.31,2.561,,,,,,False,140167,0.0,False,Between 100k and 150k
21,2010-03-05,2010,1,3,747444.32,48.61,2.625,,,,,,False,140167,0.0,False,Between 100k and 150k
21,2010-03-12,2010,1,3,712312.89,57.1,2.667,,,,,,False,140167,0.0,False,Between 100k and 150k
21,2010-03-19,2010,1,3,727070.0,54.68,2.72,,,,,,False,140167,0.0,False,Between 100k and 150k
21,2010-03-26,2010,1,3,686497.53,51.66,2.732,,,,,,False,140167,0.0,False,Between 100k and 150k
21,2010-04-02,2010,2,4,753664.12,64.12,2.719,,,,,,False,140167,0.0,False,Between 100k and 150k
21,2010-04-09,2010,2,4,751181.4,65.74,2.77,,,,,,False,140167,0.0,False,Between 100k and 150k
21,2010-04-16,2010,2,4,716026.51,67.87,2.808,,,,,,False,140167,0.0,False,Between 100k and 150k
21,2010-04-23,2010,2,4,718780.59,64.21,2.795,,,,,,False,140167,0.0,False,Between 100k and 150k
21,2010-04-30,2010,2,4,680532.69,66.93,2.78,,,,,,False,140167,0.0,False,Between 100k and 150k
21,2010-05-07,2010,2,5,744969.42,70.87,2.835,,,,,,False,140167,0.0,False,Between 100k and 150k
21,2010-05-14,2010,2,5,723559.88,73.08,2.854,,,,,,False,140167,0.0,False,Between 100k and 150k
21,2010-05-21,2010,2,5,753361.72,74.24,2.826,,,,,,False,140167,0.0,False,Between 100k and 150k
21,2010-05-28,2010,2,5,755214.26,80.94,2.759,,,,,,False,140167,0.0,False,Between 100k and 150k
21,2010-06-04,2010,2,6,806012.48,82.68,2.705,,,,,,False,140167,0.0,False,Between 100k and 150k
21,2010-06-11,2010,2,6,784305.55,83.51,2.668,,,,,,False,140167,0.0,False,Between 100k and 150k
21,2010-06-18,2010,2,6,785104.29,86.18,2.637,,,,,,False,140167,0.0,False,Between 100k and 150k
21,2010-06-25,2010,2,6,769848.75,87.01,2.653,,,,,,False,140167,0.0,False,Between 100k and 150k
21,2010-07-02,2010,3,7,711470.8,82.29,2.669,,,,,,False,140167,0.0,False,Between 100k and 150k
21,2010-07-09,2010,3,7,714677.47,81.67,2.642,,,,,,False,140167,0.0,False,Between 100k and 150k
21,2010-07-16,2010,3,7,755098.41,85.61,2.623,,,,,,False,140167,0.0,False,Between 100k and 150k
21,2010-07-23,2010,3,7,765823.48,87.17,2.608,,,,,,False,140167,0.0,False,Between 100k and 150k
21,2010-07-30,2010,3,7,715876.27,83.59,2.64,,,,,,False,140167,0.0,False,Between 100k and 150k
21,2010-08-06,2010,3,8,739279.1900000001,90.3,2.627,,,,,,False,140167,0.0,False,Between 100k and 150k
21,2010-08-13,2010,3,8,793589.18,89.65,2.692,,,,,,False,140167,0.0,False,Between 100k and 150k
21,2010-08-20,2010,3,8,848873.28,89.58,2.664,,,,,,False,140167,0.0,False,Between 100k and 150k
21,2010-08-27,2010,3,8,855882.57,86.2,2.619,,,,,,False,140167,0.0,False,Between 100k and 150k
21,2010-09-03,2010,3,9,727772.8,82.57,2.577,,,,,,False,140167,0.0,False,Between 100k and 150k
21,2010-09-10,2010,3,9,674055.81,79.3,2.565,,,,,,True,140167,0.0,False,Between 100k and 150k
21,2010-09-17,2010,3,9,684340.86,83.03,2.582,,,,,,False,140167,0.0,False,Between 100k and 150k
21,2010-09-24,2010,3,9,671688.06,80.79,2.624,,,,,,False,140167,0.0,False,Between 100k and 150k
21,2010-10-01,2010,4,10,677158.39,70.28,2.603,,,,,,False,140167,0.0,False,Between 100k and 150k
21,2010-10-08,2010,4,10,680579.49,65.76,2.633,,,,,,False,140167,0.0,False,Between 100k and 150k
21,2010-10-15,2010,4,10,693412.05,68.61,2.72,,,,,,False,140167,0.0,False,Between 100k and 150k
21,2010-10-22,2010,4,10,710668.45,70.72,2.725,,,,,,False,140167,0.0,False,Between 100k and 150k
21,2010-10-29,2010,4,10,731756.65,67.51,2.716,,,,,,False,140167,0.0,False,Between 100k and 150k
21,2010-11-05,2010,4,11,719888.76,58.71,2.689,,,,,,False,140167,0.0,False,Between 100k and 150k
21,2010-11-12,2010,4,11,735796.38,60.95,2.728,,,,,,False,140167,0.0,False,Between 100k and 150k
21,2010-11-19,2010,4,11,756288.89,51.71,2.771,,,,,,False,140167,0.0,False,Between 100k and 150k
21,2010-11-26,2010,4,11,1245628.61,62.96,2.735,,,,,,True,140167,0.0,False,Between 100k and 150k
21,2010-12-03,2010,4,12,829210.73,50.43,2.708,,,,,,False,140167,0.0,False,Between 100k and 150k
21,2010-12-10,2010,4,12,943891.64,46.35,2.843,,,,,,False,140167,0.0,False,Between 100k and 150k
21,2010-12-17,2010,4,12,1147556.83,48.63,2.869,,,,,,False,140167,0.0,False,Between 100k and 150k
21,2010-12-24,2010,4,12,1587257.78,51.29,2.886,,,,,,False,140167,0.0,False,Between 100k and 150k
21,2010-12-31,2010,4,12,672903.23,47.19,2.943,,,,,,True,140167,0.0,False,Between 100k and 150k
21,2011-01-07,2011,1,1,629152.0599999999,44.24,2.976,,,,,,False,140167,0.0,False,Between 100k and 150k
21,2011-01-14,2011,1,1,650789.13,34.14,2.983,,,,,,False,140167,0.0,False,Between 100k and 150k
21,2011-01-21,2011,1,1,663941.73,42.72,3.016,,,,,,False,140167,0.0,False,Between 100k and 150k
21,2011-01-28,2011,1,1,649878.29,44.04,3.01,,,,,,False,140167,0.0,False,Between 100k and 150k
21,2011-02-04,2011,1,2,596218.24,36.33,2.989,,,,,,False,140167,0.0,False,Between 100k and 150k
21,2011-02-11,2011,1,2,771908.51,34.61,3.022,,,,,,True,140167,0.0,False,Between 100k and 150k
21,2011-02-18,2011,1,2,884701.92,59.87,3.045,,,,,,False,140167,0.0,False,Between 100k and 150k
21,2011-02-25,2011,1,2,768313.85,61.27,3.065,,,,,,False,140167,0.0,False,Between 100k and 150k
21,2011-03-04,2011,1,3,796277.72,59.52,3.288,,,,,,False,140167,0.0,False,Between 100k and 150k
21,2011-03-11,2011,1,3,763479.9,54.69,3.459,,,,,,False,140167,0.0,False,Between 100k and 150k
21,2011-03-18,2011,1,3,793569.0,63.26,3.488,,,,,,False,140167,0.0,False,Between 100k and 150k
21,2011-03-25,2011,1,3,753711.32,70.33,3.473,,,,,,False,140167,0.0,False,Between 100k and 150k
21,2011-04-01,2011,2,4,732056.37,56.36,3.524,,,,,,False,140167,0.0,False,Between 100k and 150k
21,2011-04-08,2011,2,4,744782.89,68.62,3.622,,,,,,False,140167,0.0,False,Between 100k and 150k
21,2011-04-15,2011,2,4,768390.05,71.01,3.743,,,,,,False,140167,0.0,False,Between 100k and 150k
21,2011-04-22,2011,2,4,801302.01,70.79,3.807,,,,,,False,140167,0.0,False,Between 100k and 150k
21,2011-04-29,2011,2,4,783250.75,70.19,3.81,,,,,,False,140167,0.0,False,Between 100k and 150k
21,2011-05-06,2011,2,5,718898.33,61.87,3.906,,,,,,False,140167,0.0,False,Between 100k and 150k
21,2011-05-13,2011,2,5,754236.7000000001,75.04,3.899,,,,,,False,140167,0.0,False,Between 100k and 150k
21,2011-05-20,2011,2,5,744836.56,68.36,3.907,,,,,,False,140167,0.0,False,Between 100k and 150k
21,2011-05-27,2011,2,5,744389.8099999999,76.86,3.786,,,,,,False,140167,0.0,False,Between 100k and 150k
21,2011-06-03,2011,2,6,773878.58,83.82,3.699,,,,,,False,140167,0.0,False,Between 100k and 150k
21,2011-06-10,2011,2,6,794397.89,84.71,3.648,,,,,,False,140167,0.0,False,Between 100k and 150k
21,2011-06-17,2011,2,6,823220.43,87.54,3.637,,,,,,False,140167,0.0,False,Between 100k and 150k
21,2011-06-24,2011,2,6,771298.98,85.72,3.594,,,,,,False,140167,0.0,False,Between 100k and 150k
21,2011-07-01,2011,3,7,784639.12,87.57,3.524,,,,,,False,140167,0.0,False,Between 100k and 150k
21,2011-07-08,2011,3,7,734099.4,89.16,3.48,,,,,,False,140167,0.0,False,Between 100k and 150k
21,2011-07-15,2011,3,7,728311.15,91.05,3.575,,,,,,False,140167,0.0,False,Between 100k and 150k
21,2011-07-22,2011,3,7,784490.67,90.27,3.651,,,,,,False,140167,0.0,False,Between 100k and 150k
21,2011-07-29,2011,3,7,751167.12,91.56,3.682,,,,,,False,140167,0.0,False,Between 100k and 150k
21,2011-08-05,2011,3,8,783614.89,94.22,3.684,,,,,,False,140167,0.0,False,Between 100k and 150k
21,2011-08-12,2011,3,8,776933.37,92.32,3.638,,,,,,False,140167,0.0,False,Between 100k and 150k
21,2011-08-19,2011,3,8,855546.5,90.11,3.554,,,,,,False,140167,0.0,False,Between 100k and 150k
21,2011-08-26,2011,3,8,821127.53,92.07,3.523,,,,,,False,140167,0.0,False,Between 100k and 150k
21,2011-09-02,2011,3,9,705557.8,91.94,3.533,,,,,,False,140167,0.0,False,Between 100k and 150k
21,2011-09-09,2011,3,9,653989.65,78.87,3.546,,,,,,True,140167,0.0,False,Between 100k and 150k
21,2011-09-16,2011,3,9,653525.84,80.62,3.526,,,,,,False,140167,0.0,False,Between 100k and 150k
21,2011-09-23,2011,3,9,681913.29,75.68,3.467,,,,,,False,140167,0.0,False,Between 100k and 150k
21,2011-09-30,2011,3,9,651970.48,78.91,3.355,,,,,,False,140167,0.0,False,Between 100k and 150k
21,2011-10-07,2011,4,10,663452.46,71.64,3.285,,,,,,False,140167,0.0,False,Between 100k and 150k
21,2011-10-14,2011,4,10,671379.44,69.79,3.274,,,,,,False,140167,0.0,False,Between 100k and 150k
21,2011-10-21,2011,4,10,729036.0599999999,65.16,3.353,,,,,,False,140167,0.0,False,Between 100k and 150k
21,2011-10-28,2011,4,10,738812.0,65.46,3.372,,,,,,False,140167,0.0,False,Between 100k and 150k
21,2011-11-04,2011,4,11,767358.37,56.01,3.332,,,,,,False,140167,0.0,False,Between 100k and 150k
21,2011-11-11,2011,4,11,757369.87,59.8,3.297,5522.33,7898.33,11.1,2489.99,7562.52,False,140167,23484.27,True,Between 100k and 150k
21,2011-11-18,2011,4,11,737014.09,61.9,3.308,8864.34,545.17,58.71,747.43,4961.44,False,140167,15177.09,True,Between 100k and 150k
21,2011-11-25,2011,4,11,1219263.4,56.43,3.236,233.85,206.36,40561.8,319.19,170.64,True,140167,41491.840000000004,True,Between 100k and 150k
21,2011-12-02,2011,4,12,793184.25,48.72,3.172,3389.1,43.0,1258.32,325.35,8623.67,False,140167,13639.44,True,Between 100k and 150k
21,2011-12-09,2011,4,12,897747.13,41.44,3.158,6862.3,19.0,330.9,4746.58,17822.36,False,140167,29781.14,True,Between 100k and 150k
21,2011-12-16,2011,4,12,1027584.51,50.56,3.159,1846.83,65.06,163.18,393.58,2731.41,False,140167,5200.0599999999995,True,Between 100k and 150k
21,2011-12-23,2011,4,12,1384552.17,46.54,3.112,759.8,6.92,577.46,29.81,2830.92,False,140167,4204.91,True,Between 100k and 150k
21,2011-12-30,2011,4,12,804362.36,45.16,3.129,2880.59,32642.96,124.32,419.61,3010.84,True,140167,39078.32000000001,True,Between 100k and 150k
21,2012-01-06,2012,1,1,640181.86,48.1,3.157,2211.62,28369.34,7.74,753.62,3371.85,False,140167,34714.17,True,Between 100k and 150k
21,2012-01-13,2012,1,1,631181.25,45.0,3.261,4873.12,13367.98,0.46,396.66,1861.16,False,140167,20499.379999999997,True,Between 100k and 150k
21,2012-01-20,2012,1,1,651178.2,52.21,3.268,4436.0,1092.91,3.46,387.92,3943.31,False,140167,9863.6,True,Between 100k and 150k
21,2012-01-27,2012,1,1,611258.71,50.79,3.29,714.08,602.88,,18.42,2562.85,False,140167,3898.23,True,Between 100k and 150k
21,2012-02-03,2012,1,2,680725.43,55.83,3.36,24617.88,1598.17,41.45,25134.87,3110.22,False,140167,54502.590000000004,True,Between 100k and 150k
21,2012-02-10,2012,1,2,770652.7899999999,46.52,3.409,26115.19,3985.95,13.1,16646.38,7628.83,True,140167,54389.45,True,Between 100k and 150k
21,2012-02-17,2012,1,2,834663.52,45.03,3.51,12365.91,7922.13,1.38,7862.71,5348.94,False,140167,33501.07,True,Between 100k and 150k
21,2012-02-24,2012,1,2,747099.0700000001,54.81,3.555,7012.83,5600.94,0.5,2229.25,4606.24,False,140167,19449.760000000002,True,Between 100k and 150k
21,2012-03-02,2012,1,3,764385.4,59.3,3.63,14017.62,1076.98,7.07,8891.83,3182.63,False,140167,27176.13,True,Between 100k and 150k
21,2012-03-09,2012,1,3,755084.4,57.16,3.669,7379.46,190.49,4.79,479.87,7489.48,False,140167,15544.09,True,Between 100k and 150k
21,2012-03-16,2012,1,3,767338.32,63.39,3.734,6510.79,158.12,5.86,2972.55,6576.96,False,140167,16224.279999999999,True,Between 100k and 150k
21,2012-03-23,2012,1,3,729759.97,62.96,3.787,4713.76,155.09,2.38,534.23,4878.22,False,140167,10283.68,True,Between 100k and 150k
21,2012-03-30,2012,1,3,724798.76,67.87,3.845,12592.65,180.02,,1101.6,11593.14,False,140167,25467.41,True,Between 100k and 150k
21,2012-04-06,2012,2,4,761956.5800000001,69.02,3.891,14207.85,,6.99,3662.26,1615.27,False,140167,19492.37,True,Between 100k and 150k
21,2012-04-13,2012,2,4,769319.04,69.03,3.891,6932.19,4118.13,2.79,983.98,1285.54,False,140167,13322.630000000001,True,Between 100k and 150k
21,2012-04-20,2012,2,4,734858.91,66.97,3.877,3738.69,3287.37,0.77,894.38,2882.6,False,140167,10803.81,True,Between 100k and 150k
21,2012-04-27,2012,2,4,674829.58,69.21,3.814,2262.49,4.23,2.77,14.0,2289.63,False,140167,4573.12,True,Between 100k and 150k
21,2012-05-04,2012,2,5,697645.32,77.53,3.749,14858.74,,8.12,4179.63,3281.61,False,140167,22328.100000000002,True,Between 100k and 150k
21,2012-05-11,2012,2,5,649945.54,74.14,3.688,9252.47,,5.16,2908.8,2619.09,False,140167,14785.52,True,Between 100k and 150k
21,2012-05-18,2012,2,5,700554.16,72.42,3.63,4088.63,,28.62,1397.46,2772.05,False,140167,8286.76,True,Between 100k and 150k
21,2012-05-25,2012,2,5,722891.24,79.49,3.561,7790.27,,508.5,1575.99,4490.59,False,140167,14365.35,True,Between 100k and 150k
21,2012-06-01,2012,2,6,695439.83,79.24,3.501,11678.88,,60.71,3660.14,3630.08,False,140167,19029.809999999998,True,Between 100k and 150k
21,2012-06-08,2012,2,6,707895.72,79.47,3.452,7055.91,10.8,93.05,751.89,4570.78,False,140167,12482.43,True,Between 100k and 150k
21,2012-06-15,2012,2,6,727049.04,81.51,3.393,6177.81,61.6,0.75,2970.97,3281.16,False,140167,12492.29,True,Between 100k and 150k
21,2012-06-22,2012,2,6,735870.0,81.78,3.346,7545.68,79.95,0.51,3498.46,7223.83,False,140167,18348.43,True,Between 100k and 150k
21,2012-06-29,2012,2,6,716341.39,88.05,3.286,5130.81,38.3,,1849.32,3879.62,False,140167,10898.05,True,Between 100k and 150k
21,2012-07-06,2012,3,7,693013.59,85.26,3.227,6607.09,63.2,37.39,3667.62,3438.32,False,140167,13813.619999999999,True,Between 100k and 150k
21,2012-07-13,2012,3,7,668132.36,82.51,3.256,5088.14,17.8,2.16,2908.11,1533.27,False,140167,9549.480000000001,True,Between 100k and 150k
21,2012-07-20,2012,3,7,691200.33,84.25,3.311,4773.73,57.8,10.12,3554.45,4341.89,False,140167,12737.989999999998,True,Between 100k and 150k
21,2012-07-27,2012,3,7,677789.14,88.09,3.407,7903.89,12.92,3.43,10055.75,4183.82,False,140167,22159.81,True,Between 100k and 150k
21,2012-08-03,2012,3,8,693785.85,91.57,3.417,41897.36,26.8,5.27,18198.04,5735.86,False,140167,65863.33,True,Between 100k and 150k
21,2012-08-10,2012,3,8,700272.01,89.57,3.494,8467.09,27.6,7.17,4045.91,4196.28,False,140167,16744.05,True,Between 100k and 150k
21,2012-08-17,2012,3,8,751963.8099999999,85.55,3.571,3036.2,15.6,50.0,3128.07,1844.7,False,140167,8074.57,True,Between 100k and 150k
21,2012-08-24,2012,3,8,802003.61,77.72,3.62,6291.49,3.0,,5817.38,6514.73,False,140167,18626.6,True,Between 100k and 150k
21,2012-08-31,2012,3,8,763867.59,83.58,3.638,20597.87,43.8,29.1,9935.11,3004.08,False,140167,33609.96,True,Between 100k and 150k
21,2012-09-07,2012,3,9,642827.29,88.4,3.73,10259.59,20.0,8.12,2815.73,2279.98,True,140167,15383.42,True,Between 100k and 150k
21,2012-09-14,2012,3,9,628494.63,76.1,3.717,6761.03,,9.73,1332.23,3359.45,False,140167,11462.439999999999,True,Between 100k and 150k
21,2012-09-21,2012,3,9,667151.46,71.54,3.721,9104.0,33.73,12.28,1675.24,8387.92,False,140167,19213.17,True,Between 100k and 150k
21,2012-09-28,2012,3,9,647097.65,80.38,3.666,5955.46,4.91,,1458.77,7206.16,False,140167,14625.3,True,Between 100k and 150k
21,2012-10-05,2012,4,10,651768.91,70.28,3.617,7818.46,,21.03,4198.54,4532.58,False,140167,16570.61,True,Between 100k and 150k
21,2012-10-12,2012,4,10,653043.44,61.53,3.601,4007.81,,15.79,610.52,3714.75,False,140167,8348.869999999999,True,Between 100k and 150k
21,2012-10-19,2012,4,10,641368.14,68.52,3.594,1144.77,,5.62,724.63,7812.29,False,140167,9687.31,True,Between 100k and 150k
21,2012-10-26,2012,4,10,675202.87,70.5,3.506,7477.8,24.95,206.5,754.69,2667.13,False,140167,11131.07,True,Between 100k and 150k
22,2010-02-05,2010,1,2,1033017.37,24.36,2.788,,,,,,False,119557,0.0,False,Between 100k and 150k
22,2010-02-12,2010,1,2,1022571.25,28.14,2.771,,,,,,True,119557,0.0,False,Between 100k and 150k
22,2010-02-19,2010,1,2,988467.61,31.96,2.747,,,,,,False,119557,0.0,False,Between 100k and 150k
22,2010-02-26,2010,1,2,899761.48,35.98,2.753,,,,,,False,119557,0.0,False,Between 100k and 150k
22,2010-03-05,2010,1,3,1009201.24,36.82,2.766,,,,,,False,119557,0.0,False,Between 100k and 150k
22,2010-03-12,2010,1,3,967187.37,43.43,2.805,,,,,,False,119557,0.0,False,Between 100k and 150k
22,2010-03-19,2010,1,3,966145.09,46.03,2.834,,,,,,False,119557,0.0,False,Between 100k and 150k
22,2010-03-26,2010,1,3,1012075.12,48.56,2.831,,,,,,False,119557,0.0,False,Between 100k and 150k
22,2010-04-02,2010,2,4,1177340.99,44.96,2.826,,,,,,False,119557,0.0,False,Between 100k and 150k
22,2010-04-09,2010,2,4,1033171.07,57.06,2.849,,,,,,False,119557,0.0,False,Between 100k and 150k
22,2010-04-16,2010,2,4,1000968.67,51.14,2.885,,,,,,False,119557,0.0,False,Between 100k and 150k
22,2010-04-23,2010,2,4,969594.47,51.04,2.895,,,,,,False,119557,0.0,False,Between 100k and 150k
22,2010-04-30,2010,2,4,977683.06,50.96,2.935,,,,,,False,119557,0.0,False,Between 100k and 150k
22,2010-05-07,2010,2,5,1052973.28,63.81,2.981,,,,,,False,119557,0.0,False,Between 100k and 150k
22,2010-05-14,2010,2,5,973585.33,50.99,2.983,,,,,,False,119557,0.0,False,Between 100k and 150k
22,2010-05-21,2010,2,5,979977.89,59.99,2.961,,,,,,False,119557,0.0,False,Between 100k and 150k
22,2010-05-28,2010,2,5,1103740.4,65.64,2.906,,,,,,False,119557,0.0,False,Between 100k and 150k
22,2010-06-04,2010,2,6,1095539.1300000001,69.49,2.857,,,,,,False,119557,0.0,False,Between 100k and 150k
22,2010-06-11,2010,2,6,1061196.47,65.01,2.83,,,,,,False,119557,0.0,False,Between 100k and 150k
22,2010-06-18,2010,2,6,1052895.25,67.13,2.805,,,,,,False,119557,0.0,False,Between 100k and 150k
22,2010-06-25,2010,2,6,1095020.33,74.37,2.81,,,,,,False,119557,0.0,False,Between 100k and 150k
22,2010-07-02,2010,3,7,1120259.71,72.88,2.815,,,,,,False,119557,0.0,False,Between 100k and 150k
22,2010-07-09,2010,3,7,1092654.26,79.22,2.806,,,,,,False,119557,0.0,False,Between 100k and 150k
22,2010-07-16,2010,3,7,988392.99,76.3,2.796,,,,,,False,119557,0.0,False,Between 100k and 150k
22,2010-07-23,2010,3,7,974123.2,76.91,2.784,,,,,,False,119557,0.0,False,Between 100k and 150k
22,2010-07-30,2010,3,7,970773.64,76.35,2.792,,,,,,False,119557,0.0,False,Between 100k and 150k
22,2010-08-06,2010,3,8,1010326.14,74.37,2.792,,,,,,False,119557,0.0,False,Between 100k and 150k
22,2010-08-13,2010,3,8,993097.4299999999,74.75,2.81,,,,,,False,119557,0.0,False,Between 100k and 150k
22,2010-08-20,2010,3,8,1017045.4400000001,73.21,2.796,,,,,,False,119557,0.0,False,Between 100k and 150k
22,2010-08-27,2010,3,8,1081420.96,68.99,2.77,,,,,,False,119557,0.0,False,Between 100k and 150k
22,2010-09-03,2010,3,9,1074535.88,75.85,2.735,,,,,,False,119557,0.0,False,Between 100k and 150k
22,2010-09-10,2010,3,9,924174.4,68.6,2.717,,,,,,True,119557,0.0,False,Between 100k and 150k
22,2010-09-17,2010,3,9,918285.97,62.49,2.716,,,,,,False,119557,0.0,False,Between 100k and 150k
22,2010-09-24,2010,3,9,902779.25,65.14,2.718,,,,,,False,119557,0.0,False,Between 100k and 150k
22,2010-10-01,2010,4,10,905987.17,69.31,2.717,,,,,,False,119557,0.0,False,Between 100k and 150k
22,2010-10-08,2010,4,10,1015051.62,56.32,2.776,,,,,,False,119557,0.0,False,Between 100k and 150k
22,2010-10-15,2010,4,10,954401.46,55.23,2.878,,,,,,False,119557,0.0,False,Between 100k and 150k
22,2010-10-22,2010,4,10,960998.52,50.24,2.919,,,,,,False,119557,0.0,False,Between 100k and 150k
22,2010-10-29,2010,4,10,1025766.27,57.73,2.938,,,,,,False,119557,0.0,False,Between 100k and 150k
22,2010-11-05,2010,4,11,1006888.16,44.34,2.938,,,,,,False,119557,0.0,False,Between 100k and 150k
22,2010-11-12,2010,4,11,1043698.64,44.42,2.961,,,,,,False,119557,0.0,False,Between 100k and 150k
22,2010-11-19,2010,4,11,985896.4400000001,48.62,3.03,,,,,,False,119557,0.0,False,Between 100k and 150k
22,2010-11-26,2010,4,11,1564502.26,44.61,3.07,,,,,,True,119557,0.0,False,Between 100k and 150k
22,2010-12-03,2010,4,12,1230514.58,39.42,3.065,,,,,,False,119557,0.0,False,Between 100k and 150k
22,2010-12-10,2010,4,12,1367202.84,28.43,3.132,,,,,,False,119557,0.0,False,Between 100k and 150k
22,2010-12-17,2010,4,12,1527682.99,30.46,3.139,,,,,,False,119557,0.0,False,Between 100k and 150k
22,2010-12-24,2010,4,12,1962445.04,29.76,3.15,,,,,,False,119557,0.0,False,Between 100k and 150k
22,2010-12-31,2010,4,12,774262.28,28.49,3.177,,,,,,True,119557,0.0,False,Between 100k and 150k
22,2011-01-07,2011,1,1,873954.7,32.56,3.193,,,,,,False,119557,0.0,False,Between 100k and 150k
22,2011-01-14,2011,1,1,807535.52,24.76,3.215,,,,,,False,119557,0.0,False,Between 100k and 150k
22,2011-01-21,2011,1,1,855001.02,26.8,3.232,,,,,,False,119557,0.0,False,Between 100k and 150k
22,2011-01-28,2011,1,1,799369.15,20.61,3.243,,,,,,False,119557,0.0,False,Between 100k and 150k
22,2011-02-04,2011,1,2,946060.98,26.39,3.24,,,,,,False,119557,0.0,False,Between 100k and 150k
22,2011-02-11,2011,1,2,1009206.33,28.89,3.255,,,,,,True,119557,0.0,False,Between 100k and 150k
22,2011-02-18,2011,1,2,975964.86,35.34,3.263,,,,,,False,119557,0.0,False,Between 100k and 150k
22,2011-02-25,2011,1,2,911245.43,30.23,3.281,,,,,,False,119557,0.0,False,Between 100k and 150k
22,2011-03-04,2011,1,3,997353.15,33.52,3.437,,,,,,False,119557,0.0,False,Between 100k and 150k
22,2011-03-11,2011,1,3,944587.23,41.42,3.6,,,,,,False,119557,0.0,False,Between 100k and 150k
22,2011-03-18,2011,1,3,926427.12,43.38,3.634,,,,,,False,119557,0.0,False,Between 100k and 150k
22,2011-03-25,2011,1,3,933528.39,38.77,3.624,,,,,,False,119557,0.0,False,Between 100k and 150k
22,2011-04-01,2011,2,4,951588.37,36.04,3.638,,,,,,False,119557,0.0,False,Between 100k and 150k
22,2011-04-08,2011,2,4,969046.6900000001,44.42,3.72,,,,,,False,119557,0.0,False,Between 100k and 150k
22,2011-04-15,2011,2,4,1008557.04,48.88,3.823,,,,,,False,119557,0.0,False,Between 100k and 150k
22,2011-04-22,2011,2,4,1152781.9,47.76,3.919,,,,,,False,119557,0.0,False,Between 100k and 150k
22,2011-04-29,2011,2,4,926133.8,57.2,3.988,,,,,,False,119557,0.0,False,Between 100k and 150k
22,2011-05-06,2011,2,5,1032076.06,53.63,4.078,,,,,,False,119557,0.0,False,Between 100k and 150k
22,2011-05-13,2011,2,5,1001558.74,57.71,4.095,,,,,,False,119557,0.0,False,Between 100k and 150k
22,2011-05-20,2011,2,5,970307.83,58.56,4.101,,,,,,False,119557,0.0,False,Between 100k and 150k
22,2011-05-27,2011,2,5,1021568.34,62.59,4.034,,,,,,False,119557,0.0,False,Between 100k and 150k
22,2011-06-03,2011,2,6,1125169.92,70.09,3.973,,,,,,False,119557,0.0,False,Between 100k and 150k
22,2011-06-10,2011,2,6,1060868.49,69.53,3.924,,,,,,False,119557,0.0,False,Between 100k and 150k
22,2011-06-17,2011,2,6,1042454.61,63.97,3.873,,,,,,False,119557,0.0,False,Between 100k and 150k
22,2011-06-24,2011,2,6,1012584.2,68.53,3.851,,,,,,False,119557,0.0,False,Between 100k and 150k
22,2011-07-01,2011,3,7,1077491.68,70.8,3.815,,,,,,False,119557,0.0,False,Between 100k and 150k
22,2011-07-08,2011,3,7,1017050.65,74.22,3.784,,,,,,False,119557,0.0,False,Between 100k and 150k
22,2011-07-15,2011,3,7,961953.57,75.2,3.827,,,,,,False,119557,0.0,False,Between 100k and 150k
22,2011-07-22,2011,3,7,964683.8,77.79,3.882,,,,,,False,119557,0.0,False,Between 100k and 150k
22,2011-07-29,2011,3,7,944958.69,75.32,3.898,,,,,,False,119557,0.0,False,Between 100k and 150k
22,2011-08-05,2011,3,8,983232.96,75.33,3.903,,,,,,False,119557,0.0,False,Between 100k and 150k
22,2011-08-12,2011,3,8,991779.2,74.69,3.88,,,,,,False,119557,0.0,False,Between 100k and 150k
22,2011-08-19,2011,3,8,973004.91,71.3,3.82,,,,,,False,119557,0.0,False,Between 100k and 150k
22,2011-08-26,2011,3,8,1181815.31,72.22,3.796,,,,,,False,119557,0.0,False,Between 100k and 150k
22,2011-09-02,2011,3,9,912762.76,69.16,3.784,,,,,,False,119557,0.0,False,Between 100k and 150k
22,2011-09-09,2011,3,9,1004434.54,69.14,3.809,,,,,,True,119557,0.0,False,Between 100k and 150k
22,2011-09-16,2011,3,9,937420.65,68.08,3.809,,,,,,False,119557,0.0,False,Between 100k and 150k
22,2011-09-23,2011,3,9,899834.75,62.36,3.758,,,,,,False,119557,0.0,False,Between 100k and 150k
22,2011-09-30,2011,3,9,953314.16,69.78,3.684,,,,,,False,119557,0.0,False,Between 100k and 150k
22,2011-10-07,2011,4,10,993436.67,56.44,3.633,,,,,,False,119557,0.0,False,Between 100k and 150k
22,2011-10-14,2011,4,10,944337.32,62.63,3.583,,,,,,False,119557,0.0,False,Between 100k and 150k
22,2011-10-21,2011,4,10,981567.22,59.3,3.618,,,,,,False,119557,0.0,False,Between 100k and 150k
22,2011-10-28,2011,4,10,1099351.68,49.31,3.604,,,,,,False,119557,0.0,False,Between 100k and 150k
22,2011-11-04,2011,4,11,1106575.59,42.81,3.586,,,,,,False,119557,0.0,False,Between 100k and 150k
22,2011-11-11,2011,4,11,1051740.29,47.8,3.57,12691.27,16756.86,435.92,3159.94,6275.41,False,119557,39319.399999999994,True,Between 100k and 150k
22,2011-11-18,2011,4,11,1007579.4400000001,50.62,3.571,16544.63,659.84,88.86,747.89,6846.81,False,119557,24888.030000000002,True,Between 100k and 150k
22,2011-11-25,2011,4,11,1535857.49,46.28,3.536,1649.31,,70087.94,7.5,5266.9,True,119557,77011.65,True,Between 100k and 150k
22,2011-12-02,2011,4,12,1167621.14,49.11,3.501,10739.64,,926.79,3397.08,29944.71,False,119557,45008.22,True,Between 100k and 150k
22,2011-12-09,2011,4,12,1308967.44,45.35,3.47,3311.44,,125.93,2499.81,16837.64,False,119557,22774.82,True,Between 100k and 150k
22,2011-12-16,2011,4,12,1453153.33,39.11,3.445,5083.51,,463.79,423.22,4590.08,False,119557,10560.6,True,Between 100k and 150k
22,2011-12-23,2011,4,12,1863195.68,39.83,3.413,963.24,5.39,936.62,5.0,4250.08,False,119557,6160.33,True,Between 100k and 150k
22,2011-12-30,2011,4,12,982661.14,36.28,3.402,6840.65,55072.53,35.75,388.44,5826.4,True,119557,68163.77,True,Between 100k and 150k
22,2012-01-06,2012,1,1,895358.2,34.61,3.439,5803.25,34453.8,22.94,1777.64,8239.01,False,119557,50296.64000000001,True,Between 100k and 150k
22,2012-01-13,2012,1,1,855437.5700000001,39.0,3.523,2325.12,19455.8,6.06,520.21,5824.45,False,119557,28131.64,True,Between 100k and 150k
22,2012-01-20,2012,1,1,897027.44,29.16,3.542,1697.47,7401.88,2.73,1934.2,7147.3,False,119557,18183.58,True,Between 100k and 150k
22,2012-01-27,2012,1,1,786459.23,35.68,3.568,1048.86,4022.06,,9.88,2507.98,False,119557,7588.780000000001,True,Between 100k and 150k
22,2012-02-03,2012,1,2,958487.75,40.58,3.633,88646.76,5196.77,27.71,57815.43,8823.94,False,119557,160510.61000000002,True,Between 100k and 150k
22,2012-02-10,2012,1,2,1034448.0700000001,35.68,3.655,10155.75,6392.28,3.34,9811.63,5448.98,True,119557,31811.98,True,Between 100k and 150k
22,2012-02-17,2012,1,2,1004749.41,36.25,3.703,14910.44,10572.12,2.0,10409.34,5499.8,False,119557,41393.700000000004,True,Between 100k and 150k
22,2012-02-24,2012,1,2,912958.95,39.0,3.751,10045.03,7913.38,,8695.83,3361.36,False,119557,30015.6,True,Between 100k and 150k
22,2012-03-02,2012,1,3,974866.65,37.47,3.827,28298.18,3333.76,89.58,25615.48,3141.76,False,119557,60478.76,True,Between 100k and 150k
22,2012-03-09,2012,1,3,991127.01,41.72,3.876,7634.61,348.71,0.5,1351.75,5563.8,False,119557,14899.369999999999,True,Between 100k and 150k
22,2012-03-16,2012,1,3,966780.01,46.06,3.867,8463.01,51.31,11.36,3719.23,4895.18,False,119557,17140.09,True,Between 100k and 150k
22,2012-03-23,2012,1,3,992774.4,54.68,3.889,5667.37,96.9,8.73,511.14,2598.98,False,119557,8883.119999999999,True,Between 100k and 150k
22,2012-03-30,2012,1,3,965769.93,46.4,3.921,11628.21,29.6,3.59,1653.46,3327.97,False,119557,16642.83,True,Between 100k and 150k
22,2012-04-06,2012,2,4,1197489.66,46.38,3.957,8593.09,,17.67,1946.99,5729.6,False,119557,16287.35,True,Between 100k and 150k
22,2012-04-13,2012,2,4,939118.24,49.89,4.025,5981.5,10877.85,9.5,1633.96,1932.86,False,119557,20435.67,True,Between 100k and 150k
22,2012-04-20,2012,2,4,1000342.87,58.81,4.046,7200.16,6519.27,14.55,54.25,3897.67,False,119557,17685.9,True,Between 100k and 150k
22,2012-04-27,2012,2,4,922539.94,51.42,4.023,2573.49,0.18,6.31,247.76,2140.08,False,119557,4967.82,True,Between 100k and 150k
22,2012-05-04,2012,2,5,1005083.3099999999,50.75,3.991,21823.53,,37.87,6586.49,1565.11,False,119557,30013.0,True,Between 100k and 150k
22,2012-05-11,2012,2,5,997868.63,56.72,3.947,16294.31,,100.09,3370.19,3482.48,False,119557,23247.069999999996,True,Between 100k and 150k
22,2012-05-18,2012,2,5,986612.02,61.9,3.899,10611.25,,51.9,1482.63,2464.02,False,119557,14609.8,True,Between 100k and 150k
22,2012-05-25,2012,2,5,1047297.38,62.39,3.85,9329.34,,309.12,1369.3,2638.03,False,119557,13645.79,True,Between 100k and 150k
22,2012-06-01,2012,2,6,1102857.37,70.01,3.798,16432.28,7.6,73.36,3723.8,3331.57,False,119557,23568.609999999997,True,Between 100k and 150k
22,2012-06-08,2012,2,6,1061134.3699999999,61.71,3.746,18261.32,142.4,19.79,3041.13,4316.44,False,119557,25781.08,True,Between 100k and 150k
22,2012-06-15,2012,2,6,1061219.19,66.56,3.683,9564.7,193.9,9.06,3070.27,2588.53,False,119557,15426.460000000001,True,Between 100k and 150k
22,2012-06-22,2012,2,6,1112449.3,70.61,3.629,8154.53,387.4,,2396.96,3938.83,False,119557,14877.72,True,Between 100k and 150k
22,2012-06-29,2012,2,6,1053881.78,70.99,3.577,3297.53,345.5,,339.38,2257.49,False,119557,6239.9,True,Between 100k and 150k
22,2012-07-06,2012,3,7,1097786.1400000001,77.41,3.538,10677.48,296.2,12.79,6485.38,3465.23,False,119557,20937.08,True,Between 100k and 150k
22,2012-07-13,2012,3,7,971361.38,75.81,3.561,4773.8,183.5,14.16,2046.91,1457.01,False,119557,8475.38,True,Between 100k and 150k
22,2012-07-20,2012,3,7,991969.37,76.57,3.61,3250.89,101.3,15.49,1986.27,2800.15,False,119557,8154.1,True,Between 100k and 150k
22,2012-07-27,2012,3,7,925731.21,73.52,3.701,5336.52,42.97,2.31,8546.62,3644.59,False,119557,17573.010000000002,True,Between 100k and 150k
22,2012-08-03,2012,3,8,1007257.83,72.99,3.698,35383.88,88.92,27.32,18389.63,3237.41,False,119557,57127.16,True,Between 100k and 150k
22,2012-08-10,2012,3,8,973812.79,76.74,3.772,7212.77,22.87,15.43,2623.17,1906.3,False,119557,11780.54,True,Between 100k and 150k
22,2012-08-17,2012,3,8,981273.26,74.92,3.84,5160.04,91.43,,2273.84,2354.36,False,119557,9879.67,True,Between 100k and 150k
22,2012-08-24,2012,3,8,1060906.75,70.42,3.874,10456.16,100.54,104.14,6657.04,4648.25,False,119557,21966.13,True,Between 100k and 150k
22,2012-08-31,2012,3,8,1022270.86,71.93,3.884,37707.43,40.66,119.53,6761.03,2307.61,False,119557,46936.26,True,Between 100k and 150k
22,2012-09-07,2012,3,9,996628.8,73.3,3.921,12941.56,4.0,37.34,2510.1,3346.55,True,119557,18839.55,True,Between 100k and 150k
22,2012-09-14,2012,3,9,918049.28,66.42,3.988,7069.56,3.44,8.43,499.91,6011.9,False,119557,13593.24,True,Between 100k and 150k
22,2012-09-21,2012,3,9,921612.53,63.38,4.056,7150.28,106.01,19.0,1217.3,7556.34,False,119557,16048.93,True,Between 100k and 150k
22,2012-09-28,2012,3,9,976479.51,62.17,4.018,4269.8,23.73,1.72,2763.63,2130.39,False,119557,9189.27,True,Between 100k and 150k
22,2012-10-05,2012,4,10,1009887.36,62.09,4.027,5294.37,,4.25,1447.19,3652.84,False,119557,10398.65,True,Between 100k and 150k
22,2012-10-12,2012,4,10,1004039.84,54.18,4.029,1558.08,,10.35,485.2,4291.26,False,119557,6344.889999999999,True,Between 100k and 150k
22,2012-10-19,2012,4,10,978027.95,55.28,4.0,2834.71,,3.66,459.34,3171.35,False,119557,6469.0599999999995,True,Between 100k and 150k
22,2012-10-26,2012,4,10,1094422.69,57.58,3.917,7330.98,111.86,152.91,536.08,708.93,False,119557,8840.759999999998,True,Between 100k and 150k
23,2010-02-05,2010,1,2,1364721.58,15.25,2.788,,,,,,False,114533,0.0,False,Between 100k and 150k
23,2010-02-12,2010,1,2,1380892.08,18.75,2.771,,,,,,True,114533,0.0,False,Between 100k and 150k
23,2010-02-19,2010,1,2,1319588.04,26.7,2.747,,,,,,False,114533,0.0,False,Between 100k and 150k
23,2010-02-26,2010,1,2,1198709.65,32.68,2.753,,,,,,False,114533,0.0,False,Between 100k and 150k
23,2010-03-05,2010,1,3,1311175.93,33.15,2.766,,,,,,False,114533,0.0,False,Between 100k and 150k
23,2010-03-12,2010,1,3,1408082.96,36.07,2.805,,,,,,False,114533,0.0,False,Between 100k and 150k
23,2010-03-19,2010,1,3,1229008.32,43.01,2.834,,,,,,False,114533,0.0,False,Between 100k and 150k
23,2010-03-26,2010,1,3,1310701.8,38.59,2.831,,,,,,False,114533,0.0,False,Between 100k and 150k
23,2010-04-02,2010,2,4,1556627.6199999999,40.5,2.826,,,,,,False,114533,0.0,False,Between 100k and 150k
23,2010-04-09,2010,2,4,1264434.7,56.82,2.849,,,,,,False,114533,0.0,False,Between 100k and 150k
23,2010-04-16,2010,2,4,1288823.72,44.25,2.885,,,,,,False,114533,0.0,False,Between 100k and 150k
23,2010-04-23,2010,2,4,1315023.08,46.4,2.895,,,,,,False,114533,0.0,False,Between 100k and 150k
23,2010-04-30,2010,2,4,1259414.52,45.47,2.935,,,,,,False,114533,0.0,False,Between 100k and 150k
23,2010-05-07,2010,2,5,1365552.28,61.04,2.981,,,,,,False,114533,0.0,False,Between 100k and 150k
23,2010-05-14,2010,2,5,1303055.09,45.33,2.983,,,,,,False,114533,0.0,False,Between 100k and 150k
23,2010-05-21,2010,2,5,1327424.28,57.94,2.961,,,,,,False,114533,0.0,False,Between 100k and 150k
23,2010-05-28,2010,2,5,1571158.56,69.26,2.906,,,,,,False,114533,0.0,False,Between 100k and 150k
23,2010-06-04,2010,2,6,1514435.51,64.94,2.857,,,,,,False,114533,0.0,False,Between 100k and 150k
23,2010-06-11,2010,2,6,1439432.06,58.35,2.83,,,,,,False,114533,0.0,False,Between 100k and 150k
23,2010-06-18,2010,2,6,1507708.93,60.29,2.805,,,,,,False,114533,0.0,False,Between 100k and 150k
23,2010-06-25,2010,2,6,1415204.88,69.83,2.81,,,,,,False,114533,0.0,False,Between 100k and 150k
23,2010-07-02,2010,3,7,1549113.18,64.76,2.815,,,,,,False,114533,0.0,False,Between 100k and 150k
23,2010-07-09,2010,3,7,1417535.78,77.16,2.806,,,,,,False,114533,0.0,False,Between 100k and 150k
23,2010-07-16,2010,3,7,1413124.11,73.94,2.796,,,,,,False,114533,0.0,False,Between 100k and 150k
23,2010-07-23,2010,3,7,1333634.45,70.2,2.784,,,,,,False,114533,0.0,False,Between 100k and 150k
23,2010-07-30,2010,3,7,1319773.55,69.71,2.792,,,,,,False,114533,0.0,False,Between 100k and 150k
23,2010-08-06,2010,3,8,1417013.07,70.03,2.792,,,,,,False,114533,0.0,False,Between 100k and 150k
23,2010-08-13,2010,3,8,1346345.97,67.43,2.81,,,,,,False,114533,0.0,False,Between 100k and 150k
23,2010-08-20,2010,3,8,1439901.05,68.65,2.796,,,,,,False,114533,0.0,False,Between 100k and 150k
23,2010-08-27,2010,3,8,1584623.3599999999,63.25,2.77,,,,,,False,114533,0.0,False,Between 100k and 150k
23,2010-09-03,2010,3,9,1405119.23,72.91,2.735,,,,,,False,114533,0.0,False,Between 100k and 150k
23,2010-09-10,2010,3,9,1272842.85,63.21,2.717,,,,,,True,114533,0.0,False,Between 100k and 150k
23,2010-09-17,2010,3,9,1159132.58,55.3,2.716,,,,,,False,114533,0.0,False,Between 100k and 150k
23,2010-09-24,2010,3,9,1099055.65,57.75,2.718,,,,,,False,114533,0.0,False,Between 100k and 150k
23,2010-10-01,2010,4,10,1129909.44,62.07,2.717,,,,,,False,114533,0.0,False,Between 100k and 150k
23,2010-10-08,2010,4,10,1179851.68,50.75,2.776,,,,,,False,114533,0.0,False,Between 100k and 150k
23,2010-10-15,2010,4,10,1119809.71,45.55,2.878,,,,,,False,114533,0.0,False,Between 100k and 150k
23,2010-10-22,2010,4,10,1147503.92,43.19,2.919,,,,,,False,114533,0.0,False,Between 100k and 150k
23,2010-10-29,2010,4,10,1112871.23,48.68,2.938,,,,,,False,114533,0.0,False,Between 100k and 150k
23,2010-11-05,2010,4,11,1203119.96,36.6,2.938,,,,,,False,114533,0.0,False,Between 100k and 150k
23,2010-11-12,2010,4,11,1387953.75,35.59,2.961,,,,,,False,114533,0.0,False,Between 100k and 150k
23,2010-11-19,2010,4,11,1314994.32,41.66,3.03,,,,,,False,114533,0.0,False,Between 100k and 150k
23,2010-11-26,2010,4,11,2072685.05,34.95,3.07,,,,,,True,114533,0.0,False,Between 100k and 150k
23,2010-12-03,2010,4,12,1617025.41,34.3,3.065,,,,,,False,114533,0.0,False,Between 100k and 150k
23,2010-12-10,2010,4,12,1872365.99,20.12,3.132,,,,,,False,114533,0.0,False,Between 100k and 150k
23,2010-12-17,2010,4,12,2238573.48,23.05,3.139,,,,,,False,114533,0.0,False,Between 100k and 150k
23,2010-12-24,2010,4,12,2734277.1,22.96,3.15,,,,,,False,114533,0.0,False,Between 100k and 150k
23,2010-12-31,2010,4,12,1169773.85,19.05,3.177,,,,,,True,114533,0.0,False,Between 100k and 150k
23,2011-01-07,2011,1,1,1122034.48,27.81,3.193,,,,,,False,114533,0.0,False,Between 100k and 150k
23,2011-01-14,2011,1,1,1016756.1,18.2,3.215,,,,,,False,114533,0.0,False,Between 100k and 150k
23,2011-01-21,2011,1,1,1110706.06,15.58,3.232,,,,,,False,114533,0.0,False,Between 100k and 150k
23,2011-01-28,2011,1,1,1083657.6099999999,10.91,3.243,,,,,,False,114533,0.0,False,Between 100k and 150k
23,2011-02-04,2011,1,2,1159438.53,14.5,3.24,,,,,,False,114533,0.0,False,Between 100k and 150k
23,2011-02-11,2011,1,2,1249786.4,21.52,3.255,,,,,,True,114533,0.0,False,Between 100k and 150k
23,2011-02-18,2011,1,2,1369971.57,26.6,3.263,,,,,,False,114533,0.0,False,Between 100k and 150k
23,2011-02-25,2011,1,2,1206917.2,17.0,3.281,,,,,,False,114533,0.0,False,Between 100k and 150k
23,2011-03-04,2011,1,3,1301185.28,20.67,3.437,,,,,,False,114533,0.0,False,Between 100k and 150k
23,2011-03-11,2011,1,3,1042043.55,29.36,3.6,,,,,,False,114533,0.0,False,Between 100k and 150k
23,2011-03-18,2011,1,3,1203682.6199999999,37.28,3.634,,,,,,False,114533,0.0,False,Between 100k and 150k
23,2011-03-25,2011,1,3,1148624.83,29.11,3.624,,,,,,False,114533,0.0,False,Between 100k and 150k
23,2011-04-01,2011,2,4,1182694.95,29.44,3.638,,,,,,False,114533,0.0,False,Between 100k and 150k
23,2011-04-08,2011,2,4,1248901.98,36.74,3.72,,,,,,False,114533,0.0,False,Between 100k and 150k
23,2011-04-15,2011,2,4,1263680.51,45.51,3.823,,,,,,False,114533,0.0,False,Between 100k and 150k
23,2011-04-22,2011,2,4,1447301.24,39.62,3.919,,,,,,False,114533,0.0,False,Between 100k and 150k
23,2011-04-29,2011,2,4,1173307.4,54.2,3.988,,,,,,False,114533,0.0,False,Between 100k and 150k
23,2011-05-06,2011,2,5,1359921.1300000001,50.07,4.078,,,,,,False,114533,0.0,False,Between 100k and 150k
23,2011-05-13,2011,2,5,1254914.8699999999,55.12,4.095,,,,,,False,114533,0.0,False,Between 100k and 150k
23,2011-05-20,2011,2,5,1337617.55,56.67,4.101,,,,,,False,114533,0.0,False,Between 100k and 150k
23,2011-05-27,2011,2,5,1361945.18,63.27,4.034,,,,,,False,114533,0.0,False,Between 100k and 150k
23,2011-06-03,2011,2,6,1562161.97,67.21,3.973,,,,,,False,114533,0.0,False,Between 100k and 150k
23,2011-06-10,2011,2,6,1447028.06,65.23,3.924,,,,,,False,114533,0.0,False,Between 100k and 150k
23,2011-06-17,2011,2,6,1470520.83,61.06,3.873,,,,,,False,114533,0.0,False,Between 100k and 150k
23,2011-06-24,2011,2,6,1434036.18,63.8,3.851,,,,,,False,114533,0.0,False,Between 100k and 150k
23,2011-07-01,2011,3,7,1492507.44,65.65,3.815,,,,,,False,114533,0.0,False,Between 100k and 150k
23,2011-07-08,2011,3,7,1379488.05,69.92,3.784,,,,,,False,114533,0.0,False,Between 100k and 150k
23,2011-07-15,2011,3,7,1360520.56,69.8,3.827,,,,,,False,114533,0.0,False,Between 100k and 150k
23,2011-07-22,2011,3,7,1362144.0,76.74,3.882,,,,,,False,114533,0.0,False,Between 100k and 150k
23,2011-07-29,2011,3,7,1319767.55,69.55,3.898,,,,,,False,114533,0.0,False,Between 100k and 150k
23,2011-08-05,2011,3,8,1416344.68,69.53,3.903,,,,,,False,114533,0.0,False,Between 100k and 150k
23,2011-08-12,2011,3,8,1380952.05,69.86,3.88,,,,,,False,114533,0.0,False,Between 100k and 150k
23,2011-08-19,2011,3,8,1453416.53,67.09,3.82,,,,,,False,114533,0.0,False,Between 100k and 150k
23,2011-08-26,2011,3,8,1637266.29,67.04,3.796,,,,,,False,114533,0.0,False,Between 100k and 150k
23,2011-09-02,2011,3,9,1464295.69,65.33,3.784,,,,,,False,114533,0.0,False,Between 100k and 150k
23,2011-09-09,2011,3,9,1423289.9,66.04,3.809,,,,,,True,114533,0.0,False,Between 100k and 150k
23,2011-09-16,2011,3,9,1253329.17,60.52,3.809,,,,,,False,114533,0.0,False,Between 100k and 150k
23,2011-09-23,2011,3,9,1289082.81,57.14,3.758,,,,,,False,114533,0.0,False,Between 100k and 150k
23,2011-09-30,2011,3,9,1275597.85,64.76,3.684,,,,,,False,114533,0.0,False,Between 100k and 150k
23,2011-10-07,2011,4,10,1463501.99,49.0,3.633,,,,,,False,114533,0.0,False,Between 100k and 150k
23,2011-10-14,2011,4,10,1257778.34,56.79,3.583,,,,,,False,114533,0.0,False,Between 100k and 150k
23,2011-10-21,2011,4,10,1441032.59,52.12,3.618,,,,,,False,114533,0.0,False,Between 100k and 150k
23,2011-10-28,2011,4,10,1407191.96,42.57,3.604,,,,,,False,114533,0.0,False,Between 100k and 150k
23,2011-11-04,2011,4,11,1428436.33,39.18,3.586,,,,,,False,114533,0.0,False,Between 100k and 150k
23,2011-11-11,2011,4,11,1436940.78,44.04,3.57,9157.72,9619.31,286.88,3834.44,3543.37,False,114533,26441.719999999998,True,Between 100k and 150k
23,2011-11-18,2011,4,11,1345631.96,45.48,3.571,3761.33,206.48,140.88,529.68,5284.63,False,114533,9923.0,True,Between 100k and 150k
23,2011-11-25,2011,4,11,2057059.53,35.23,3.536,70.24,47.47,103991.94,7.0,677.31,True,114533,104793.96,True,Between 100k and 150k
23,2011-12-02,2011,4,12,1552886.59,43.6,3.501,6134.68,50.47,8734.68,5080.3,20441.81,False,114533,40441.94,True,Between 100k and 150k
23,2011-12-09,2011,4,12,1841173.6,36.4,3.47,5491.42,,611.34,4318.8,13208.67,False,114533,23630.230000000003,True,Between 100k and 150k
23,2011-12-16,2011,4,12,2173621.2,32.99,3.445,6112.33,19.18,738.38,591.22,4241.95,False,114533,11703.060000000001,True,Between 100k and 150k
23,2011-12-23,2011,4,12,2587953.32,27.8,3.413,1003.58,14.2,1683.17,2.0,570.74,False,114533,3273.6900000000005,True,Between 100k and 150k
23,2011-12-30,2011,4,12,1213486.95,22.3,3.402,3895.97,50366.6,237.87,1099.12,2573.14,True,114533,58172.700000000004,True,Between 100k and 150k
23,2012-01-06,2012,1,1,1150662.55,24.29,3.439,4230.07,34854.95,38.18,2408.34,3931.61,False,114533,45463.149999999994,True,Between 100k and 150k
23,2012-01-13,2012,1,1,1031451.35,28.49,3.523,2766.24,15216.56,4.84,807.22,2273.23,False,114533,21068.09,True,Between 100k and 150k
23,2012-01-20,2012,1,1,1146992.13,15.33,3.542,2437.41,4576.79,,2251.32,1848.96,False,114533,11114.48,True,Between 100k and 150k
23,2012-01-27,2012,1,1,1037476.38,25.71,3.568,957.2,3319.68,,9.0,1709.6,False,114533,5995.48,True,Between 100k and 150k
23,2012-02-03,2012,1,2,1261872.67,29.71,3.633,35688.59,6055.11,132.8,43218.61,5335.65,False,114533,90430.76,True,Between 100k and 150k
23,2012-02-10,2012,1,2,1358444.07,26.6,3.655,8770.83,8403.67,56.54,9800.67,6133.9,True,114533,33165.61,True,Between 100k and 150k
23,2012-02-17,2012,1,2,1365546.69,27.01,3.703,8924.48,10140.32,1.88,6699.65,2236.81,False,114533,28003.140000000003,True,Between 100k and 150k
23,2012-02-24,2012,1,2,1272948.27,31.12,3.751,18500.67,10478.33,,7541.62,7320.47,False,114533,43841.090000000004,True,Between 100k and 150k
23,2012-03-02,2012,1,3,1322852.2,25.91,3.827,29917.01,4311.34,32.93,23421.73,2723.0,False,114533,60406.009999999995,True,Between 100k and 150k
23,2012-03-09,2012,1,3,1292724.9,33.11,3.876,8575.57,1125.61,5.08,4365.63,2742.87,False,114533,16814.76,True,Between 100k and 150k
23,2012-03-16,2012,1,3,1258364.31,41.19,3.867,5739.62,110.48,6.03,3380.28,838.7,False,114533,10075.11,True,Between 100k and 150k
23,2012-03-23,2012,1,3,1288154.1,57.82,3.889,3502.06,72.5,6.97,276.39,1541.93,False,114533,5399.849999999999,True,Between 100k and 150k
23,2012-03-30,2012,1,3,1261964.96,36.71,3.921,8920.01,116.41,7.09,1010.3,3025.4,False,114533,13079.21,True,Between 100k and 150k
23,2012-04-06,2012,2,4,1604605.69,37.43,3.957,8261.41,,60.0,3647.54,3494.82,False,114533,15463.77,True,Between 100k and 150k
23,2012-04-13,2012,2,4,1231752.54,41.81,4.025,4460.9,4852.66,25.17,2064.48,1879.86,False,114533,13283.07,True,Between 100k and 150k
23,2012-04-20,2012,2,4,1287899.41,56.55,4.046,2438.53,6551.03,30.84,502.31,4874.16,False,114533,14396.869999999999,True,Between 100k and 150k
23,2012-04-27,2012,2,4,1277758.76,44.62,4.023,2622.72,1325.48,27.04,2.0,2132.69,False,114533,6109.93,True,Between 100k and 150k
23,2012-05-04,2012,2,5,1317379.68,45.88,3.991,9941.93,,99.93,4899.79,2841.41,False,114533,17783.06,True,Between 100k and 150k
23,2012-05-11,2012,2,5,1321914.34,52.9,3.947,8839.9,,58.82,1419.42,2237.57,False,114533,12555.71,True,Between 100k and 150k
23,2012-05-18,2012,2,5,1332952.47,58.42,3.899,9364.2,,104.01,516.81,1374.13,False,114533,11359.150000000001,True,Between 100k and 150k
23,2012-05-25,2012,2,5,1552934.64,66.43,3.85,7101.14,,246.45,1017.09,2752.95,False,114533,11117.630000000001,True,Between 100k and 150k
23,2012-06-01,2012,2,6,1476144.34,66.22,3.798,4238.85,92.2,61.64,1401.23,2312.38,False,114533,8106.3,True,Between 100k and 150k
23,2012-06-08,2012,2,6,1568048.54,56.82,3.746,7565.4,503.4,220.02,2581.42,6208.43,False,114533,17078.67,True,Between 100k and 150k
23,2012-06-15,2012,2,6,1543667.68,64.73,3.683,4810.62,442.3,41.03,1361.6,2213.38,False,114533,8868.93,True,Between 100k and 150k
23,2012-06-22,2012,2,6,1522042.57,71.82,3.629,5810.83,658.1,8.28,2064.37,5454.93,False,114533,13996.51,True,Between 100k and 150k
23,2012-06-29,2012,2,6,1451782.16,64.23,3.577,2621.06,199.8,,343.88,1888.97,False,114533,5053.71,True,Between 100k and 150k
23,2012-07-06,2012,3,7,1545370.16,70.86,3.538,6918.05,103.8,26.79,6112.89,5184.17,False,114533,18345.7,True,Between 100k and 150k
23,2012-07-13,2012,3,7,1384921.63,69.19,3.561,4159.57,99.3,0.47,3148.73,1106.63,False,114533,8514.7,True,Between 100k and 150k
23,2012-07-20,2012,3,7,1381339.23,71.13,3.61,2538.45,5.7,38.15,437.8,1377.22,False,114533,4397.32,True,Between 100k and 150k
23,2012-07-27,2012,3,7,1322932.3599999999,69.31,3.701,3050.22,205.08,7.05,3797.44,3275.95,False,114533,10335.74,True,Between 100k and 150k
23,2012-08-03,2012,3,8,1416926.31,71.51,3.698,2030.27,77.84,25.26,1810.24,1863.72,False,114533,5807.330000000001,True,Between 100k and 150k
23,2012-08-10,2012,3,8,1436311.76,71.12,3.772,23983.92,144.9,106.86,13110.54,4860.8,False,114533,42207.020000000004,True,Between 100k and 150k
23,2012-08-17,2012,3,8,1510131.45,69.97,3.84,2665.76,33.79,50.4,1135.93,3513.48,False,114533,7399.360000000001,True,Between 100k and 150k
23,2012-08-24,2012,3,8,1702220.96,64.63,3.874,3082.87,134.11,55.0,5325.05,5906.69,False,114533,14503.720000000001,True,Between 100k and 150k
23,2012-08-31,2012,3,8,1577468.78,68.34,3.884,17318.35,23.29,118.36,4812.58,3030.79,False,114533,25303.370000000003,True,Between 100k and 150k
23,2012-09-07,2012,3,9,1427162.26,66.74,3.921,13578.43,91.22,85.23,1288.27,4827.11,True,114533,19870.26,True,Between 100k and 150k
23,2012-09-14,2012,3,9,1279041.64,61.37,3.988,5186.12,,21.5,990.89,7934.73,False,114533,14133.24,True,Between 100k and 150k
23,2012-09-21,2012,3,9,1338627.55,56.8,4.056,7503.68,200.82,10.5,1993.04,6412.69,False,114533,16120.73,True,Between 100k and 150k
23,2012-09-28,2012,3,9,1319035.06,53.71,4.018,4330.13,60.55,4.72,2646.89,3369.45,False,114533,10411.740000000002,True,Between 100k and 150k
23,2012-10-05,2012,4,10,1464616.59,56.65,4.027,5347.45,,6.73,2506.49,3127.25,False,114533,10987.919999999998,True,Between 100k and 150k
23,2012-10-12,2012,4,10,1412925.25,48.1,4.029,1557.1,,1.12,998.46,5518.58,False,114533,8075.26,True,Between 100k and 150k
23,2012-10-19,2012,4,10,1363155.77,47.89,4.0,1134.33,,2.15,625.26,1894.98,False,114533,3656.7200000000003,True,Between 100k and 150k
23,2012-10-26,2012,4,10,1347454.59,50.56,3.917,4782.75,124.72,118.91,1316.96,738.09,False,114533,7081.43,True,Between 100k and 150k
24,2010-02-05,2010,1,2,1388725.63,22.43,2.954,,,,,,False,203819,0.0,False,More than 200k
24,2010-02-12,2010,1,2,1414107.1,25.94,2.94,,,,,,True,203819,0.0,False,More than 200k
24,2010-02-19,2010,1,2,1385362.49,31.05,2.909,,,,,,False,203819,0.0,False,More than 200k
24,2010-02-26,2010,1,2,1158722.74,33.98,2.91,,,,,,False,203819,0.0,False,More than 200k
24,2010-03-05,2010,1,3,1412387.3699999999,36.73,2.919,,,,,,False,203819,0.0,False,More than 200k
24,2010-03-12,2010,1,3,1309340.16,42.31,2.938,,,,,,False,203819,0.0,False,More than 200k
24,2010-03-19,2010,1,3,1222511.29,46.09,2.96,,,,,,False,203819,0.0,False,More than 200k
24,2010-03-26,2010,1,3,1258311.56,48.87,2.963,,,,,,False,203819,0.0,False,More than 200k
24,2010-04-02,2010,2,4,1478321.26,45.22,2.957,,,,,,False,203819,0.0,False,More than 200k
24,2010-04-09,2010,2,4,1379579.63,62.06,2.992,,,,,,False,203819,0.0,False,More than 200k
24,2010-04-16,2010,2,4,1268266.72,51.08,3.01,,,,,,False,203819,0.0,False,More than 200k
24,2010-04-23,2010,2,4,1264117.01,51.07,3.021,,,,,,False,203819,0.0,False,More than 200k
24,2010-04-30,2010,2,4,1259877.19,51.48,3.042,,,,,,False,203819,0.0,False,More than 200k
24,2010-05-07,2010,2,5,1409705.03,66.65,3.095,,,,,,False,203819,0.0,False,More than 200k
24,2010-05-14,2010,2,5,1346783.35,51.31,3.112,,,,,,False,203819,0.0,False,More than 200k
24,2010-05-21,2010,2,5,1283482.85,60.44,3.096,,,,,,False,203819,0.0,False,More than 200k
24,2010-05-28,2010,2,5,1473868.15,69.59,3.046,,,,,,False,203819,0.0,False,More than 200k
24,2010-06-04,2010,2,6,1566668.91,71.99,3.006,,,,,,False,203819,0.0,False,More than 200k
24,2010-06-11,2010,2,6,1375458.21,64.84,2.972,,,,,,False,203819,0.0,False,More than 200k
24,2010-06-18,2010,2,6,1354168.18,67.17,2.942,,,,,,False,203819,0.0,False,More than 200k
24,2010-06-25,2010,2,6,1399073.75,74.9,2.958,,,,,,False,203819,0.0,False,More than 200k
24,2010-07-02,2010,3,7,1563387.94,71.12,2.958,,,,,,False,203819,0.0,False,More than 200k
24,2010-07-09,2010,3,7,1665502.55,79.05,2.94,,,,,,False,203819,0.0,False,More than 200k
24,2010-07-16,2010,3,7,1418697.05,76.56,2.933,,,,,,False,203819,0.0,False,More than 200k
24,2010-07-23,2010,3,7,1333740.35,75.27,2.924,,,,,,False,203819,0.0,False,More than 200k
24,2010-07-30,2010,3,7,1387517.63,75.91,2.932,,,,,,False,203819,0.0,False,More than 200k
24,2010-08-06,2010,3,8,1442819.28,74.54,2.942,,,,,,False,203819,0.0,False,More than 200k
24,2010-08-13,2010,3,8,1384243.75,74.17,2.923,,,,,,False,203819,0.0,False,More than 200k
24,2010-08-20,2010,3,8,1375307.54,72.17,2.913,,,,,,False,203819,0.0,False,More than 200k
24,2010-08-27,2010,3,8,1350059.35,67.0,2.885,,,,,,False,203819,0.0,False,More than 200k
24,2010-09-03,2010,3,9,1366381.6,73.52,2.86,,,,,,False,203819,0.0,False,More than 200k
24,2010-09-10,2010,3,9,1474498.59,67.11,2.837,,,,,,True,203819,0.0,False,More than 200k
24,2010-09-17,2010,3,9,1273295.46,60.31,2.846,,,,,,False,203819,0.0,False,More than 200k
24,2010-09-24,2010,3,9,1169413.27,64.3,2.837,,,,,,False,203819,0.0,False,More than 200k
24,2010-10-01,2010,4,10,1215273.2,66.88,2.84,,,,,,False,203819,0.0,False,More than 200k
24,2010-10-08,2010,4,10,1361944.94,54.82,2.903,,,,,,False,203819,0.0,False,More than 200k
24,2010-10-15,2010,4,10,1300806.74,52.83,2.999,,,,,,False,203819,0.0,False,More than 200k
24,2010-10-22,2010,4,10,1234875.33,48.69,3.049,,,,,,False,203819,0.0,False,More than 200k
24,2010-10-29,2010,4,10,1244925.94,57.29,3.055,,,,,,False,203819,0.0,False,More than 200k
24,2010-11-05,2010,4,11,1285358.01,42.2,3.049,,,,,,False,203819,0.0,False,More than 200k
24,2010-11-12,2010,4,11,1312877.01,41.76,3.065,,,,,,False,203819,0.0,False,More than 200k
24,2010-11-19,2010,4,11,1277150.6,45.63,3.138,,,,,,False,203819,0.0,False,More than 200k
24,2010-11-26,2010,4,11,1779276.51,41.92,3.186,,,,,,True,203819,0.0,False,More than 200k
24,2010-12-03,2010,4,12,1413302.7,37.08,3.2,,,,,,False,203819,0.0,False,More than 200k
24,2010-12-10,2010,4,12,1593012.75,27.11,3.255,,,,,,False,203819,0.0,False,More than 200k
24,2010-12-17,2010,4,12,1663525.77,27.99,3.301,,,,,,False,203819,0.0,False,More than 200k
24,2010-12-24,2010,4,12,2386015.75,27.74,3.309,,,,,,False,203819,0.0,False,More than 200k
24,2010-12-31,2010,4,12,1208600.05,25.9,3.336,,,,,,True,203819,0.0,False,More than 200k
24,2011-01-07,2011,1,1,1178641.71,30.72,3.351,,,,,,False,203819,0.0,False,More than 200k
24,2011-01-14,2011,1,1,1167740.2,22.41,3.367,,,,,,False,203819,0.0,False,More than 200k
24,2011-01-21,2011,1,1,1107170.39,23.69,3.391,,,,,,False,203819,0.0,False,More than 200k
24,2011-01-28,2011,1,1,1126921.34,17.91,3.402,,,,,,False,203819,0.0,False,More than 200k
24,2011-02-04,2011,1,2,1225182.04,23.83,3.4,,,,,,False,203819,0.0,False,More than 200k
24,2011-02-11,2011,1,2,1341240.6199999999,26.51,3.416,,,,,,True,203819,0.0,False,More than 200k
24,2011-02-18,2011,1,2,1360150.12,34.04,3.42,,,,,,False,203819,0.0,False,More than 200k
24,2011-02-25,2011,1,2,1235121.33,26.09,3.452,,,,,,False,203819,0.0,False,More than 200k
24,2011-03-04,2011,1,3,1346994.53,31.36,3.605,,,,,,False,203819,0.0,False,More than 200k
24,2011-03-11,2011,1,3,1253218.7,39.51,3.752,,,,,,False,203819,0.0,False,More than 200k
24,2011-03-18,2011,1,3,1168397.26,43.39,3.796,,,,,,False,203819,0.0,False,More than 200k
24,2011-03-25,2011,1,3,1158693.1199999999,36.88,3.789,,,,,,False,203819,0.0,False,More than 200k
24,2011-04-01,2011,2,4,1163803.3,35.73,3.811,,,,,,False,203819,0.0,False,More than 200k
24,2011-04-08,2011,2,4,1273670.32,44.7,3.895,,,,,,False,203819,0.0,False,More than 200k
24,2011-04-15,2011,2,4,1245576.65,52.36,3.981,,,,,,False,203819,0.0,False,More than 200k
24,2011-04-22,2011,2,4,1372484.9000000001,46.0,4.061,,,,,,False,203819,0.0,False,More than 200k
24,2011-04-29,2011,2,4,1197761.17,60.48,4.117,,,,,,False,203819,0.0,False,More than 200k
24,2011-05-06,2011,2,5,1339630.35,55.75,4.192,,,,,,False,203819,0.0,False,More than 200k
24,2011-05-13,2011,2,5,1311950.16,58.49,4.211,,,,,,False,203819,0.0,False,More than 200k
24,2011-05-20,2011,2,5,1234281.7,59.84,4.202,,,,,,False,203819,0.0,False,More than 200k
24,2011-05-27,2011,2,5,1311153.72,65.74,4.134,,,,,,False,203819,0.0,False,More than 200k
24,2011-06-03,2011,2,6,1554837.62,73.12,4.069,,,,,,False,203819,0.0,False,More than 200k
24,2011-06-10,2011,2,6,1373841.91,70.02,4.025,,,,,,False,203819,0.0,False,More than 200k
24,2011-06-17,2011,2,6,1320359.23,64.34,3.989,,,,,,False,203819,0.0,False,More than 200k
24,2011-06-24,2011,2,6,1304850.67,68.88,3.964,,,,,,False,203819,0.0,False,More than 200k
24,2011-07-01,2011,3,7,1445596.61,70.27,3.916,,,,,,False,203819,0.0,False,More than 200k
24,2011-07-08,2011,3,7,1567340.07,72.56,3.886,,,,,,False,203819,0.0,False,More than 200k
24,2011-07-15,2011,3,7,1356938.95,74.43,3.915,,,,,,False,203819,0.0,False,More than 200k
24,2011-07-22,2011,3,7,1357672.24,79.29,3.972,,,,,,False,203819,0.0,False,More than 200k
24,2011-07-29,2011,3,7,1310973.06,74.84,4.004,,,,,,False,203819,0.0,False,More than 200k
24,2011-08-05,2011,3,8,1417616.81,74.64,4.02,,,,,,False,203819,0.0,False,More than 200k
24,2011-08-12,2011,3,8,1402818.01,72.52,3.995,,,,,,False,203819,0.0,False,More than 200k
24,2011-08-19,2011,3,8,1352039.88,69.93,3.942,,,,,,False,203819,0.0,False,More than 200k
24,2011-08-26,2011,3,8,1402372.09,69.94,3.906,,,,,,False,203819,0.0,False,More than 200k
24,2011-09-02,2011,3,9,1196105.44,68.14,3.879,,,,,,False,203819,0.0,False,More than 200k
24,2011-09-09,2011,3,9,1527455.19,68.32,3.93,,,,,,True,203819,0.0,False,More than 200k
24,2011-09-16,2011,3,9,1227535.97,65.56,3.937,,,,,,False,203819,0.0,False,More than 200k
24,2011-09-23,2011,3,9,1232376.49,60.61,3.899,,,,,,False,203819,0.0,False,More than 200k
24,2011-09-30,2011,3,9,1246242.61,68.0,3.858,,,,,,False,203819,0.0,False,More than 200k
24,2011-10-07,2011,4,10,1405914.39,53.87,3.775,,,,,,False,203819,0.0,False,More than 200k
24,2011-10-14,2011,4,10,1333315.03,60.21,3.744,,,,,,False,203819,0.0,False,More than 200k
24,2011-10-21,2011,4,10,1283563.43,56.6,3.757,,,,,,False,203819,0.0,False,More than 200k
24,2011-10-28,2011,4,10,1307142.75,48.0,3.757,,,,,,False,203819,0.0,False,More than 200k
24,2011-11-04,2011,4,11,1385860.38,39.87,3.738,,,,,,False,203819,0.0,False,More than 200k
24,2011-11-11,2011,4,11,1425078.59,46.78,3.719,9391.17,20595.49,686.11,5950.16,6034.65,False,203819,42657.58000000001,True,More than 200k
24,2011-11-18,2011,4,11,1297535.69,48.17,3.717,9025.52,794.02,198.98,2629.75,5364.55,False,203819,18012.82,True,More than 200k
24,2011-11-25,2011,4,11,1761235.67,41.83,3.689,2571.98,66.94,64304.51,221.93,3661.62,True,203819,70826.98,True,More than 200k
24,2011-12-02,2011,4,12,1335647.1,47.21,3.666,4825.79,126.88,1601.23,6002.36,19966.73,False,203819,32522.989999999998,True,More than 200k
24,2011-12-09,2011,4,12,1529615.54,42.3,3.627,8915.25,,209.71,2399.76,23368.58,False,203819,34893.3,True,More than 200k
24,2011-12-16,2011,4,12,1624994.43,36.0,3.611,6244.37,9.09,143.42,1766.33,5516.14,False,203819,13679.35,True,More than 200k
24,2011-12-23,2011,4,12,2168344.23,36.93,3.587,1813.06,632.93,1633.67,51.66,1309.54,False,203819,5440.86,True,More than 200k
24,2011-12-30,2011,4,12,1363973.16,33.45,3.566,5743.34,44499.08,228.23,1242.49,4310.79,True,203819,56023.93,True,More than 200k
24,2012-01-06,2012,1,1,1251581.8900000001,32.86,3.585,7325.68,25367.9,203.51,1745.2,3261.35,False,203819,37903.64,True,More than 200k
24,2012-01-13,2012,1,1,1155594.2,36.5,3.666,3545.34,8743.62,127.43,819.74,4434.08,False,203819,17670.21,True,More than 200k
24,2012-01-20,2012,1,1,1151993.85,25.73,3.705,2809.05,7169.67,171.45,730.64,3663.25,False,203819,14544.060000000001,True,More than 200k
24,2012-01-27,2012,1,1,1057290.41,31.92,3.737,755.78,4142.75,190.3,90.5,2594.66,False,203819,7773.99,True,More than 200k
24,2012-02-03,2012,1,2,1249696.97,38.61,3.796,65021.23,4189.09,254.01,47452.43,7146.25,False,203819,124063.01000000001,True,More than 200k
24,2012-02-10,2012,1,2,1403460.87,33.82,3.826,11788.06,6777.04,73.29,11571.69,4451.85,True,203819,34661.93,True,More than 200k
24,2012-02-17,2012,1,2,1326370.08,33.92,3.874,12244.57,10925.86,25.52,15725.51,5533.12,False,203819,44454.58,True,More than 200k
24,2012-02-24,2012,1,2,1303233.15,37.35,3.917,10065.77,10556.73,2.2,6791.1,9440.12,False,203819,36855.920000000006,True,More than 200k
24,2012-03-02,2012,1,3,1213994.39,35.36,3.983,5903.53,3495.48,18.15,110.37,3688.64,False,203819,13216.17,True,More than 200k
24,2012-03-09,2012,1,3,1325835.7,41.5,4.021,21306.54,1190.23,2.49,34839.93,3932.94,False,203819,61272.130000000005,True,More than 200k
24,2012-03-16,2012,1,3,1239299.1199999999,48.68,4.021,10310.26,920.9,1.02,3250.66,1844.03,False,203819,16326.87,True,More than 200k
24,2012-03-23,2012,1,3,1221723.94,59.51,4.054,5283.83,652.04,3.4,552.16,3402.95,False,203819,9894.38,True,More than 200k
24,2012-03-30,2012,1,3,1230106.1300000001,47.28,4.098,11314.86,475.99,4.0,5456.51,1749.37,False,203819,19000.73,True,More than 200k
24,2012-04-06,2012,2,4,1524734.29,45.25,4.143,24195.01,,59.68,3082.34,5170.39,False,203819,32507.42,True,More than 200k
24,2012-04-13,2012,2,4,1285783.87,48.65,4.187,4765.31,5896.55,57.4,1204.7,3980.37,False,203819,15904.330000000002,True,More than 200k
24,2012-04-20,2012,2,4,1208654.4,61.05,4.17,10959.96,3425.69,79.48,1682.87,4506.82,False,203819,20654.82,True,More than 200k
24,2012-04-27,2012,2,4,1194334.65,49.26,4.163,12968.26,729.55,39.25,1121.45,15101.9,False,203819,29960.41,True,More than 200k
24,2012-05-04,2012,2,5,1306551.71,52.14,4.124,19129.69,192.0,195.04,5860.88,4953.15,False,203819,30330.760000000002,True,More than 200k
24,2012-05-11,2012,2,5,1355391.79,58.7,4.055,6503.15,,97.28,1798.06,1286.62,False,203819,9685.11,True,More than 200k
24,2012-05-18,2012,2,5,1298809.8,63.1,4.029,5955.53,,187.0,1529.05,4424.94,False,203819,12096.52,True,More than 200k
24,2012-05-25,2012,2,5,1407897.57,65.79,3.979,15776.58,,624.13,3992.12,3763.4,False,203819,24156.23,True,More than 200k
24,2012-06-01,2012,2,6,1467722.19,71.79,3.915,5320.71,42.2,204.43,883.54,2374.74,False,203819,8825.619999999999,True,More than 200k
24,2012-06-08,2012,2,6,1406313.13,59.93,3.871,15742.14,250.6,35.76,3050.95,7604.47,False,203819,26683.920000000002,True,More than 200k
24,2012-06-15,2012,2,6,1364445.98,68.28,3.786,11618.99,217.9,9.33,2449.86,5633.09,False,203819,19929.17,True,More than 200k
24,2012-06-22,2012,2,6,1434709.6300000001,72.29,3.722,8790.16,749.1,30.57,4434.39,7308.24,False,203819,21312.46,True,More than 200k
24,2012-06-29,2012,2,6,1428869.9000000001,70.4,3.667,5708.44,329.3,,1310.41,4292.22,False,203819,11640.369999999999,True,More than 200k
24,2012-07-06,2012,3,7,1645097.75,77.18,3.646,2920.43,559.3,181.49,1218.55,3889.14,False,203819,8768.91,True,More than 200k
24,2012-07-13,2012,3,7,1405475.78,75.36,3.689,7991.43,136.9,111.69,5852.88,4022.09,False,203819,18114.99,True,More than 200k
24,2012-07-20,2012,3,7,1394299.0,76.42,3.732,571.85,126.88,145.72,614.55,1867.65,False,203819,3326.65,True,More than 200k
24,2012-07-27,2012,3,7,1307339.14,73.62,3.82,4638.37,501.84,15.86,4124.82,4218.24,False,203819,13499.13,True,More than 200k
24,2012-08-03,2012,3,8,1440374.13,73.26,3.819,11887.54,557.1,138.39,9345.76,2781.67,False,203819,24710.46,True,More than 200k
24,2012-08-10,2012,3,8,1497054.81,75.53,3.863,37938.11,798.52,178.81,12823.7,5682.73,False,203819,57421.869999999995,True,More than 200k
24,2012-08-17,2012,3,8,1397970.54,72.87,3.963,4703.02,262.05,9.3,4744.01,1858.94,False,203819,11577.320000000002,True,More than 200k
24,2012-08-24,2012,3,8,1303726.54,68.13,3.997,8778.19,280.89,91.01,8868.81,3798.51,False,203819,21817.410000000003,True,More than 200k
24,2012-08-31,2012,3,8,1344558.92,71.18,4.026,34000.98,79.5,69.24,8772.12,4937.68,False,203819,47859.520000000004,True,More than 200k
24,2012-09-07,2012,3,9,1477134.75,72.81,4.076,15092.87,60.92,89.01,2756.36,4563.61,True,203819,22562.77,True,More than 200k
24,2012-09-14,2012,3,9,1242909.53,64.28,4.088,8179.55,1.0,30.77,1838.92,3353.34,False,203819,13403.58,True,More than 200k
24,2012-09-21,2012,3,9,1261158.47,61.25,4.203,11768.07,1.91,56.98,873.12,6190.47,False,203819,18890.55,True,More than 200k
24,2012-09-28,2012,3,9,1259278.3599999999,58.86,4.158,11941.13,15.28,21.76,984.11,7013.13,False,203819,19975.41,True,More than 200k
24,2012-10-05,2012,4,10,1416720.54,60.35,4.151,10349.0,,16.05,5824.86,2770.76,False,203819,18960.67,True,More than 200k
24,2012-10-12,2012,4,10,1416301.17,51.64,4.186,5138.51,,141.88,407.81,3284.69,False,203819,8972.890000000001,True,More than 200k
24,2012-10-19,2012,4,10,1255414.84,52.59,4.153,3446.7,,101.0,111.46,5963.01,False,203819,9622.17,True,More than 200k
24,2012-10-26,2012,4,10,1307182.29,55.16,4.071,10844.38,104.16,105.09,1795.68,3059.8,False,203819,15909.11,True,More than 200k
25,2010-02-05,2010,1,2,677231.63,21.1,2.784,,,,,,False,128107,0.0,False,Between 100k and 150k
25,2010-02-12,2010,1,2,583364.02,19.64,2.773,,,,,,True,128107,0.0,False,Between 100k and 150k
25,2010-02-19,2010,1,2,676260.67,24.16,2.745,,,,,,False,128107,0.0,False,Between 100k and 150k
25,2010-02-26,2010,1,2,628516.5700000001,29.16,2.754,,,,,,False,128107,0.0,False,Between 100k and 150k
25,2010-03-05,2010,1,3,665750.0599999999,29.45,2.777,,,,,,False,128107,0.0,False,Between 100k and 150k
25,2010-03-12,2010,1,3,660619.99,40.05,2.818,,,,,,False,128107,0.0,False,Between 100k and 150k
25,2010-03-19,2010,1,3,659795.84,45.0,2.844,,,,,,False,128107,0.0,False,Between 100k and 150k
25,2010-03-26,2010,1,3,696687.6,45.84,2.854,,,,,,False,128107,0.0,False,Between 100k and 150k
25,2010-04-02,2010,2,4,822486.37,47.2,2.85,,,,,,False,128107,0.0,False,Between 100k and 150k
25,2010-04-09,2010,2,4,712647.97,61.36,2.869,,,,,,False,128107,0.0,False,Between 100k and 150k
25,2010-04-16,2010,2,4,715311.6,52.16,2.899,,,,,,False,128107,0.0,False,Between 100k and 150k
25,2010-04-23,2010,2,4,694531.72,46.12,2.902,,,,,,False,128107,0.0,False,Between 100k and 150k
25,2010-04-30,2010,2,4,706924.02,50.97,2.921,,,,,,False,128107,0.0,False,Between 100k and 150k
25,2010-05-07,2010,2,5,724468.97,63.67,2.966,,,,,,False,128107,0.0,False,Between 100k and 150k
25,2010-05-14,2010,2,5,698073.95,50.27,2.982,,,,,,False,128107,0.0,False,Between 100k and 150k
25,2010-05-21,2010,2,5,704113.22,57.17,2.958,,,,,,False,128107,0.0,False,Between 100k and 150k
25,2010-05-28,2010,2,5,792442.54,69.31,2.899,,,,,,False,128107,0.0,False,Between 100k and 150k
25,2010-06-04,2010,2,6,764155.44,69.22,2.847,,,,,,False,128107,0.0,False,Between 100k and 150k
25,2010-06-11,2010,2,6,737163.2,63.68,2.809,,,,,,False,128107,0.0,False,Between 100k and 150k
25,2010-06-18,2010,2,6,780444.94,69.56,2.78,,,,,,False,128107,0.0,False,Between 100k and 150k
25,2010-06-25,2010,2,6,737569.14,72.17,2.808,,,,,,False,128107,0.0,False,Between 100k and 150k
25,2010-07-02,2010,3,7,759407.87,66.42,2.815,,,,,,False,128107,0.0,False,Between 100k and 150k
25,2010-07-09,2010,3,7,719591.13,75.24,2.793,,,,,,False,128107,0.0,False,Between 100k and 150k
25,2010-07-16,2010,3,7,726997.84,73.43,2.783,,,,,,False,128107,0.0,False,Between 100k and 150k
25,2010-07-23,2010,3,7,665290.93,75.37,2.771,,,,,,False,128107,0.0,False,Between 100k and 150k
25,2010-07-30,2010,3,7,682124.34,71.99,2.781,,,,,,False,128107,0.0,False,Between 100k and 150k
25,2010-08-06,2010,3,8,699464.4299999999,71.79,2.784,,,,,,False,128107,0.0,False,Between 100k and 150k
25,2010-08-13,2010,3,8,686072.39,72.73,2.805,,,,,,False,128107,0.0,False,Between 100k and 150k
25,2010-08-20,2010,3,8,724499.8099999999,71.81,2.779,,,,,,False,128107,0.0,False,Between 100k and 150k
25,2010-08-27,2010,3,8,711461.95,67.15,2.755,,,,,,False,128107,0.0,False,Between 100k and 150k
25,2010-09-03,2010,3,9,685700.08,71.17,2.715,,,,,,False,128107,0.0,False,Between 100k and 150k
25,2010-09-10,2010,3,9,655811.9500000001,61.14,2.699,,,,,,True,128107,0.0,False,Between 100k and 150k
25,2010-09-17,2010,3,9,628989.88,60.13,2.706,,,,,,False,128107,0.0,False,Between 100k and 150k
25,2010-09-24,2010,3,9,607819.33,65.06,2.713,,,,,,False,128107,0.0,False,Between 100k and 150k
25,2010-10-01,2010,4,10,658640.14,57.56,2.707,,,,,,False,128107,0.0,False,Between 100k and 150k
25,2010-10-08,2010,4,10,674283.86,48.46,2.764,,,,,,False,128107,0.0,False,Between 100k and 150k
25,2010-10-15,2010,4,10,616094.72,54.09,2.868,,,,,,False,128107,0.0,False,Between 100k and 150k
25,2010-10-22,2010,4,10,661644.19,46.73,2.917,,,,,,False,128107,0.0,False,Between 100k and 150k
25,2010-10-29,2010,4,10,674458.03,55.72,2.921,,,,,,False,128107,0.0,False,Between 100k and 150k
25,2010-11-05,2010,4,11,696314.53,38.8,2.917,,,,,,False,128107,0.0,False,Between 100k and 150k
25,2010-11-12,2010,4,11,713250.08,40.68,2.931,,,,,,False,128107,0.0,False,Between 100k and 150k
25,2010-11-19,2010,4,11,718056.73,42.72,3.0,,,,,,False,128107,0.0,False,Between 100k and 150k
25,2010-11-26,2010,4,11,1115240.61,43.43,3.039,,,,,,True,128107,0.0,False,Between 100k and 150k
25,2010-12-03,2010,4,12,885572.96,32.41,3.046,,,,,,False,128107,0.0,False,Between 100k and 150k
25,2010-12-10,2010,4,12,964729.18,22.65,3.109,,,,,,False,128107,0.0,False,Between 100k and 150k
25,2010-12-17,2010,4,12,1047707.59,21.6,3.14,,,,,,False,128107,0.0,False,Between 100k and 150k
25,2010-12-24,2010,4,12,1295391.19,22.94,3.141,,,,,,False,128107,0.0,False,Between 100k and 150k
25,2010-12-31,2010,4,12,623092.54,25.89,3.179,,,,,,True,128107,0.0,False,Between 100k and 150k
25,2011-01-07,2011,1,1,558794.63,29.0,3.193,,,,,,False,128107,0.0,False,Between 100k and 150k
25,2011-01-14,2011,1,1,572360.83,18.3,3.205,,,,,,False,128107,0.0,False,Between 100k and 150k
25,2011-01-21,2011,1,1,568093.57,23.21,3.229,,,,,,False,128107,0.0,False,Between 100k and 150k
25,2011-01-28,2011,1,1,600448.6900000001,18.92,3.237,,,,,,False,128107,0.0,False,Between 100k and 150k
25,2011-02-04,2011,1,2,639830.45,23.94,3.231,,,,,,False,128107,0.0,False,Between 100k and 150k
25,2011-02-11,2011,1,2,615666.78,21.18,3.239,,,,,,True,128107,0.0,False,Between 100k and 150k
25,2011-02-18,2011,1,2,634637.03,38.42,3.245,,,,,,False,128107,0.0,False,Between 100k and 150k
25,2011-02-25,2011,1,2,570816.34,28.36,3.274,,,,,,False,128107,0.0,False,Between 100k and 150k
25,2011-03-04,2011,1,3,640912.1799999999,31.59,3.433,,,,,,False,128107,0.0,False,Between 100k and 150k
25,2011-03-11,2011,1,3,599828.39,36.73,3.582,,,,,,False,128107,0.0,False,Between 100k and 150k
25,2011-03-18,2011,1,3,603393.64,40.94,3.631,,,,,,False,128107,0.0,False,Between 100k and 150k
25,2011-03-25,2011,1,3,616324.24,38.51,3.625,,,,,,False,128107,0.0,False,Between 100k and 150k
25,2011-04-01,2011,2,4,618377.79,28.5,3.638,,,,,,False,128107,0.0,False,Between 100k and 150k
25,2011-04-08,2011,2,4,648606.13,42.11,3.72,,,,,,False,128107,0.0,False,Between 100k and 150k
25,2011-04-15,2011,2,4,674562.45,51.43,3.821,,,,,,False,128107,0.0,False,Between 100k and 150k
25,2011-04-22,2011,2,4,756588.42,45.87,3.892,,,,,,False,128107,0.0,False,Between 100k and 150k
25,2011-04-29,2011,2,4,649245.0,58.43,3.962,,,,,,False,128107,0.0,False,Between 100k and 150k
25,2011-05-06,2011,2,5,659446.55,49.5,4.046,,,,,,False,128107,0.0,False,Between 100k and 150k
25,2011-05-13,2011,2,5,684783.15,60.1,4.066,,,,,,False,128107,0.0,False,Between 100k and 150k
25,2011-05-20,2011,2,5,677971.33,56.56,4.062,,,,,,False,128107,0.0,False,Between 100k and 150k
25,2011-05-27,2011,2,5,718373.9400000001,67.18,3.985,,,,,,False,128107,0.0,False,Between 100k and 150k
25,2011-06-03,2011,2,6,737551.74,70.69,3.922,,,,,,False,128107,0.0,False,Between 100k and 150k
25,2011-06-10,2011,2,6,740259.63,71.45,3.881,,,,,,False,128107,0.0,False,Between 100k and 150k
25,2011-06-17,2011,2,6,717373.43,63.58,3.842,,,,,,False,128107,0.0,False,Between 100k and 150k
25,2011-06-24,2011,2,6,699270.1,70.71,3.804,,,,,,False,128107,0.0,False,Between 100k and 150k
25,2011-07-01,2011,3,7,706206.86,66.61,3.748,,,,,,False,128107,0.0,False,Between 100k and 150k
25,2011-07-08,2011,3,7,698529.64,71.64,3.711,,,,,,False,128107,0.0,False,Between 100k and 150k
25,2011-07-15,2011,3,7,680510.23,72.67,3.76,,,,,,False,128107,0.0,False,Between 100k and 150k
25,2011-07-22,2011,3,7,670854.96,78.1,3.811,,,,,,False,128107,0.0,False,Between 100k and 150k
25,2011-07-29,2011,3,7,668390.82,74.72,3.829,,,,,,False,128107,0.0,False,Between 100k and 150k
25,2011-08-05,2011,3,8,679706.01,74.0,3.842,,,,,,False,128107,0.0,False,Between 100k and 150k
25,2011-08-12,2011,3,8,667130.48,70.93,3.812,,,,,,False,128107,0.0,False,Between 100k and 150k
25,2011-08-19,2011,3,8,688958.75,68.09,3.747,,,,,,False,128107,0.0,False,Between 100k and 150k
25,2011-08-26,2011,3,8,726422.55,66.8,3.704,,,,,,False,128107,0.0,False,Between 100k and 150k
25,2011-09-02,2011,3,9,699779.0,67.2,3.703,,,,,,False,128107,0.0,False,Between 100k and 150k
25,2011-09-09,2011,3,9,673248.48,67.51,3.738,,,,,,True,128107,0.0,False,Between 100k and 150k
25,2011-09-16,2011,3,9,628720.46,62.05,3.742,,,,,,False,128107,0.0,False,Between 100k and 150k
25,2011-09-23,2011,3,9,620885.93,60.28,3.711,,,,,,False,128107,0.0,False,Between 100k and 150k
25,2011-09-30,2011,3,9,639160.24,60.7,3.645,,,,,,False,128107,0.0,False,Between 100k and 150k
25,2011-10-07,2011,4,10,671522.87,50.82,3.583,,,,,,False,128107,0.0,False,Between 100k and 150k
25,2011-10-14,2011,4,10,646915.47,58.95,3.541,,,,,,False,128107,0.0,False,Between 100k and 150k
25,2011-10-21,2011,4,10,690675.5,50.22,3.57,,,,,,False,128107,0.0,False,Between 100k and 150k
25,2011-10-28,2011,4,10,724443.97,46.28,3.569,,,,,,False,128107,0.0,False,Between 100k and 150k
25,2011-11-04,2011,4,11,718393.61,40.88,3.551,,,,,,False,128107,0.0,False,Between 100k and 150k
25,2011-11-11,2011,4,11,719235.07,44.81,3.53,7642.65,8851.65,196.09,3286.86,3287.36,False,128107,23264.61,True,Between 100k and 150k
25,2011-11-18,2011,4,11,728525.6,46.41,3.53,6165.27,168.82,94.85,267.01,3687.92,False,128107,10383.87,True,Between 100k and 150k
25,2011-11-25,2011,4,11,1116211.3900000001,43.49,3.492,208.47,65.0,58539.77,6.47,926.72,True,128107,59746.43,True,Between 100k and 150k
25,2011-12-02,2011,4,12,878314.5700000001,42.85,3.452,3425.95,34.0,1200.12,4106.92,15164.5,False,128107,23931.489999999998,True,Between 100k and 150k
25,2011-12-09,2011,4,12,916446.02,38.69,3.415,5549.98,64.0,256.97,2761.65,8753.69,False,128107,17386.29,True,Between 100k and 150k
25,2011-12-16,2011,4,12,997502.47,33.09,3.413,4548.64,61.0,602.21,282.11,1932.2,False,128107,7426.16,True,Between 100k and 150k
25,2011-12-23,2011,4,12,1290532.97,36.56,3.389,2729.99,80.12,1689.22,26.97,3547.38,False,128107,8073.68,True,Between 100k and 150k
25,2011-12-30,2011,4,12,683665.37,32.42,3.389,4624.26,49913.53,177.05,407.17,2515.09,True,128107,57637.100000000006,True,Between 100k and 150k
25,2012-01-06,2012,1,1,636419.12,30.23,3.422,8642.2,26833.97,25.94,1092.98,3714.33,False,128107,40309.420000000006,True,Between 100k and 150k
25,2012-01-13,2012,1,1,614764.31,34.6,3.513,2459.51,10718.26,0.92,506.45,3277.12,False,128107,16962.260000000002,True,Between 100k and 150k
25,2012-01-20,2012,1,1,594744.89,23.87,3.533,577.2,3417.28,4.0,5.85,1684.31,False,128107,5688.64,True,Between 100k and 150k
25,2012-01-27,2012,1,1,589554.29,32.24,3.567,2683.99,2193.97,,901.08,2783.8,False,128107,8562.84,True,Between 100k and 150k
25,2012-02-03,2012,1,2,642776.4,34.98,3.617,38223.59,4566.23,21.92,42448.94,5621.09,False,128107,90881.76999999999,True,Between 100k and 150k
25,2012-02-10,2012,1,2,658984.38,32.47,3.64,17655.4,5620.25,12.82,16909.35,6645.05,True,128107,46842.87,True,Between 100k and 150k
25,2012-02-17,2012,1,2,654088.02,32.23,3.695,25926.69,9583.33,1.0,8768.42,6263.7,False,128107,50543.13999999999,True,Between 100k and 150k
25,2012-02-24,2012,1,2,613501.05,35.51,3.739,10504.05,7242.9,,5556.78,3596.69,False,128107,26900.419999999995,True,Between 100k and 150k
25,2012-03-02,2012,1,3,643155.89,36.01,3.816,14860.09,3050.12,21.38,12085.01,1327.97,False,128107,31344.57,True,Between 100k and 150k
25,2012-03-09,2012,1,3,643711.53,37.44,3.848,11412.9,944.64,0.7,13264.83,3951.01,False,128107,29574.08,True,Between 100k and 150k
25,2012-03-16,2012,1,3,638204.27,50.64,3.862,5366.06,185.14,4.18,845.05,1221.53,False,128107,7621.960000000001,True,Between 100k and 150k
25,2012-03-23,2012,1,3,672831.78,62.7,3.9,3406.88,247.61,0.93,2689.25,1301.78,False,128107,7646.45,True,Between 100k and 150k
25,2012-03-30,2012,1,3,684348.92,47.92,3.953,10660.1,225.11,1.5,2560.04,4748.1,False,128107,18194.85,True,Between 100k and 150k
25,2012-04-06,2012,2,4,791356.9,44.73,3.996,10782.56,,25.79,1973.99,4389.28,False,128107,17171.62,True,Between 100k and 150k
25,2012-04-13,2012,2,4,658691.56,42.46,4.044,5432.06,4239.57,8.35,789.18,1044.74,False,128107,11513.900000000001,True,Between 100k and 150k
25,2012-04-20,2012,2,4,661566.48,57.1,4.027,4862.43,2190.68,9.16,787.22,2870.05,False,128107,10719.54,True,Between 100k and 150k
25,2012-04-27,2012,2,4,655157.32,44.2,4.004,4318.51,5.24,5.83,62.58,1828.28,False,128107,6220.44,True,Between 100k and 150k
25,2012-05-04,2012,2,5,696421.72,58.76,3.951,7221.1,,112.95,2512.32,1777.09,False,128107,11623.460000000001,True,Between 100k and 150k
25,2012-05-11,2012,2,5,739866.16,59.21,3.889,16186.46,,23.05,4625.4,2037.11,False,128107,22872.019999999997,True,Between 100k and 150k
25,2012-05-18,2012,2,5,717207.19,58.21,3.848,7191.69,,1.7,640.51,1793.42,False,128107,9627.32,True,Between 100k and 150k
25,2012-05-25,2012,2,5,783371.02,67.69,3.798,5154.82,,391.45,1581.91,2164.96,False,128107,9293.14,True,Between 100k and 150k
25,2012-06-01,2012,2,6,694765.95,69.54,3.742,6667.97,38.4,40.85,544.94,2765.31,False,128107,10057.47,True,Between 100k and 150k
25,2012-06-08,2012,2,6,730254.19,58.48,3.689,9024.73,207.4,64.04,2897.69,4748.56,False,128107,16942.420000000002,True,Between 100k and 150k
25,2012-06-15,2012,2,6,753860.89,68.34,3.62,5987.75,147.2,100.04,1735.9,3500.18,False,128107,11471.07,True,Between 100k and 150k
25,2012-06-22,2012,2,6,721601.9,73.52,3.564,9127.63,467.6,30.29,3543.14,5417.88,False,128107,18586.54,True,Between 100k and 150k
25,2012-06-29,2012,2,6,718890.8099999999,69.84,3.506,3374.98,537.8,,712.78,1992.95,False,128107,6618.509999999999,True,Between 100k and 150k
25,2012-07-06,2012,3,7,753385.5499999999,75.52,3.475,7926.21,399.7,40.32,4541.86,4619.98,False,128107,17528.07,True,Between 100k and 150k
25,2012-07-13,2012,3,7,714093.95,73.87,3.523,7262.73,45.6,18.01,1803.13,1354.39,False,128107,10483.86,True,Between 100k and 150k
25,2012-07-20,2012,3,7,685676.58,74.32,3.567,4170.08,227.91,14.1,3456.58,2629.71,False,128107,10498.380000000001,True,Between 100k and 150k
25,2012-07-27,2012,3,7,659109.53,72.98,3.647,6287.52,582.48,2.07,2505.39,1521.67,False,128107,10899.13,True,Between 100k and 150k
25,2012-08-03,2012,3,8,709724.6,72.08,3.654,14653.91,1155.02,13.07,10978.83,2021.96,False,128107,28822.79,True,Between 100k and 150k
25,2012-08-10,2012,3,8,710496.97,71.93,3.722,21796.09,67.99,5.1,14696.25,3555.23,False,128107,40120.66,True,Between 100k and 150k
25,2012-08-17,2012,3,8,728467.72,66.99,3.807,7258.16,2.2,0.6,4015.19,780.22,False,128107,12056.369999999999,True,Between 100k and 150k
25,2012-08-24,2012,3,8,756527.64,64.53,3.834,7693.13,69.6,50.0,2360.4,3561.61,False,128107,13734.740000000002,True,Between 100k and 150k
25,2012-08-31,2012,3,8,714828.73,68.55,3.867,11407.22,15.4,68.64,3827.68,2540.33,False,128107,17859.269999999997,True,Between 100k and 150k
25,2012-09-07,2012,3,9,671482.9,72.79,3.911,15308.07,,22.06,5643.24,1903.09,True,128107,22876.46,True,Between 100k and 150k
25,2012-09-14,2012,3,9,657241.63,60.9,3.948,6748.95,,3.15,968.4,6124.49,False,128107,13844.989999999998,True,Between 100k and 150k
25,2012-09-21,2012,3,9,664745.2,57.6,4.038,7709.27,17.82,61.88,802.77,8294.38,False,128107,16886.12,True,Between 100k and 150k
25,2012-09-28,2012,3,9,683300.84,54.52,3.997,5110.78,11.0,10.66,149.01,3098.09,False,128107,8379.54,True,Between 100k and 150k
25,2012-10-05,2012,4,10,699536.73,57.58,3.985,5884.18,,3.27,3357.56,1343.85,False,128107,10588.86,True,Between 100k and 150k
25,2012-10-12,2012,4,10,697317.41,43.74,4.0,4284.26,,11.59,1227.84,1959.27,False,128107,7482.960000000001,True,Between 100k and 150k
25,2012-10-19,2012,4,10,685531.85,51.93,3.969,3121.82,,21.48,136.45,3412.8,False,128107,6692.55,True,Between 100k and 150k
25,2012-10-26,2012,4,10,688940.9400000001,56.69,3.882,4805.66,84.19,,1073.49,730.76,False,128107,6694.099999999999,True,Between 100k and 150k
26,2010-02-05,2010,1,2,1034119.21,9.55,2.788,,,,,,False,152513,0.0,False,Between 150k and 200k
26,2010-02-12,2010,1,2,1015684.0900000001,18.14,2.771,,,,,,True,152513,0.0,False,Between 150k and 200k
26,2010-02-19,2010,1,2,999348.55,22.62,2.747,,,,,,False,152513,0.0,False,Between 150k and 200k
26,2010-02-26,2010,1,2,855385.01,27.32,2.753,,,,,,False,152513,0.0,False,Between 150k and 200k
26,2010-03-05,2010,1,3,1005669.58,28.6,2.766,,,,,,False,152513,0.0,False,Between 150k and 200k
26,2010-03-12,2010,1,3,963382.09,31.1,2.805,,,,,,False,152513,0.0,False,Between 150k and 200k
26,2010-03-19,2010,1,3,903366.55,35.34,2.834,,,,,,False,152513,0.0,False,Between 150k and 200k
26,2010-03-26,2010,1,3,893613.0,35.26,2.831,,,,,,False,152513,0.0,False,Between 150k and 200k
26,2010-04-02,2010,2,4,1029849.2,36.53,2.826,,,,,,False,152513,0.0,False,Between 150k and 200k
26,2010-04-09,2010,2,4,1022293.81,50.13,2.849,,,,,,False,152513,0.0,False,Between 150k and 200k
26,2010-04-16,2010,2,4,905548.38,36.6,2.885,,,,,,False,152513,0.0,False,Between 150k and 200k
26,2010-04-23,2010,2,4,881930.87,39.68,2.895,,,,,,False,152513,0.0,False,Between 150k and 200k
26,2010-04-30,2010,2,4,904503.85,40.56,2.935,,,,,,False,152513,0.0,False,Between 150k and 200k
26,2010-05-07,2010,2,5,1074479.73,54.72,2.981,,,,,,False,152513,0.0,False,Between 150k and 200k
26,2010-05-14,2010,2,5,972663.59,39.08,2.983,,,,,,False,152513,0.0,False,Between 150k and 200k
26,2010-05-21,2010,2,5,986765.01,50.81,2.961,,,,,,False,152513,0.0,False,Between 150k and 200k
26,2010-05-28,2010,2,5,1069851.59,61.65,2.906,,,,,,False,152513,0.0,False,Between 150k and 200k
26,2010-06-04,2010,2,6,1003202.66,58.46,2.857,,,,,,False,152513,0.0,False,Between 150k and 200k
26,2010-06-11,2010,2,6,1073862.59,51.62,2.83,,,,,,False,152513,0.0,False,Between 150k and 200k
26,2010-06-18,2010,2,6,1001286.67,53.62,2.805,,,,,,False,152513,0.0,False,Between 150k and 200k
26,2010-06-25,2010,2,6,976242.09,63.78,2.81,,,,,,False,152513,0.0,False,Between 150k and 200k
26,2010-07-02,2010,3,7,1078455.48,58.9,2.815,,,,,,False,152513,0.0,False,Between 150k and 200k
26,2010-07-09,2010,3,7,1122356.53,71.08,2.806,,,,,,False,152513,0.0,False,Between 150k and 200k
26,2010-07-16,2010,3,7,1028151.72,67.66,2.796,,,,,,False,152513,0.0,False,Between 150k and 200k
26,2010-07-23,2010,3,7,971615.62,65.4,2.784,,,,,,False,152513,0.0,False,Between 150k and 200k
26,2010-07-30,2010,3,7,1005324.28,63.79,2.792,,,,,,False,152513,0.0,False,Between 150k and 200k
26,2010-08-06,2010,3,8,1125329.77,62.93,2.792,,,,,,False,152513,0.0,False,Between 150k and 200k
26,2010-08-13,2010,3,8,1011938.29,61.58,2.81,,,,,,False,152513,0.0,False,Between 150k and 200k
26,2010-08-20,2010,3,8,1007385.36,62.68,2.796,,,,,,False,152513,0.0,False,Between 150k and 200k
26,2010-08-27,2010,3,8,977322.52,57.23,2.77,,,,,,False,152513,0.0,False,Between 150k and 200k
26,2010-09-03,2010,3,9,1037549.7100000001,66.93,2.735,,,,,,False,152513,0.0,False,Between 150k and 200k
26,2010-09-10,2010,3,9,1042226.2999999999,54.82,2.717,,,,,,True,152513,0.0,False,Between 150k and 200k
26,2010-09-17,2010,3,9,923473.7,50.08,2.716,,,,,,False,152513,0.0,False,Between 150k and 200k
26,2010-09-24,2010,3,9,868636.3,52.47,2.718,,,,,,False,152513,0.0,False,Between 150k and 200k
26,2010-10-01,2010,4,10,923221.52,57.8,2.717,,,,,,False,152513,0.0,False,Between 150k and 200k
26,2010-10-08,2010,4,10,1001069.52,46.81,2.776,,,,,,False,152513,0.0,False,Between 150k and 200k
26,2010-10-15,2010,4,10,937956.89,39.93,2.878,,,,,,False,152513,0.0,False,Between 150k and 200k
26,2010-10-22,2010,4,10,916522.66,36.13,2.919,,,,,,False,152513,0.0,False,Between 150k and 200k
26,2010-10-29,2010,4,10,895069.88,40.3,2.938,,,,,,False,152513,0.0,False,Between 150k and 200k
26,2010-11-05,2010,4,11,970224.51,30.51,2.938,,,,,,False,152513,0.0,False,Between 150k and 200k
26,2010-11-12,2010,4,11,971193.01,37.51,2.961,,,,,,False,152513,0.0,False,Between 150k and 200k
26,2010-11-19,2010,4,11,901972.7000000001,36.73,3.03,,,,,,False,152513,0.0,False,Between 150k and 200k
26,2010-11-26,2010,4,11,1286833.6199999999,28.11,3.07,,,,,,True,152513,0.0,False,Between 150k and 200k
26,2010-12-03,2010,4,12,1016143.64,27.73,3.065,,,,,,False,152513,0.0,False,Between 150k and 200k
26,2010-12-10,2010,4,12,1149612.04,16.6,3.132,,,,,,False,152513,0.0,False,Between 150k and 200k
26,2010-12-17,2010,4,12,1196813.33,20.61,3.139,,,,,,False,152513,0.0,False,Between 150k and 200k
26,2010-12-24,2010,4,12,1573982.47,21.81,3.15,,,,,,False,152513,0.0,False,Between 150k and 200k
26,2010-12-31,2010,4,12,877268.29,18.73,3.177,,,,,,True,152513,0.0,False,Between 150k and 200k
26,2011-01-07,2011,1,1,938149.21,21.13,3.193,,,,,,False,152513,0.0,False,Between 150k and 200k
26,2011-01-14,2011,1,1,812323.29,16.7,3.215,,,,,,False,152513,0.0,False,Between 150k and 200k
26,2011-01-21,2011,1,1,809833.21,12.98,3.232,,,,,,False,152513,0.0,False,Between 150k and 200k
26,2011-01-28,2011,1,1,817485.14,5.54,3.243,,,,,,False,152513,0.0,False,Between 150k and 200k
26,2011-02-04,2011,1,2,911807.02,11.17,3.24,,,,,,False,152513,0.0,False,Between 150k and 200k
26,2011-02-11,2011,1,2,1010711.08,15.12,3.255,,,,,,True,152513,0.0,False,Between 150k and 200k
26,2011-02-18,2011,1,2,981978.02,19.63,3.263,,,,,,False,152513,0.0,False,Between 150k and 200k
26,2011-02-25,2011,1,2,910298.44,16.3,3.281,,,,,,False,152513,0.0,False,Between 150k and 200k
26,2011-03-04,2011,1,3,945643.17,14.31,3.437,,,,,,False,152513,0.0,False,Between 150k and 200k
26,2011-03-11,2011,1,3,946614.55,28.13,3.6,,,,,,False,152513,0.0,False,Between 150k and 200k
26,2011-03-18,2011,1,3,887426.12,31.76,3.634,,,,,,False,152513,0.0,False,Between 150k and 200k
26,2011-03-25,2011,1,3,866566.5399999999,22.99,3.624,,,,,,False,152513,0.0,False,Between 150k and 200k
26,2011-04-01,2011,2,4,849231.61,22.99,3.638,,,,,,False,152513,0.0,False,Between 150k and 200k
26,2011-04-08,2011,2,4,985229.8099999999,29.09,3.72,,,,,,False,152513,0.0,False,Between 150k and 200k
26,2011-04-15,2011,2,4,863266.12,39.46,3.823,,,,,,False,152513,0.0,False,Between 150k and 200k
26,2011-04-22,2011,2,4,921700.61,33.81,3.919,,,,,,False,152513,0.0,False,Between 150k and 200k
26,2011-04-29,2011,2,4,873450.29,47.17,3.988,,,,,,False,152513,0.0,False,Between 150k and 200k
26,2011-05-06,2011,2,5,1024778.23,45.0,4.078,,,,,,False,152513,0.0,False,Between 150k and 200k
26,2011-05-13,2011,2,5,941008.85,48.2,4.095,,,,,,False,152513,0.0,False,Between 150k and 200k
26,2011-05-20,2011,2,5,938334.62,48.86,4.101,,,,,,False,152513,0.0,False,Between 150k and 200k
26,2011-05-27,2011,2,5,996723.58,56.74,4.034,,,,,,False,152513,0.0,False,Between 150k and 200k
26,2011-06-03,2011,2,6,1054454.4,60.49,3.973,,,,,,False,152513,0.0,False,Between 150k and 200k
26,2011-06-10,2011,2,6,1094058.68,59.85,3.924,,,,,,False,152513,0.0,False,Between 150k and 200k
26,2011-06-17,2011,2,6,981646.46,54.5,3.873,,,,,,False,152513,0.0,False,Between 150k and 200k
26,2011-06-24,2011,2,6,997474.93,56.94,3.851,,,,,,False,152513,0.0,False,Between 150k and 200k
26,2011-07-01,2011,3,7,1070119.09,59.89,3.815,,,,,,False,152513,0.0,False,Between 150k and 200k
26,2011-07-08,2011,3,7,1133807.03,63.34,3.784,,,,,,False,152513,0.0,False,Between 150k and 200k
26,2011-07-15,2011,3,7,1021534.7,64.43,3.827,,,,,,False,152513,0.0,False,Between 150k and 200k
26,2011-07-22,2011,3,7,1017867.8,69.52,3.882,,,,,,False,152513,0.0,False,Between 150k and 200k
26,2011-07-29,2011,3,7,1005360.5,63.32,3.898,,,,,,False,152513,0.0,False,Between 150k and 200k
26,2011-08-05,2011,3,8,1107552.43,63.16,3.903,,,,,,False,152513,0.0,False,Between 150k and 200k
26,2011-08-12,2011,3,8,1087644.5,62.99,3.88,,,,,,False,152513,0.0,False,Between 150k and 200k
26,2011-08-19,2011,3,8,1021766.75,60.58,3.82,,,,,,False,152513,0.0,False,Between 150k and 200k
26,2011-08-26,2011,3,8,1064617.6199999999,61.1,3.796,,,,,,False,152513,0.0,False,Between 150k and 200k
26,2011-09-02,2011,3,9,1040143.14,59.67,3.784,,,,,,False,152513,0.0,False,Between 150k and 200k
26,2011-09-09,2011,3,9,1069710.97,60.98,3.809,,,,,,True,152513,0.0,False,Between 150k and 200k
26,2011-09-16,2011,3,9,951569.84,55.19,3.809,,,,,,False,152513,0.0,False,Between 150k and 200k
26,2011-09-23,2011,3,9,923644.6,50.72,3.758,,,,,,False,152513,0.0,False,Between 150k and 200k
26,2011-09-30,2011,3,9,959339.51,59.42,3.684,,,,,,False,152513,0.0,False,Between 150k and 200k
26,2011-10-07,2011,4,10,1130022.99,46.84,3.633,,,,,,False,152513,0.0,False,Between 150k and 200k
26,2011-10-14,2011,4,10,987886.08,53.91,3.583,,,,,,False,152513,0.0,False,Between 150k and 200k
26,2011-10-21,2011,4,10,974907.28,45.23,3.618,,,,,,False,152513,0.0,False,Between 150k and 200k
26,2011-10-28,2011,4,10,972256.98,35.06,3.604,,,,,,False,152513,0.0,False,Between 150k and 200k
26,2011-11-04,2011,4,11,988950.75,31.7,3.586,,,,,,False,152513,0.0,False,Between 150k and 200k
26,2011-11-11,2011,4,11,1077640.13,40.08,3.57,7174.09,6889.46,292.44,1581.44,2399.33,False,152513,18336.760000000002,True,Between 150k and 200k
26,2011-11-18,2011,4,11,946091.79,37.78,3.571,5590.39,226.18,61.08,345.45,4332.53,False,152513,10555.630000000001,True,Between 150k and 200k
26,2011-11-25,2011,4,11,1282320.05,31.07,3.536,362.32,9.0,44999.94,,660.57,True,152513,46031.83,True,Between 150k and 200k
26,2011-12-02,2011,4,12,1012498.49,36.74,3.501,3343.0,9.0,955.74,1187.26,14774.79,False,152513,20269.79,True,Between 150k and 200k
26,2011-12-09,2011,4,12,1148987.46,34.24,3.47,4980.07,19.0,144.13,1669.69,6055.33,False,152513,12868.22,True,Between 150k and 200k
26,2011-12-16,2011,4,12,1204807.83,28.24,3.445,2698.03,,494.72,533.84,2670.1,False,152513,6396.6900000000005,True,Between 150k and 200k
26,2011-12-23,2011,4,12,1515175.01,22.53,3.413,699.47,0.09,1018.94,9.0,2816.25,False,152513,4543.75,True,Between 150k and 200k
26,2011-12-30,2011,4,12,972834.42,18.8,3.402,4124.23,34472.24,159.04,799.85,2194.68,True,152513,41750.04,True,Between 150k and 200k
26,2012-01-06,2012,1,1,971557.62,22.94,3.439,3352.77,17442.27,117.1,468.31,6344.32,False,152513,27724.77,True,Between 150k and 200k
26,2012-01-13,2012,1,1,836305.65,25.55,3.523,2153.82,6050.57,62.24,275.03,2511.4,False,152513,11053.06,True,Between 150k and 200k
26,2012-01-20,2012,1,1,838751.5,15.22,3.542,1673.31,3004.75,27.82,153.3,2092.05,False,152513,6951.23,True,Between 150k and 200k
26,2012-01-27,2012,1,1,820059.89,24.16,3.568,812.2,1267.64,32.5,13.76,1914.38,False,152513,4040.4800000000005,True,Between 150k and 200k
26,2012-02-03,2012,1,2,939158.25,25.24,3.633,35421.34,1596.92,74.14,20234.78,6541.84,False,152513,63869.01999999999,True,Between 150k and 200k
26,2012-02-10,2012,1,2,1081005.6400000001,23.89,3.655,5858.94,2569.2,13.42,5936.74,5874.01,True,152513,20252.309999999998,True,Between 150k and 200k
26,2012-02-17,2012,1,2,965788.76,23.9,3.703,11524.93,6005.06,1.04,3417.87,7086.22,False,152513,28035.120000000003,True,Between 150k and 200k
26,2012-02-24,2012,1,2,917924.47,28.06,3.751,7373.92,5211.81,3.2,2716.45,4114.28,False,152513,19419.66,True,Between 150k and 200k
26,2012-03-02,2012,1,3,955641.74,22.49,3.827,20215.36,1400.8,7.35,15485.84,2581.11,False,152513,39690.46,True,Between 150k and 200k
26,2012-03-09,2012,1,3,1028569.01,29.03,3.876,4540.15,480.42,1.98,387.57,3900.33,False,152513,9310.449999999999,True,Between 150k and 200k
26,2012-03-16,2012,1,3,919503.4,35.06,3.867,6977.12,161.0,3.99,1535.17,2084.52,False,152513,10761.8,True,Between 150k and 200k
26,2012-03-23,2012,1,3,874790.6799999999,49.97,3.889,4336.7,150.86,4.59,199.78,2239.64,False,152513,6931.57,True,Between 150k and 200k
26,2012-03-30,2012,1,3,922018.43,33.33,3.921,8827.14,169.73,12.75,981.6,3196.41,False,152513,13187.63,True,Between 150k and 200k
26,2012-04-06,2012,2,4,1116829.23,33.35,3.957,8674.08,,33.85,1128.16,3852.6,False,152513,13688.69,True,Between 150k and 200k
26,2012-04-13,2012,2,4,889670.29,36.9,4.025,3766.78,2941.14,24.34,1103.96,2536.7,False,152513,10372.92,True,Between 150k and 200k
26,2012-04-20,2012,2,4,923600.02,50.81,4.046,3275.87,865.21,36.58,154.69,3169.48,False,152513,7501.83,True,Between 150k and 200k
26,2012-04-27,2012,2,4,911969.0,43.6,4.023,1946.7,32.65,21.62,24.1,2152.4,False,152513,4177.47,True,Between 150k and 200k
26,2012-05-04,2012,2,5,946573.29,40.29,3.991,11484.78,,78.04,2449.14,2488.39,False,152513,16500.350000000002,True,Between 150k and 200k
26,2012-05-11,2012,2,5,1062548.73,47.11,3.947,8655.96,,108.57,842.81,2803.07,False,152513,12410.409999999998,True,Between 150k and 200k
26,2012-05-18,2012,2,5,978082.8400000001,52.55,3.899,6622.21,,45.9,550.47,2648.76,False,152513,9867.34,True,Between 150k and 200k
26,2012-05-25,2012,2,5,1067310.74,58.2,3.85,7166.44,,240.75,1942.28,2272.3,False,152513,11621.77,True,Between 150k and 200k
26,2012-06-01,2012,2,6,1015853.03,58.51,3.798,4810.9,3.0,110.44,662.3,2964.12,False,152513,8550.759999999998,True,Between 150k and 200k
26,2012-06-08,2012,2,6,1106176.83,49.43,3.746,7908.98,54.6,16.57,689.29,4172.84,False,152513,12842.279999999999,True,Between 150k and 200k
26,2012-06-15,2012,2,6,1029248.22,57.84,3.683,5833.29,153.8,254.03,851.83,3785.07,False,152513,10878.02,True,Between 150k and 200k
26,2012-06-22,2012,2,6,1056282.91,63.04,3.629,5543.88,372.0,103.99,1901.89,6556.54,False,152513,14478.3,True,Between 150k and 200k
26,2012-06-29,2012,2,6,1051190.44,60.71,3.577,3441.05,274.0,,256.82,2456.02,False,152513,6427.89,True,Between 150k and 200k
26,2012-07-06,2012,3,7,1180470.8,64.94,3.538,4894.97,230.0,19.39,3309.33,5437.93,False,152513,13891.62,True,Between 150k and 200k
26,2012-07-13,2012,3,7,1063149.78,64.47,3.561,6894.41,72.3,3.5,1114.8,1415.15,False,152513,9500.16,True,Between 150k and 200k
26,2012-07-20,2012,3,7,1049625.9,66.75,3.61,3072.39,35.8,13.8,1032.75,3437.32,False,152513,7592.0599999999995,True,Between 150k and 200k
26,2012-07-27,2012,3,7,1031745.14,64.12,3.701,3025.97,112.64,2.6,376.52,1155.13,False,152513,4672.86,True,Between 150k and 200k
26,2012-08-03,2012,3,8,1090915.09,65.6,3.698,28330.0,49.21,42.09,8478.97,3544.06,False,152513,40444.329999999994,True,Between 150k and 200k
26,2012-08-10,2012,3,8,1121476.51,67.01,3.772,5732.23,17.6,6.45,1524.63,2439.95,False,152513,9720.86,True,Between 150k and 200k
26,2012-08-17,2012,3,8,1068292.56,65.54,3.84,2430.95,16.0,5.54,829.7,3038.77,False,152513,6320.959999999999,True,Between 150k and 200k
26,2012-08-24,2012,3,8,1022704.2,62.08,3.874,4507.08,33.6,149.46,1866.46,4685.63,False,152513,11242.23,True,Between 150k and 200k
26,2012-08-31,2012,3,8,1053495.51,63.69,3.884,13118.17,3.4,86.31,2176.09,2555.38,False,152513,17939.35,True,Between 150k and 200k
26,2012-09-07,2012,3,9,1081874.03,61.58,3.921,4133.77,6.0,72.78,526.42,3514.48,True,152513,8253.45,True,Between 150k and 200k
26,2012-09-14,2012,3,9,986131.94,57.69,3.988,7606.73,,22.66,368.91,9072.93,False,152513,17071.23,True,Between 150k and 200k
26,2012-09-21,2012,3,9,961084.08,52.68,4.056,6916.18,3.82,,228.31,7025.39,False,152513,14173.7,True,Between 150k and 200k
26,2012-09-28,2012,3,9,964726.37,50.66,4.018,2409.15,7.64,0.22,1016.11,2465.17,False,152513,5898.29,True,Between 150k and 200k
26,2012-10-05,2012,4,10,1095504.26,54.07,4.027,3140.4,,3.24,1333.43,3283.83,False,152513,7760.9,True,Between 150k and 200k
26,2012-10-12,2012,4,10,1044639.69,45.19,4.029,1269.8,,15.38,317.73,7746.76,False,152513,9349.67,True,Between 150k and 200k
26,2012-10-19,2012,4,10,975578.02,43.51,4.0,1697.09,,2.64,106.35,2481.19,False,152513,4287.27,True,Between 150k and 200k
26,2012-10-26,2012,4,10,958619.8,46.95,3.917,1827.16,35.87,50.0,478.93,2088.65,False,152513,4480.610000000001,True,Between 150k and 200k
27,2010-02-05,2010,1,2,1874289.79,27.19,2.954,,,,,,False,204184,0.0,False,More than 200k
27,2010-02-12,2010,1,2,1745362.72,29.81,2.94,,,,,,True,204184,0.0,False,More than 200k
27,2010-02-19,2010,1,2,1945070.33,32.44,2.909,,,,,,False,204184,0.0,False,More than 200k
27,2010-02-26,2010,1,2,1390934.27,36.0,2.91,,,,,,False,204184,0.0,False,More than 200k
27,2010-03-05,2010,1,3,1313729.72,38.07,2.919,,,,,,False,204184,0.0,False,More than 200k
27,2010-03-12,2010,1,3,1925113.1199999999,45.98,2.938,,,,,,False,204184,0.0,False,More than 200k
27,2010-03-19,2010,1,3,1700627.97,49.04,2.96,,,,,,False,204184,0.0,False,More than 200k
27,2010-03-26,2010,1,3,1836714.84,52.34,2.963,,,,,,False,204184,0.0,False,More than 200k
27,2010-04-02,2010,2,4,2053952.97,46.9,2.957,,,,,,False,204184,0.0,False,More than 200k
27,2010-04-09,2010,2,4,1955814.13,62.62,2.992,,,,,,False,204184,0.0,False,More than 200k
27,2010-04-16,2010,2,4,1857500.96,54.95,3.01,,,,,,False,204184,0.0,False,More than 200k
27,2010-04-23,2010,2,4,1850205.47,53.91,3.021,,,,,,False,204184,0.0,False,More than 200k
27,2010-04-30,2010,2,4,1805885.04,53.55,3.042,,,,,,False,204184,0.0,False,More than 200k
27,2010-05-07,2010,2,5,1939458.84,69.02,3.095,,,,,,False,204184,0.0,False,More than 200k
27,2010-05-14,2010,2,5,1842465.78,53.82,3.112,,,,,,False,204184,0.0,False,More than 200k
27,2010-05-21,2010,2,5,1836595.58,63.31,3.096,,,,,,False,204184,0.0,False,More than 200k
27,2010-05-28,2010,2,5,1962468.67,67.88,3.046,,,,,,False,204184,0.0,False,More than 200k
27,2010-06-04,2010,2,6,2073102.59,74.29,3.006,,,,,,False,204184,0.0,False,More than 200k
27,2010-06-11,2010,2,6,1873812.93,68.9,2.972,,,,,,False,204184,0.0,False,More than 200k
27,2010-06-18,2010,2,6,1887182.27,70.0,2.942,,,,,,False,204184,0.0,False,More than 200k
27,2010-06-25,2010,2,6,1962625.01,78.02,2.958,,,,,,False,204184,0.0,False,More than 200k
27,2010-07-02,2010,3,7,2024554.1,76.25,2.958,,,,,,False,204184,0.0,False,More than 200k
27,2010-07-09,2010,3,7,2119163.01,82.69,2.94,,,,,,False,204184,0.0,False,More than 200k
27,2010-07-16,2010,3,7,1880691.64,78.26,2.933,,,,,,False,204184,0.0,False,More than 200k
27,2010-07-23,2010,3,7,1808250.71,81.56,2.924,,,,,,False,204184,0.0,False,More than 200k
27,2010-07-30,2010,3,7,1816489.53,79.78,2.932,,,,,,False,204184,0.0,False,More than 200k
27,2010-08-06,2010,3,8,1908036.68,77.45,2.942,,,,,,False,204184,0.0,False,More than 200k
27,2010-08-13,2010,3,8,1864436.12,77.36,2.923,,,,,,False,204184,0.0,False,More than 200k
27,2010-08-20,2010,3,8,1936878.46,75.16,2.913,,,,,,False,204184,0.0,False,More than 200k
27,2010-08-27,2010,3,8,1870684.21,70.31,2.885,,,,,,False,204184,0.0,False,More than 200k
27,2010-09-03,2010,3,9,1908110.9,78.52,2.86,,,,,,False,204184,0.0,False,More than 200k
27,2010-09-10,2010,3,9,1913494.81,70.38,2.837,,,,,,True,204184,0.0,False,More than 200k
27,2010-09-17,2010,3,9,1629978.46,64.5,2.846,,,,,,False,204184,0.0,False,More than 200k
27,2010-09-24,2010,3,9,1597002.71,67.08,2.837,,,,,,False,204184,0.0,False,More than 200k
27,2010-10-01,2010,4,10,1543532.83,70.19,2.84,,,,,,False,204184,0.0,False,More than 200k
27,2010-10-08,2010,4,10,1707662.87,57.78,2.903,,,,,,False,204184,0.0,False,More than 200k
27,2010-10-15,2010,4,10,1728388.2,58.38,2.999,,,,,,False,204184,0.0,False,More than 200k
27,2010-10-22,2010,4,10,1693935.29,52.82,3.049,,,,,,False,204184,0.0,False,More than 200k
27,2010-10-29,2010,4,10,1688955.49,61.02,3.055,,,,,,False,204184,0.0,False,More than 200k
27,2010-11-05,2010,4,11,1686010.02,45.91,3.049,,,,,,False,204184,0.0,False,More than 200k
27,2010-11-12,2010,4,11,1828010.25,45.9,3.065,,,,,,False,204184,0.0,False,More than 200k
27,2010-11-19,2010,4,11,1704785.74,50.81,3.138,,,,,,False,204184,0.0,False,More than 200k
27,2010-11-26,2010,4,11,2627910.75,46.67,3.186,,,,,,True,204184,0.0,False,More than 200k
27,2010-12-03,2010,4,12,1884343.67,41.81,3.2,,,,,,False,204184,0.0,False,More than 200k
27,2010-12-10,2010,4,12,2139733.68,30.83,3.255,,,,,,False,204184,0.0,False,More than 200k
27,2010-12-17,2010,4,12,2350098.36,31.62,3.301,,,,,,False,204184,0.0,False,More than 200k
27,2010-12-24,2010,4,12,3078162.08,31.34,3.309,,,,,,False,204184,0.0,False,More than 200k
27,2010-12-31,2010,4,12,1440963.0,29.59,3.336,,,,,,True,204184,0.0,False,More than 200k
27,2011-01-07,2011,1,1,1568159.48,34.42,3.351,,,,,,False,204184,0.0,False,More than 200k
27,2011-01-14,2011,1,1,1532308.6199999999,25.7,3.367,,,,,,False,204184,0.0,False,More than 200k
27,2011-01-21,2011,1,1,1517029.9,30.13,3.391,,,,,,False,204184,0.0,False,More than 200k
27,2011-01-28,2011,1,1,1421111.55,23.64,3.402,,,,,,False,204184,0.0,False,More than 200k
27,2011-02-04,2011,1,2,1628100.79,28.7,3.4,,,,,,False,204184,0.0,False,More than 200k
27,2011-02-11,2011,1,2,1636224.77,30.45,3.416,,,,,,True,204184,0.0,False,More than 200k
27,2011-02-18,2011,1,2,1709365.19,39.32,3.42,,,,,,False,204184,0.0,False,More than 200k
27,2011-02-25,2011,1,2,1688935.71,33.05,3.452,,,,,,False,204184,0.0,False,More than 200k
27,2011-03-04,2011,1,3,1656130.67,36.99,3.605,,,,,,False,204184,0.0,False,More than 200k
27,2011-03-11,2011,1,3,1613259.77,43.64,3.752,,,,,,False,204184,0.0,False,More than 200k
27,2011-03-18,2011,1,3,1624539.21,46.65,3.796,,,,,,False,204184,0.0,False,More than 200k
27,2011-03-25,2011,1,3,1554651.0799999998,40.11,3.789,,,,,,False,204184,0.0,False,More than 200k
27,2011-04-01,2011,2,4,1628868.28,37.27,3.811,,,,,,False,204184,0.0,False,More than 200k
27,2011-04-08,2011,2,4,1689844.18,46.87,3.895,,,,,,False,204184,0.0,False,More than 200k
27,2011-04-15,2011,2,4,1727175.6099999999,52.24,3.981,,,,,,False,204184,0.0,False,More than 200k
27,2011-04-22,2011,2,4,1921655.48,50.02,4.061,,,,,,False,204184,0.0,False,More than 200k
27,2011-04-29,2011,2,4,1642074.64,61.71,4.117,,,,,,False,204184,0.0,False,More than 200k
27,2011-05-06,2011,2,5,1757041.96,56.48,4.192,,,,,,False,204184,0.0,False,More than 200k
27,2011-05-13,2011,2,5,1763545.32,60.07,4.211,,,,,,False,204184,0.0,False,More than 200k
27,2011-05-20,2011,2,5,1725268.56,60.22,4.202,,,,,,False,204184,0.0,False,More than 200k
27,2011-05-27,2011,2,5,1820723.17,66.43,4.134,,,,,,False,204184,0.0,False,More than 200k
27,2011-06-03,2011,2,6,2053708.01,74.17,4.069,,,,,,False,204184,0.0,False,More than 200k
27,2011-06-10,2011,2,6,1817914.71,73.26,4.025,,,,,,False,204184,0.0,False,More than 200k
27,2011-06-17,2011,2,6,1814740.09,67.03,3.989,,,,,,False,204184,0.0,False,More than 200k
27,2011-06-24,2011,2,6,1811455.15,72.02,3.964,,,,,,False,204184,0.0,False,More than 200k
27,2011-07-01,2011,3,7,1949983.93,73.76,3.916,,,,,,False,204184,0.0,False,More than 200k
27,2011-07-08,2011,3,7,2000055.27,76.87,3.886,,,,,,False,204184,0.0,False,More than 200k
27,2011-07-15,2011,3,7,1762155.79,77.83,3.915,,,,,,False,204184,0.0,False,More than 200k
27,2011-07-22,2011,3,7,1754879.45,82.28,3.972,,,,,,False,204184,0.0,False,More than 200k
27,2011-07-29,2011,3,7,1744879.06,79.41,4.004,,,,,,False,204184,0.0,False,More than 200k
27,2011-08-05,2011,3,8,1747289.53,78.14,4.02,,,,,,False,204184,0.0,False,More than 200k
27,2011-08-12,2011,3,8,1758437.96,76.67,3.995,,,,,,False,204184,0.0,False,More than 200k
27,2011-08-19,2011,3,8,1781905.24,72.97,3.942,,,,,,False,204184,0.0,False,More than 200k
27,2011-08-26,2011,3,8,2034400.78,72.88,3.906,,,,,,False,204184,0.0,False,More than 200k
27,2011-09-02,2011,3,9,1511717.53,71.44,3.879,,,,,,False,204184,0.0,False,More than 200k
27,2011-09-09,2011,3,9,1911470.84,70.93,3.93,,,,,,True,204184,0.0,False,More than 200k
27,2011-09-16,2011,3,9,1613773.9,69.65,3.937,,,,,,False,204184,0.0,False,More than 200k
27,2011-09-23,2011,3,9,1606208.68,63.61,3.899,,,,,,False,204184,0.0,False,More than 200k
27,2011-09-30,2011,3,9,1599626.26,70.92,3.858,,,,,,False,204184,0.0,False,More than 200k
27,2011-10-07,2011,4,10,1672339.27,56.91,3.775,,,,,,False,204184,0.0,False,More than 200k
27,2011-10-14,2011,4,10,1682652.51,64.78,3.744,,,,,,False,204184,0.0,False,More than 200k
27,2011-10-21,2011,4,10,1689591.44,59.62,3.757,,,,,,False,204184,0.0,False,More than 200k
27,2011-10-28,2011,4,10,1710372.4,51.81,3.757,,,,,,False,204184,0.0,False,More than 200k
27,2011-11-04,2011,4,11,1621109.3,44.46,3.738,,,,,,False,204184,0.0,False,More than 200k
27,2011-11-11,2011,4,11,1800728.07,49.69,3.719,10710.56,44021.61,475.3,4235.07,4920.65,False,204184,64363.19,True,More than 200k
27,2011-11-18,2011,4,11,1723739.44,51.42,3.717,32812.24,5487.82,143.88,567.08,14703.26,False,204184,53714.28,True,More than 200k
27,2011-11-25,2011,4,11,2504400.71,47.88,3.689,164.01,27.47,73934.06,24.22,540.56,True,204184,74690.31999999999,True,More than 200k
27,2011-12-02,2011,4,12,1806924.74,50.55,3.666,5369.61,294.47,7008.02,3692.11,33247.0,False,204184,49611.21,True,More than 200k
27,2011-12-09,2011,4,12,2014665.98,46.28,3.627,4072.48,48.0,1800.87,1796.01,8867.17,False,204184,16584.53,True,More than 200k
27,2011-12-16,2011,4,12,2205919.86,40.68,3.611,7510.92,28.09,1049.3,1160.14,7853.48,False,204184,17601.93,True,More than 200k
27,2011-12-23,2011,4,12,2739019.75,41.59,3.587,2415.4,239.89,1438.33,209.34,2976.85,False,204184,7279.8099999999995,True,More than 200k
27,2011-12-30,2011,4,12,1650604.6,37.85,3.566,3650.53,50076.68,271.89,1009.78,1773.53,True,204184,56782.409999999996,True,More than 200k
27,2012-01-06,2012,1,1,1535287.4,35.8,3.585,9235.59,29675.22,526.36,2399.37,6290.52,False,204184,48127.06,True,More than 200k
27,2012-01-13,2012,1,1,1492399.1300000001,41.3,3.666,8081.05,16237.87,542.46,643.15,6238.31,False,204184,31742.840000000004,True,More than 200k
27,2012-01-20,2012,1,1,1542131.05,30.35,3.705,2754.17,9280.81,465.77,2567.91,1550.34,False,204184,16619.0,True,More than 200k
27,2012-01-27,2012,1,1,1263534.86,36.96,3.737,2789.03,4172.39,589.24,101.5,3857.29,False,204184,11509.45,True,More than 200k
27,2012-02-03,2012,1,2,1564246.02,42.52,3.796,62172.73,6256.0,530.81,67474.85,6129.6,False,204184,142563.99000000002,True,More than 200k
27,2012-02-10,2012,1,2,1651605.35,37.86,3.826,15591.32,6206.22,249.82,14000.53,8024.91,True,204184,44072.8,True,More than 200k
27,2012-02-17,2012,1,2,1606221.56,37.24,3.874,14655.15,10670.84,162.82,11286.99,1595.8,False,204184,38371.6,True,More than 200k
27,2012-02-24,2012,1,2,1648602.3900000001,41.74,3.917,16993.22,13384.32,9.6,8237.33,9045.21,False,204184,47669.68,True,More than 200k
27,2012-03-02,2012,1,3,1509323.09,40.07,3.983,28652.29,3088.37,109.25,35364.08,4464.45,False,204184,71678.44,True,More than 200k
27,2012-03-09,2012,1,3,1607343.41,44.32,4.021,14171.85,917.3,2.2,3614.57,4582.1,False,204184,23288.020000000004,True,More than 200k
27,2012-03-16,2012,1,3,1635984.07,49.6,4.021,7275.48,175.65,2.96,5193.68,2366.04,False,204184,15013.810000000001,True,More than 200k
27,2012-03-23,2012,1,3,1620839.34,57.3,4.054,4142.06,506.34,5.17,917.38,3467.03,False,204184,9037.980000000001,True,More than 200k
27,2012-03-30,2012,1,3,1615494.14,49.4,4.098,12705.56,180.11,7.59,2943.99,3495.93,False,204184,19333.18,True,More than 200k
27,2012-04-06,2012,2,4,1899013.3399999999,48.73,4.143,10800.82,,101.35,3079.87,5692.72,False,204184,19674.760000000002,True,More than 200k
27,2012-04-13,2012,2,4,1650405.21,52.22,4.187,5139.48,4770.63,53.84,1532.47,4176.9,False,204184,15673.32,True,More than 200k
27,2012-04-20,2012,2,4,1639999.47,62.62,4.17,12507.63,2681.1,99.95,1433.43,3244.98,False,204184,19967.09,True,More than 200k
27,2012-04-27,2012,2,4,1565498.84,52.33,4.163,6408.19,901.65,58.56,51.97,2182.32,False,204184,9602.69,True,More than 200k
27,2012-05-04,2012,2,5,1669388.45,53.68,4.124,19913.55,,213.38,5895.46,4687.08,False,204184,30709.47,True,More than 200k
27,2012-05-11,2012,2,5,1674306.31,58.97,4.055,10864.63,,244.98,2261.45,2840.03,False,204184,16211.089999999998,True,More than 200k
27,2012-05-18,2012,2,5,1707158.82,65.15,4.029,13340.68,,222.2,2225.5,2346.31,False,204184,18134.690000000002,True,More than 200k
27,2012-05-25,2012,2,5,1818906.73,64.77,3.979,11465.8,,380.15,2173.31,4183.07,False,204184,18202.329999999998,True,More than 200k
27,2012-06-01,2012,2,6,1900638.6,73.4,3.915,10283.49,31.2,245.41,4069.79,2775.35,False,204184,17405.239999999998,True,More than 200k
27,2012-06-08,2012,2,6,1764756.31,64.05,3.871,12921.09,414.6,95.99,1666.88,7819.11,False,204184,22917.670000000002,True,More than 200k
27,2012-06-15,2012,2,6,1773500.56,69.52,3.786,9943.48,614.9,15.0,3382.44,6779.57,False,204184,20735.39,True,More than 200k
27,2012-06-22,2012,2,6,1837884.79,73.23,3.722,9510.17,821.5,7.98,3928.13,6054.38,False,204184,20322.16,True,More than 200k
27,2012-06-29,2012,2,6,1842555.32,73.94,3.667,7582.01,585.9,,1019.28,3522.11,False,204184,12709.300000000001,True,More than 200k
27,2012-07-06,2012,3,7,2062224.92,82.08,3.646,12579.0,303.6,217.95,8280.23,7999.22,False,204184,29380.0,True,More than 200k
27,2012-07-13,2012,3,7,1755889.53,78.95,3.689,7264.26,219.2,31.1,4489.18,3102.22,False,204184,15105.960000000001,True,More than 200k
27,2012-07-20,2012,3,7,1730913.66,78.64,3.732,10835.89,164.46,21.51,3314.7,7302.33,False,204184,21638.89,True,More than 200k
27,2012-07-27,2012,3,7,1625883.71,76.01,3.82,8698.49,289.37,5.28,12205.87,3358.94,False,204184,24557.95,True,More than 200k
27,2012-08-03,2012,3,8,1705810.84,75.22,3.819,39317.03,194.67,64.32,25462.22,3161.43,False,204184,68199.67,True,More than 200k
27,2012-08-10,2012,3,8,1720537.26,78.44,3.863,5892.89,148.66,14.01,4147.47,5611.07,False,204184,15814.1,True,More than 200k
27,2012-08-17,2012,3,8,1735339.59,76.51,3.963,4017.25,33.65,6.2,1753.64,6783.58,False,204184,12594.32,True,More than 200k
27,2012-08-24,2012,3,8,1780443.3599999999,72.93,3.997,4757.01,85.3,371.06,3090.86,8212.53,False,204184,16516.760000000002,True,More than 200k
27,2012-08-31,2012,3,8,1731935.43,75.0,4.026,25371.97,59.81,276.58,6582.38,5400.13,False,204184,37690.87,True,More than 200k
27,2012-09-07,2012,3,9,1840955.23,76.0,4.076,18992.1,56.16,118.16,4511.15,7235.18,True,204184,30912.75,True,More than 200k
27,2012-09-14,2012,3,9,1519604.5,68.72,4.088,17121.4,17.82,18.5,2384.18,4270.34,False,204184,23812.24,True,More than 200k
27,2012-09-21,2012,3,9,1557485.75,66.1,4.203,18287.65,63.82,677.64,6039.37,3359.1,False,204184,28427.579999999998,True,More than 200k
27,2012-09-28,2012,3,9,1540687.6300000001,64.92,4.158,26306.03,39.82,55.24,11296.93,12954.12,False,204184,50652.14000000001,True,More than 200k
27,2012-10-05,2012,4,10,1591816.8800000001,64.5,4.151,16670.04,,40.02,5385.32,6733.38,False,204184,28828.760000000002,True,More than 200k
27,2012-10-12,2012,4,10,1660081.29,55.4,4.186,2177.62,,7.22,863.01,7931.82,False,204184,10979.669999999998,True,More than 200k
27,2012-10-19,2012,4,10,1620374.24,56.53,4.153,2639.32,,4.77,575.48,3147.23,False,204184,6366.8,True,More than 200k
27,2012-10-26,2012,4,10,1703047.74,58.99,4.071,7756.75,206.45,100.0,731.23,2174.84,False,204184,10969.27,True,More than 200k
28,2010-02-05,2010,1,2,1672352.29,49.47,2.962,,,,,,False,206302,0.0,False,More than 200k
28,2010-02-12,2010,1,2,1558968.49,47.87,2.946,,,,,,True,206302,0.0,False,More than 200k
28,2010-02-19,2010,1,2,1491300.42,54.83,2.915,,,,,,False,206302,0.0,False,More than 200k
28,2010-02-26,2010,1,2,1542173.33,50.23,2.825,,,,,,False,206302,0.0,False,More than 200k
28,2010-03-05,2010,1,3,1608435.45,53.77,2.987,,,,,,False,206302,0.0,False,More than 200k
28,2010-03-12,2010,1,3,1326877.11,50.11,2.925,,,,,,False,206302,0.0,False,More than 200k
28,2010-03-19,2010,1,3,1279819.43,59.57,3.054,,,,,,False,206302,0.0,False,More than 200k
28,2010-03-26,2010,1,3,1245268.77,60.06,3.083,,,,,,False,206302,0.0,False,More than 200k
28,2010-04-02,2010,2,4,1441559.4,59.84,3.086,,,,,,False,206302,0.0,False,More than 200k
28,2010-04-09,2010,2,4,1382359.21,59.25,3.09,,,,,,False,206302,0.0,False,More than 200k
28,2010-04-16,2010,2,4,1268240.66,64.95,3.109,,,,,,False,206302,0.0,False,More than 200k
28,2010-04-23,2010,2,4,1244177.21,64.55,3.05,,,,,,False,206302,0.0,False,More than 200k
28,2010-04-30,2010,2,4,1186971.02,67.38,3.105,,,,,,False,206302,0.0,False,More than 200k
28,2010-05-07,2010,2,5,1532893.22,70.15,3.127,,,,,,False,206302,0.0,False,More than 200k
28,2010-05-14,2010,2,5,1245898.73,68.44,3.145,,,,,,False,206302,0.0,False,More than 200k
28,2010-05-21,2010,2,5,1217923.71,76.2,3.12,,,,,,False,206302,0.0,False,More than 200k
28,2010-05-28,2010,2,5,1176588.25,67.84,3.058,,,,,,False,206302,0.0,False,More than 200k
28,2010-06-04,2010,2,6,1543678.02,81.39,2.941,,,,,,False,206302,0.0,False,More than 200k
28,2010-06-11,2010,2,6,1348995.17,90.84,2.949,,,,,,False,206302,0.0,False,More than 200k
28,2010-06-18,2010,2,6,1267619.06,81.06,3.043,,,,,,False,206302,0.0,False,More than 200k
28,2010-06-25,2010,2,6,1231025.07,87.27,3.084,,,,,,False,206302,0.0,False,More than 200k
28,2010-07-02,2010,3,7,1399960.15,91.98,3.105,,,,,,False,206302,0.0,False,More than 200k
28,2010-07-09,2010,3,7,1340293.87,90.37,3.1,,,,,,False,206302,0.0,False,More than 200k
28,2010-07-16,2010,3,7,1225336.41,97.18,3.094,,,,,,False,206302,0.0,False,More than 200k
28,2010-07-23,2010,3,7,1205884.98,99.22,3.112,,,,,,False,206302,0.0,False,More than 200k
28,2010-07-30,2010,3,7,1150204.71,96.31,3.017,,,,,,False,206302,0.0,False,More than 200k
28,2010-08-06,2010,3,8,1523101.3800000001,92.95,3.123,,,,,,False,206302,0.0,False,More than 200k
28,2010-08-13,2010,3,8,1218688.09,87.01,3.159,,,,,,False,206302,0.0,False,More than 200k
28,2010-08-20,2010,3,8,1195897.6,92.81,3.041,,,,,,False,206302,0.0,False,More than 200k
28,2010-08-27,2010,3,8,1191585.92,93.19,3.129,,,,,,False,206302,0.0,False,More than 200k
28,2010-09-03,2010,3,9,1523410.71,83.12,3.087,,,,,,False,206302,0.0,False,More than 200k
28,2010-09-10,2010,3,9,1246062.17,83.63,3.044,,,,,,True,206302,0.0,False,More than 200k
28,2010-09-17,2010,3,9,1159812.35,82.45,3.028,,,,,,False,206302,0.0,False,More than 200k
28,2010-09-24,2010,3,9,1111797.21,81.77,2.939,,,,,,False,206302,0.0,False,More than 200k
28,2010-10-01,2010,4,10,1203080.41,85.2,3.001,,,,,,False,206302,0.0,False,More than 200k
28,2010-10-08,2010,4,10,1334571.87,71.82,3.013,,,,,,False,206302,0.0,False,More than 200k
28,2010-10-15,2010,4,10,1158062.99,75.0,2.976,,,,,,False,206302,0.0,False,More than 200k
28,2010-10-22,2010,4,10,1120619.32,68.85,3.014,,,,,,False,206302,0.0,False,More than 200k
28,2010-10-29,2010,4,10,1231688.48,61.09,3.016,,,,,,False,206302,0.0,False,More than 200k
28,2010-11-05,2010,4,11,1501663.26,65.49,3.129,,,,,,False,206302,0.0,False,More than 200k
28,2010-11-12,2010,4,11,1266460.45,57.79,3.13,,,,,,False,206302,0.0,False,More than 200k
28,2010-11-19,2010,4,11,1179315.72,58.18,3.161,,,,,,False,206302,0.0,False,More than 200k
28,2010-11-26,2010,4,11,1937033.5,47.66,3.162,,,,,,True,206302,0.0,False,More than 200k
28,2010-12-03,2010,4,12,1447916.29,43.33,3.041,,,,,,False,206302,0.0,False,More than 200k
28,2010-12-10,2010,4,12,1466164.49,50.01,3.203,,,,,,False,206302,0.0,False,More than 200k
28,2010-12-17,2010,4,12,1510443.62,52.77,3.236,,,,,,False,206302,0.0,False,More than 200k
28,2010-12-24,2010,4,12,2026026.39,52.02,3.236,,,,,,False,206302,0.0,False,More than 200k
28,2010-12-31,2010,4,12,1090558.57,45.64,3.148,,,,,,True,206302,0.0,False,More than 200k
28,2011-01-07,2011,1,1,1402902.47,37.64,3.287,,,,,,False,206302,0.0,False,More than 200k
28,2011-01-14,2011,1,1,1098286.61,43.15,3.312,,,,,,False,206302,0.0,False,More than 200k
28,2011-01-21,2011,1,1,1079669.11,53.53,3.223,,,,,,False,206302,0.0,False,More than 200k
28,2011-01-28,2011,1,1,1127859.69,50.74,3.342,,,,,,False,206302,0.0,False,More than 200k
28,2011-02-04,2011,1,2,1564897.32,45.14,3.348,,,,,,False,206302,0.0,False,More than 200k
28,2011-02-11,2011,1,2,1397301.3800000001,51.3,3.381,,,,,,True,206302,0.0,False,More than 200k
28,2011-02-18,2011,1,2,1514828.82,53.35,3.43,,,,,,False,206302,0.0,False,More than 200k
28,2011-02-25,2011,1,2,1311796.91,48.45,3.53,,,,,,False,206302,0.0,False,More than 200k
28,2011-03-04,2011,1,3,1723736.9100000001,51.72,3.674,,,,,,False,206302,0.0,False,More than 200k
28,2011-03-11,2011,1,3,1380836.35,57.75,3.818,,,,,,False,206302,0.0,False,More than 200k
28,2011-03-18,2011,1,3,1286413.71,64.21,3.692,,,,,,False,206302,0.0,False,More than 200k
28,2011-03-25,2011,1,3,1201059.72,54.4,3.909,,,,,,False,206302,0.0,False,More than 200k
28,2011-04-01,2011,2,4,1336838.41,63.63,3.772,,,,,,False,206302,0.0,False,More than 200k
28,2011-04-08,2011,2,4,1414713.5,64.47,4.003,,,,,,False,206302,0.0,False,More than 200k
28,2011-04-15,2011,2,4,1240126.07,57.63,3.868,,,,,,False,206302,0.0,False,More than 200k
28,2011-04-22,2011,2,4,1297452.0,72.12,4.134,,,,,,False,206302,0.0,False,More than 200k
28,2011-04-29,2011,2,4,1222367.9000000001,68.27,4.151,,,,,,False,206302,0.0,False,More than 200k
28,2011-05-06,2011,2,5,1515890.3800000001,68.4,4.193,,,,,,False,206302,0.0,False,More than 200k
28,2011-05-13,2011,2,5,1253316.3,70.93,4.202,,,,,,False,206302,0.0,False,More than 200k
28,2011-05-20,2011,2,5,1151282.31,66.59,4.169,,,,,,False,206302,0.0,False,More than 200k
28,2011-05-27,2011,2,5,1160043.98,76.67,4.087,,,,,,False,206302,0.0,False,More than 200k
28,2011-06-03,2011,2,6,1403779.25,71.81,4.031,,,,,,False,206302,0.0,False,More than 200k
28,2011-06-10,2011,2,6,1339972.83,78.72,3.981,,,,,,False,206302,0.0,False,More than 200k
28,2011-06-17,2011,2,6,1268503.49,86.84,3.935,,,,,,False,206302,0.0,False,More than 200k
28,2011-06-24,2011,2,6,1208809.34,88.95,3.898,,,,,,False,206302,0.0,False,More than 200k
28,2011-07-01,2011,3,7,1319054.57,89.85,3.842,,,,,,False,206302,0.0,False,More than 200k
28,2011-07-08,2011,3,7,1459655.8499999999,89.9,3.705,,,,,,False,206302,0.0,False,More than 200k
28,2011-07-15,2011,3,7,1197373.13,88.1,3.692,,,,,,False,206302,0.0,False,More than 200k
28,2011-07-22,2011,3,7,1165870.54,91.17,3.794,,,,,,False,206302,0.0,False,More than 200k
28,2011-07-29,2011,3,7,1114530.29,93.29,3.805,,,,,,False,206302,0.0,False,More than 200k
28,2011-08-05,2011,3,8,1523870.8900000001,90.61,3.803,,,,,,False,206302,0.0,False,More than 200k
28,2011-08-12,2011,3,8,1218764.94,91.04,3.701,,,,,,False,206302,0.0,False,More than 200k
28,2011-08-19,2011,3,8,1200019.74,91.74,3.743,,,,,,False,206302,0.0,False,More than 200k
28,2011-08-26,2011,3,8,1166479.51,94.61,3.74,,,,,,False,206302,0.0,False,More than 200k
28,2011-09-02,2011,3,9,1468871.49,93.66,3.798,,,,,,False,206302,0.0,False,More than 200k
28,2011-09-09,2011,3,9,1310087.0,88.0,3.913,,,,,,True,206302,0.0,False,More than 200k
28,2011-09-16,2011,3,9,1159212.1,76.36,3.918,,,,,,False,206302,0.0,False,More than 200k
28,2011-09-23,2011,3,9,1109105.92,82.95,3.789,,,,,,False,206302,0.0,False,More than 200k
28,2011-09-30,2011,3,9,1120731.76,83.26,3.877,,,,,,False,206302,0.0,False,More than 200k
28,2011-10-07,2011,4,10,1557314.58,70.44,3.827,,,,,,False,206302,0.0,False,More than 200k
28,2011-10-14,2011,4,10,1220984.94,67.31,3.805,,,,,,False,206302,0.0,False,More than 200k
28,2011-10-21,2011,4,10,1203172.05,73.05,3.842,,,,,,False,206302,0.0,False,More than 200k
28,2011-10-28,2011,4,10,1242746.06,67.41,3.727,,,,,,False,206302,0.0,False,More than 200k
28,2011-11-04,2011,4,11,1576654.67,59.77,3.828,,,,,,False,206302,0.0,False,More than 200k
28,2011-11-11,2011,4,11,1402654.95,48.76,3.824,22860.64,12223.82,343.77,20834.37,9895.33,False,206302,66157.93,True,More than 200k
28,2011-11-18,2011,4,11,1255081.22,54.2,3.813,6772.46,1654.68,86.01,1068.35,9835.85,False,206302,19417.35,True,More than 200k
28,2011-11-25,2011,4,11,1929738.27,53.25,3.622,2232.08,179.73,61319.72,513.76,1790.89,True,206302,66036.18000000001,True,More than 200k
28,2011-12-02,2011,4,12,1368130.35,52.5,3.701,10392.61,75.0,2241.11,6243.02,19374.19,False,206302,38325.93,True,More than 200k
28,2011-12-09,2011,4,12,1467024.3,42.17,3.644,6628.73,21.0,140.19,6168.78,14073.59,False,206302,27032.29,True,More than 200k
28,2011-12-16,2011,4,12,1429954.66,43.29,3.6,2429.88,18.24,347.78,573.31,6432.36,False,206302,9801.57,True,More than 200k
28,2011-12-23,2011,4,12,1796203.51,45.4,3.541,2135.31,1.53,752.34,499.0,5674.11,False,206302,9062.29,True,More than 200k
28,2011-12-30,2011,4,12,1270036.53,44.64,3.428,5218.93,49826.06,155.37,1011.54,7761.98,True,206302,63973.880000000005,True,More than 200k
28,2012-01-06,2012,1,1,1466046.07,50.43,3.599,5155.86,19549.51,218.29,636.73,5218.5,False,206302,30778.89,True,More than 200k
28,2012-01-13,2012,1,1,1161190.29,48.07,3.657,4649.73,1843.24,45.3,869.64,7935.42,False,206302,15343.33,True,More than 200k
28,2012-01-20,2012,1,1,1129540.48,46.2,3.66,5177.01,1280.59,23.75,716.52,6009.03,False,206302,13206.900000000001,True,More than 200k
28,2012-01-27,2012,1,1,1132948.48,50.43,3.675,1657.67,887.0,30.97,222.42,4291.52,False,206302,7089.58,True,More than 200k
28,2012-02-03,2012,1,2,1531599.44,50.58,3.702,44998.1,3682.17,182.6,39241.63,16008.79,False,206302,104113.29000000001,True,More than 200k
28,2012-02-10,2012,1,2,1572966.15,52.27,3.722,20097.48,2774.5,66.42,16822.46,8228.86,True,206302,47989.72,True,More than 200k
28,2012-02-17,2012,1,2,1501503.68,51.8,3.781,20868.41,6880.29,7.84,7685.11,11114.94,False,206302,46556.590000000004,True,More than 200k
28,2012-02-24,2012,1,2,1323487.91,53.13,3.95,9687.54,3338.06,,847.07,6736.61,False,206302,20609.28,True,More than 200k
28,2012-03-02,2012,1,3,1451740.57,52.27,4.178,23765.08,872.4,3.5,12645.96,4736.14,False,206302,42023.08,True,More than 200k
28,2012-03-09,2012,1,3,1680764.06,54.54,4.25,11431.91,101.02,6.93,2060.55,9332.74,False,206302,22933.15,True,More than 200k
28,2012-03-16,2012,1,3,1337875.49,64.44,4.273,8243.42,44.26,6.68,3641.11,3645.65,False,206302,15581.12,True,More than 200k
28,2012-03-23,2012,1,3,1216059.41,56.26,4.038,9066.75,48.94,5.91,1040.74,3796.72,False,206302,13959.06,True,More than 200k
28,2012-03-30,2012,1,3,1209524.11,64.36,4.294,11704.17,57.61,11.85,1537.38,2536.67,False,206302,15847.680000000002,True,More than 200k
28,2012-04-06,2012,2,4,1559592.79,64.05,4.121,9368.15,,35.75,2580.09,8313.39,False,206302,20297.379999999997,True,More than 200k
28,2012-04-13,2012,2,4,1290684.95,64.28,4.254,8478.14,5630.15,20.53,2457.88,9394.39,False,206302,25981.09,True,More than 200k
28,2012-04-20,2012,2,4,1180797.2,66.73,4.222,5343.29,3895.86,17.32,657.56,4674.67,False,206302,14588.699999999999,True,More than 200k
28,2012-04-27,2012,2,4,1170456.16,77.99,4.193,3003.61,564.36,16.11,35.54,3226.41,False,206302,6846.030000000001,True,More than 200k
28,2012-05-04,2012,2,5,1450628.8499999999,76.03,4.171,16196.98,,45.99,2938.52,8176.03,False,206302,27357.519999999997,True,More than 200k
28,2012-05-11,2012,2,5,1264575.18,77.27,4.186,14847.64,392.0,84.72,4190.88,5556.15,False,206302,25071.39,True,More than 200k
28,2012-05-18,2012,2,5,1213310.45,84.51,4.11,5282.21,,1.23,1188.92,5422.89,False,206302,11895.25,True,More than 200k
28,2012-05-25,2012,2,5,1151214.41,83.84,4.293,7557.62,,609.0,1574.85,7620.93,False,206302,17362.4,True,More than 200k
28,2012-06-01,2012,2,6,1245480.95,78.11,4.277,15488.5,,72.0,3872.89,5319.68,False,206302,24753.07,True,More than 200k
28,2012-06-08,2012,2,6,1440687.69,84.83,4.103,9026.85,101.2,,833.67,11752.37,False,206302,21714.090000000004,True,More than 200k
28,2012-06-15,2012,2,6,1229760.97,85.94,4.144,8619.75,101.0,363.96,2244.26,6524.51,False,206302,17853.48,True,More than 200k
28,2012-06-22,2012,2,6,1180671.55,91.61,4.014,10280.97,18.4,1.12,3663.41,6659.58,False,206302,20623.48,True,More than 200k
28,2012-06-29,2012,2,6,1129031.98,90.47,3.875,6830.32,37.2,,331.46,4690.76,False,206302,11889.74,True,More than 200k
28,2012-07-06,2012,3,7,1500863.54,89.13,3.765,5618.88,98.6,111.79,2513.36,6421.05,False,206302,14763.68,True,More than 200k
28,2012-07-13,2012,3,7,1179915.04,95.61,3.723,11410.19,19.8,3.03,3053.13,1510.09,False,206302,15996.240000000002,True,More than 200k
28,2012-07-20,2012,3,7,1149427.48,85.53,3.726,8235.78,61.2,12.27,944.08,3623.51,False,206302,12876.840000000002,True,More than 200k
28,2012-07-27,2012,3,7,1135035.09,93.47,3.769,4311.14,25.6,5.34,6009.47,4271.03,False,206302,14622.580000000002,True,More than 200k
28,2012-08-03,2012,3,8,1376520.0999999999,88.16,3.76,27801.87,28.5,76.11,8969.45,5970.49,False,206302,42846.42,True,More than 200k
28,2012-08-10,2012,3,8,1269113.41,95.91,3.811,8364.4,69.48,30.01,4158.02,3050.7,False,206302,15672.61,True,More than 200k
28,2012-08-17,2012,3,8,1184198.41,94.87,4.002,5349.52,1.98,11.24,2542.17,6620.24,False,206302,14525.15,True,More than 200k
28,2012-08-24,2012,3,8,1199309.59,85.32,4.055,6730.91,10.92,309.93,2779.28,5826.35,False,206302,15657.390000000001,True,More than 200k
28,2012-08-31,2012,3,8,1227118.75,89.78,4.093,25745.2,3.2,115.39,11858.54,4508.04,False,206302,42230.37,True,More than 200k
28,2012-09-07,2012,3,9,1469693.99,88.52,4.124,7046.94,43.42,66.08,701.38,11100.55,True,206302,18958.37,True,More than 200k
28,2012-09-14,2012,3,9,1124660.77,83.64,4.133,15676.1,6.98,24.11,2180.72,10483.58,False,206302,28371.489999999998,True,More than 200k
28,2012-09-21,2012,3,9,1135340.19,82.97,4.125,8790.27,104.0,3.0,1761.3,9638.33,False,206302,20296.9,True,More than 200k
28,2012-09-28,2012,3,9,1129508.61,81.22,3.966,5977.78,7.91,2.16,2458.5,6671.45,False,206302,15117.8,True,More than 200k
28,2012-10-05,2012,4,10,1462941.03,81.61,3.966,4436.17,,28.91,6563.84,8417.76,False,206302,19446.68,True,More than 200k
28,2012-10-12,2012,4,10,1205536.71,71.74,4.468,1546.44,,13.36,1057.73,6560.97,False,206302,9178.5,True,More than 200k
28,2012-10-19,2012,4,10,1143724.48,68.66,4.449,2307.28,,4.7,1406.03,4122.2,False,206302,7840.21,True,More than 200k
28,2012-10-26,2012,4,10,1213860.61,65.95,4.301,6490.13,90.02,,1750.84,1684.36,False,206302,10015.35,True,More than 200k
29,2010-02-05,2010,1,2,538634.46,24.36,2.788,,,,,,False,93638,0.0,False,Between 50k and 100k
29,2010-02-12,2010,1,2,529672.95,28.14,2.771,,,,,,True,93638,0.0,False,Between 50k and 100k
29,2010-02-19,2010,1,2,542399.07,31.96,2.747,,,,,,False,93638,0.0,False,Between 50k and 100k
29,2010-02-26,2010,1,2,488417.61,35.98,2.753,,,,,,False,93638,0.0,False,Between 50k and 100k
29,2010-03-05,2010,1,3,535087.91,36.82,2.766,,,,,,False,93638,0.0,False,Between 50k and 100k
29,2010-03-12,2010,1,3,519042.49,43.43,2.805,,,,,,False,93638,0.0,False,Between 50k and 100k
29,2010-03-19,2010,1,3,496851.6,46.03,2.834,,,,,,False,93638,0.0,False,Between 50k and 100k
29,2010-03-26,2010,1,3,552985.34,48.56,2.831,,,,,,False,93638,0.0,False,Between 50k and 100k
29,2010-04-02,2010,2,4,599629.25,44.96,2.826,,,,,,False,93638,0.0,False,Between 50k and 100k
29,2010-04-09,2010,2,4,569937.23,57.06,2.849,,,,,,False,93638,0.0,False,Between 50k and 100k
29,2010-04-16,2010,2,4,509100.84,51.14,2.885,,,,,,False,93638,0.0,False,Between 50k and 100k
29,2010-04-23,2010,2,4,505329.66,51.04,2.895,,,,,,False,93638,0.0,False,Between 50k and 100k
29,2010-04-30,2010,2,4,501013.47000000003,50.96,2.935,,,,,,False,93638,0.0,False,Between 50k and 100k
29,2010-05-07,2010,2,5,568497.35,63.81,2.981,,,,,,False,93638,0.0,False,Between 50k and 100k
29,2010-05-14,2010,2,5,518940.88,50.99,2.983,,,,,,False,93638,0.0,False,Between 50k and 100k
29,2010-05-21,2010,2,5,502021.82,59.99,2.961,,,,,,False,93638,0.0,False,Between 50k and 100k
29,2010-05-28,2010,2,5,577627.66,65.64,2.906,,,,,,False,93638,0.0,False,Between 50k and 100k
29,2010-06-04,2010,2,6,588017.66,69.49,2.857,,,,,,False,93638,0.0,False,Between 50k and 100k
29,2010-06-11,2010,2,6,540716.58,65.01,2.83,,,,,,False,93638,0.0,False,Between 50k and 100k
29,2010-06-18,2010,2,6,558731.74,67.13,2.805,,,,,,False,93638,0.0,False,Between 50k and 100k
29,2010-06-25,2010,2,6,585548.79,74.37,2.81,,,,,,False,93638,0.0,False,Between 50k and 100k
29,2010-07-02,2010,3,7,581473.55,72.88,2.815,,,,,,False,93638,0.0,False,Between 50k and 100k
29,2010-07-09,2010,3,7,563449.43,79.22,2.806,,,,,,False,93638,0.0,False,Between 50k and 100k
29,2010-07-16,2010,3,7,512292.01,76.3,2.796,,,,,,False,93638,0.0,False,Between 50k and 100k
29,2010-07-23,2010,3,7,506502.09,76.91,2.784,,,,,,False,93638,0.0,False,Between 50k and 100k
29,2010-07-30,2010,3,7,509872.77,76.35,2.792,,,,,,False,93638,0.0,False,Between 50k and 100k
29,2010-08-06,2010,3,8,519787.93,74.37,2.792,,,,,,False,93638,0.0,False,Between 50k and 100k
29,2010-08-13,2010,3,8,495269.0,74.75,2.81,,,,,,False,93638,0.0,False,Between 50k and 100k
29,2010-08-20,2010,3,8,531640.1900000001,73.21,2.796,,,,,,False,93638,0.0,False,Between 50k and 100k
29,2010-08-27,2010,3,8,545766.13,68.99,2.77,,,,,,False,93638,0.0,False,Between 50k and 100k
29,2010-09-03,2010,3,9,579272.38,75.85,2.735,,,,,,False,93638,0.0,False,Between 50k and 100k
29,2010-09-10,2010,3,9,491290.37,68.6,2.717,,,,,,True,93638,0.0,False,Between 50k and 100k
29,2010-09-17,2010,3,9,463752.89,62.49,2.716,,,,,,False,93638,0.0,False,Between 50k and 100k
29,2010-09-24,2010,3,9,465338.41,65.14,2.718,,,,,,False,93638,0.0,False,Between 50k and 100k
29,2010-10-01,2010,4,10,474698.01,69.31,2.717,,,,,,False,93638,0.0,False,Between 50k and 100k
29,2010-10-08,2010,4,10,530059.06,56.32,2.776,,,,,,False,93638,0.0,False,Between 50k and 100k
29,2010-10-15,2010,4,10,483011.69,55.23,2.878,,,,,,False,93638,0.0,False,Between 50k and 100k
29,2010-10-22,2010,4,10,505221.17,50.24,2.919,,,,,,False,93638,0.0,False,Between 50k and 100k
29,2010-10-29,2010,4,10,527058.59,57.73,2.938,,,,,,False,93638,0.0,False,Between 50k and 100k
29,2010-11-05,2010,4,11,521002.97,44.34,2.938,,,,,,False,93638,0.0,False,Between 50k and 100k
29,2010-11-12,2010,4,11,524450.7,44.42,2.961,,,,,,False,93638,0.0,False,Between 50k and 100k
29,2010-11-19,2010,4,11,508174.55,48.62,3.03,,,,,,False,93638,0.0,False,Between 50k and 100k
29,2010-11-26,2010,4,11,975268.91,44.61,3.07,,,,,,True,93638,0.0,False,Between 50k and 100k
29,2010-12-03,2010,4,12,642678.53,39.42,3.065,,,,,,False,93638,0.0,False,Between 50k and 100k
29,2010-12-10,2010,4,12,713834.74,28.43,3.132,,,,,,False,93638,0.0,False,Between 50k and 100k
29,2010-12-17,2010,4,12,850538.25,30.46,3.139,,,,,,False,93638,0.0,False,Between 50k and 100k
29,2010-12-24,2010,4,12,1130926.79,29.76,3.15,,,,,,False,93638,0.0,False,Between 50k and 100k
29,2010-12-31,2010,4,12,465992.01999999996,28.49,3.177,,,,,,True,93638,0.0,False,Between 50k and 100k
29,2011-01-07,2011,1,1,455952.18,32.56,3.193,,,,,,False,93638,0.0,False,Between 50k and 100k
29,2011-01-14,2011,1,1,426905.26,24.76,3.215,,,,,,False,93638,0.0,False,Between 50k and 100k
29,2011-01-21,2011,1,1,445134.15,26.8,3.232,,,,,,False,93638,0.0,False,Between 50k and 100k
29,2011-01-28,2011,1,1,410426.97,20.61,3.243,,,,,,False,93638,0.0,False,Between 50k and 100k
29,2011-02-04,2011,1,2,504126.89,26.39,3.24,,,,,,False,93638,0.0,False,Between 50k and 100k
29,2011-02-11,2011,1,2,550387.78,28.89,3.255,,,,,,True,93638,0.0,False,Between 50k and 100k
29,2011-02-18,2011,1,2,542529.21,35.34,3.263,,,,,,False,93638,0.0,False,Between 50k and 100k
29,2011-02-25,2011,1,2,483660.15,30.23,3.281,,,,,,False,93638,0.0,False,Between 50k and 100k
29,2011-03-04,2011,1,3,536031.67,33.52,3.437,,,,,,False,93638,0.0,False,Between 50k and 100k
29,2011-03-11,2011,1,3,493430.45,41.42,3.6,,,,,,False,93638,0.0,False,Between 50k and 100k
29,2011-03-18,2011,1,3,493653.43,43.38,3.634,,,,,,False,93638,0.0,False,Between 50k and 100k
29,2011-03-25,2011,1,3,478773.05,38.77,3.624,,,,,,False,93638,0.0,False,Between 50k and 100k
29,2011-04-01,2011,2,4,475615.26,36.04,3.638,,,,,,False,93638,0.0,False,Between 50k and 100k
29,2011-04-08,2011,2,4,505304.33,44.42,3.72,,,,,,False,93638,0.0,False,Between 50k and 100k
29,2011-04-15,2011,2,4,518245.97,48.88,3.823,,,,,,False,93638,0.0,False,Between 50k and 100k
29,2011-04-22,2011,2,4,589252.69,47.76,3.919,,,,,,False,93638,0.0,False,Between 50k and 100k
29,2011-04-29,2011,2,4,493078.64,57.2,3.988,,,,,,False,93638,0.0,False,Between 50k and 100k
29,2011-05-06,2011,2,5,534372.53,53.63,4.078,,,,,,False,93638,0.0,False,Between 50k and 100k
29,2011-05-13,2011,2,5,549551.02,57.71,4.095,,,,,,False,93638,0.0,False,Between 50k and 100k
29,2011-05-20,2011,2,5,492932.51,58.56,4.101,,,,,,False,93638,0.0,False,Between 50k and 100k
29,2011-05-27,2011,2,5,550735.64,62.59,4.034,,,,,,False,93638,0.0,False,Between 50k and 100k
29,2011-06-03,2011,2,6,598251.5700000001,70.09,3.973,,,,,,False,93638,0.0,False,Between 50k and 100k
29,2011-06-10,2011,2,6,558431.4400000001,69.53,3.924,,,,,,False,93638,0.0,False,Between 50k and 100k
29,2011-06-17,2011,2,6,536914.17,63.97,3.873,,,,,,False,93638,0.0,False,Between 50k and 100k
29,2011-06-24,2011,2,6,545368.17,68.53,3.851,,,,,,False,93638,0.0,False,Between 50k and 100k
29,2011-07-01,2011,3,7,567114.6,70.8,3.815,,,,,,False,93638,0.0,False,Between 50k and 100k
29,2011-07-08,2011,3,7,547586.07,74.22,3.784,,,,,,False,93638,0.0,False,Between 50k and 100k
29,2011-07-15,2011,3,7,505246.15,75.2,3.827,,,,,,False,93638,0.0,False,Between 50k and 100k
29,2011-07-22,2011,3,7,507335.75,77.79,3.882,,,,,,False,93638,0.0,False,Between 50k and 100k
29,2011-07-29,2011,3,7,474653.06,75.32,3.898,,,,,,False,93638,0.0,False,Between 50k and 100k
29,2011-08-05,2011,3,8,503486.37,75.33,3.903,,,,,,False,93638,0.0,False,Between 50k and 100k
29,2011-08-12,2011,3,8,471311.5,74.69,3.88,,,,,,False,93638,0.0,False,Between 50k and 100k
29,2011-08-19,2011,3,8,498056.0,71.3,3.82,,,,,,False,93638,0.0,False,Between 50k and 100k
29,2011-08-26,2011,3,8,608294.98,72.22,3.796,,,,,,False,93638,0.0,False,Between 50k and 100k
29,2011-09-02,2011,3,9,497085.91,69.16,3.784,,,,,,False,93638,0.0,False,Between 50k and 100k
29,2011-09-09,2011,3,9,505406.72000000003,69.14,3.809,,,,,,True,93638,0.0,False,Between 50k and 100k
29,2011-09-16,2011,3,9,474129.35,68.08,3.809,,,,,,False,93638,0.0,False,Between 50k and 100k
29,2011-09-23,2011,3,9,475696.37,62.36,3.758,,,,,,False,93638,0.0,False,Between 50k and 100k
29,2011-09-30,2011,3,9,446516.26,69.78,3.684,,,,,,False,93638,0.0,False,Between 50k and 100k
29,2011-10-07,2011,4,10,514993.0,56.44,3.633,,,,,,False,93638,0.0,False,Between 50k and 100k
29,2011-10-14,2011,4,10,475776.45,62.63,3.583,,,,,,False,93638,0.0,False,Between 50k and 100k
29,2011-10-21,2011,4,10,505068.22000000003,59.3,3.618,,,,,,False,93638,0.0,False,Between 50k and 100k
29,2011-10-28,2011,4,10,515119.64,49.31,3.604,,,,,,False,93638,0.0,False,Between 50k and 100k
29,2011-11-04,2011,4,11,620735.72,42.81,3.586,,,,,,False,93638,0.0,False,Between 50k and 100k
29,2011-11-11,2011,4,11,531600.62,47.8,3.57,8394.65,7331.95,200.28,1292.58,2786.42,False,93638,20005.879999999997,True,Between 50k and 100k
29,2011-11-18,2011,4,11,504601.29,50.62,3.571,7021.01,967.62,15.97,392.25,5793.48,False,93638,14190.33,True,Between 50k and 100k
29,2011-11-25,2011,4,11,913165.19,46.28,3.536,122.33,,47289.47,4.0,1179.49,True,93638,48595.29,True,Between 50k and 100k
29,2011-12-02,2011,4,12,579874.22,49.11,3.501,2167.06,,1457.99,820.49,6387.74,False,93638,10833.279999999999,True,Between 50k and 100k
29,2011-12-09,2011,4,12,633240.53,45.35,3.47,2597.24,,614.02,499.88,5186.34,False,93638,8897.48,True,Between 50k and 100k
29,2011-12-16,2011,4,12,736805.66,39.11,3.445,1779.72,,547.17,1211.18,6777.33,False,93638,10315.4,True,Between 50k and 100k
29,2011-12-23,2011,4,12,1016637.39,39.83,3.413,373.34,5.21,676.82,10.5,1730.4,False,93638,2796.27,True,Between 50k and 100k
29,2011-12-30,2011,4,12,551743.05,36.28,3.402,2168.59,17155.07,47.22,332.96,1792.92,True,93638,21496.760000000002,True,Between 50k and 100k
29,2012-01-06,2012,1,1,469773.85,34.61,3.439,4557.94,13427.99,9.56,550.78,2053.68,False,93638,20599.95,True,Between 50k and 100k
29,2012-01-13,2012,1,1,444756.37,39.0,3.523,1789.85,7403.46,0.06,2.5,2512.9,False,93638,11708.769999999999,True,Between 50k and 100k
29,2012-01-20,2012,1,1,446863.31,29.16,3.542,2021.51,2502.83,4.65,383.01,2842.32,False,93638,7754.32,True,Between 50k and 100k
29,2012-01-27,2012,1,1,395987.24,35.68,3.568,961.63,2011.62,0.73,117.38,1504.22,False,93638,4595.58,True,Between 50k and 100k
29,2012-02-03,2012,1,2,493159.35,40.58,3.633,23656.27,2347.13,110.26,11641.23,2548.96,False,93638,40303.85,True,Between 50k and 100k
29,2012-02-10,2012,1,2,545840.05,35.68,3.655,15679.67,2427.87,4.36,4775.31,4026.33,True,93638,26913.54,True,Between 50k and 100k
29,2012-02-17,2012,1,2,559606.91,36.25,3.703,7180.13,5665.86,1.76,5185.35,3381.36,False,93638,21414.46,True,Between 50k and 100k
29,2012-02-24,2012,1,2,488782.63,39.0,3.751,7623.6,3357.2,,3737.6,5024.43,False,93638,19742.83,True,Between 50k and 100k
29,2012-03-02,2012,1,3,500801.72,37.47,3.827,12783.88,800.94,1.09,6884.75,1699.2,False,93638,22169.86,True,Between 50k and 100k
29,2012-03-09,2012,1,3,504750.35,41.72,3.876,5564.21,396.61,,531.23,1542.59,False,93638,8034.639999999999,True,Between 50k and 100k
29,2012-03-16,2012,1,3,489293.72,46.06,3.867,4383.29,94.3,0.99,642.33,1575.61,False,93638,6696.5199999999995,True,Between 50k and 100k
29,2012-03-23,2012,1,3,517408.48,54.68,3.889,2826.57,69.69,2.31,538.94,1177.24,False,93638,4614.75,True,Between 50k and 100k
29,2012-03-30,2012,1,3,504566.27999999997,46.4,3.921,4713.53,42.04,1.5,266.03,915.19,False,93638,5938.289999999999,True,Between 50k and 100k
29,2012-04-06,2012,2,4,633826.55,46.38,3.957,9650.62,,10.77,1831.88,4732.84,False,93638,16226.11,True,Between 50k and 100k
29,2012-04-13,2012,2,4,520493.83,49.89,4.025,2015.59,4370.68,2.75,424.21,1595.7,False,93638,8408.93,True,Between 50k and 100k
29,2012-04-20,2012,2,4,525200.59,58.81,4.046,2087.5,1908.99,9.68,234.05,1581.26,False,93638,5821.48,True,Between 50k and 100k
29,2012-04-27,2012,2,4,497250.22000000003,51.42,4.023,1238.43,,6.62,58.84,1407.86,False,93638,2711.75,True,Between 50k and 100k
29,2012-05-04,2012,2,5,504963.83999999997,50.75,3.991,5067.27,,12.59,1773.6,1695.58,False,93638,8549.04,True,Between 50k and 100k
29,2012-05-11,2012,2,5,529707.87,56.72,3.947,6606.84,,7.15,477.96,2857.52,False,93638,9949.47,True,Between 50k and 100k
29,2012-05-18,2012,2,5,543706.04,61.9,3.899,3018.19,,76.29,661.56,597.94,False,93638,4353.98,True,Between 50k and 100k
29,2012-05-25,2012,2,5,549665.67,62.39,3.85,7467.41,,290.33,309.68,2750.24,False,93638,10817.66,True,Between 50k and 100k
29,2012-06-01,2012,2,6,576252.35,70.01,3.798,8940.48,,63.86,885.58,2768.33,False,93638,12658.25,True,Between 50k and 100k
29,2012-06-08,2012,2,6,554093.15,61.71,3.746,5777.3,117.2,23.9,440.62,3946.59,False,93638,10305.61,True,Between 50k and 100k
29,2012-06-15,2012,2,6,552338.76,66.56,3.683,3861.04,306.6,7.02,89.54,1180.28,False,93638,5444.4800000000005,True,Between 50k and 100k
29,2012-06-22,2012,2,6,581854.5,70.61,3.629,4524.86,492.8,0.99,1745.53,2589.37,False,93638,9353.55,True,Between 50k and 100k
29,2012-06-29,2012,2,6,555954.13,70.99,3.577,5142.08,329.04,0.27,565.5,1957.42,False,93638,7994.31,True,Between 50k and 100k
29,2012-07-06,2012,3,7,578832.41,77.41,3.538,5782.33,132.2,30.11,1918.9,4059.51,False,93638,11923.05,True,Between 50k and 100k
29,2012-07-13,2012,3,7,514709.76,75.81,3.561,3071.52,163.0,22.04,1087.28,656.21,False,93638,5000.05,True,Between 50k and 100k
29,2012-07-20,2012,3,7,506705.36,76.57,3.61,1142.93,212.35,8.11,368.45,1625.35,False,93638,3357.1899999999996,True,Between 50k and 100k
29,2012-07-27,2012,3,7,475158.24,73.52,3.701,4006.71,190.7,2.17,1656.41,1187.12,False,93638,7043.11,True,Between 50k and 100k
29,2012-08-03,2012,3,8,504754.74,72.99,3.698,6061.65,149.02,,4925.98,2222.95,False,93638,13359.599999999999,True,Between 50k and 100k
29,2012-08-10,2012,3,8,518628.42,76.74,3.772,27921.89,341.19,9.08,1673.62,1983.79,False,93638,31929.57,True,Between 50k and 100k
29,2012-08-17,2012,3,8,416881.66,74.92,3.84,1727.05,167.24,0.3,504.22,1175.37,False,93638,3574.18,True,Between 50k and 100k
29,2012-08-24,2012,3,8,615026.15,70.42,3.874,2436.31,71.53,1.98,1546.95,1061.4,False,93638,5118.17,True,Between 50k and 100k
29,2012-08-31,2012,3,8,545844.91,71.93,3.884,5937.04,64.33,26.74,1875.2,1385.34,False,93638,9288.65,True,Between 50k and 100k
29,2012-09-07,2012,3,9,540811.85,73.3,3.921,6434.83,49.02,42.16,1096.81,3319.92,True,93638,10942.74,True,Between 50k and 100k
29,2012-09-14,2012,3,9,475127.18,66.42,3.988,5649.87,89.66,4.86,1763.17,4109.45,False,93638,11617.009999999998,True,Between 50k and 100k
29,2012-09-21,2012,3,9,489079.23,63.38,4.056,2956.4,24.91,4.5,345.81,2110.49,False,93638,5442.11,True,Between 50k and 100k
29,2012-09-28,2012,3,9,489674.23,62.17,4.018,4039.87,7.91,1.98,687.56,3822.63,False,93638,8559.95,True,Between 50k and 100k
29,2012-10-05,2012,4,10,520632.8,62.09,4.027,4727.88,,9.12,676.3,1904.05,False,93638,7317.35,True,Between 50k and 100k
29,2012-10-12,2012,4,10,513737.0,54.18,4.029,2264.29,,6.8,829.39,675.12,False,93638,3775.6,True,Between 50k and 100k
29,2012-10-19,2012,4,10,516909.24,55.28,4.0,1021.83,,2.28,194.24,3821.21,False,93638,5039.56,True,Between 50k and 100k
29,2012-10-26,2012,4,10,534970.68,57.58,3.917,5581.8,2.98,,398.23,396.11,False,93638,6379.12,True,Between 50k and 100k
30,2010-02-05,2010,1,2,465108.52,39.05,2.572,,,,,,False,42988,0.0,False,Less than 50k
30,2010-02-12,2010,1,2,497374.57,37.77,2.548,,,,,,True,42988,0.0,False,Less than 50k
30,2010-02-19,2010,1,2,463513.26,39.75,2.514,,,,,,False,42988,0.0,False,Less than 50k
30,2010-02-26,2010,1,2,472330.71,45.31,2.561,,,,,,False,42988,0.0,False,Less than 50k
30,2010-03-05,2010,1,3,472591.07,48.61,2.625,,,,,,False,42988,0.0,False,Less than 50k
30,2010-03-12,2010,1,3,468189.93,57.1,2.667,,,,,,False,42988,0.0,False,Less than 50k
30,2010-03-19,2010,1,3,445736.36,54.68,2.72,,,,,,False,42988,0.0,False,Less than 50k
30,2010-03-26,2010,1,3,442457.35000000003,51.66,2.732,,,,,,False,42988,0.0,False,Less than 50k
30,2010-04-02,2010,2,4,457884.06,64.12,2.719,,,,,,False,42988,0.0,False,Less than 50k
30,2010-04-09,2010,2,4,454800.96,65.74,2.77,,,,,,False,42988,0.0,False,Less than 50k
30,2010-04-16,2010,2,4,471054.16000000003,67.87,2.808,,,,,,False,42988,0.0,False,Less than 50k
30,2010-04-23,2010,2,4,462454.39,64.21,2.795,,,,,,False,42988,0.0,False,Less than 50k
30,2010-04-30,2010,2,4,456140.34,66.93,2.78,,,,,,False,42988,0.0,False,Less than 50k
30,2010-05-07,2010,2,5,457883.94,70.87,2.835,,,,,,False,42988,0.0,False,Less than 50k
30,2010-05-14,2010,2,5,461868.09,73.08,2.854,,,,,,False,42988,0.0,False,Less than 50k
30,2010-05-21,2010,2,5,455751.84,74.24,2.826,,,,,,False,42988,0.0,False,Less than 50k
30,2010-05-28,2010,2,5,462474.16,80.94,2.759,,,,,,False,42988,0.0,False,Less than 50k
30,2010-06-04,2010,2,6,458343.7,82.68,2.705,,,,,,False,42988,0.0,False,Less than 50k
30,2010-06-11,2010,2,6,445530.16,83.51,2.668,,,,,,False,42988,0.0,False,Less than 50k
30,2010-06-18,2010,2,6,447727.51999999996,86.18,2.637,,,,,,False,42988,0.0,False,Less than 50k
30,2010-06-25,2010,2,6,453210.24,87.01,2.653,,,,,,False,42988,0.0,False,Less than 50k
30,2010-07-02,2010,3,7,450337.47,82.29,2.669,,,,,,False,42988,0.0,False,Less than 50k
30,2010-07-09,2010,3,7,436293.4,81.67,2.642,,,,,,False,42988,0.0,False,Less than 50k
30,2010-07-16,2010,3,7,438068.71,85.61,2.623,,,,,,False,42988,0.0,False,Less than 50k
30,2010-07-23,2010,3,7,440491.33,87.17,2.608,,,,,,False,42988,0.0,False,Less than 50k
30,2010-07-30,2010,3,7,437893.76,83.59,2.64,,,,,,False,42988,0.0,False,Less than 50k
30,2010-08-06,2010,3,8,441407.06,90.3,2.627,,,,,,False,42988,0.0,False,Less than 50k
30,2010-08-13,2010,3,8,444160.07,89.65,2.692,,,,,,False,42988,0.0,False,Less than 50k
30,2010-08-20,2010,3,8,447139.8,89.58,2.664,,,,,,False,42988,0.0,False,Less than 50k
30,2010-08-27,2010,3,8,443810.77999999997,86.2,2.619,,,,,,False,42988,0.0,False,Less than 50k
30,2010-09-03,2010,3,9,461548.98,82.57,2.577,,,,,,False,42988,0.0,False,Less than 50k
30,2010-09-10,2010,3,9,455162.92,79.3,2.565,,,,,,True,42988,0.0,False,Less than 50k
30,2010-09-17,2010,3,9,462058.19,83.03,2.582,,,,,,False,42988,0.0,False,Less than 50k
30,2010-09-24,2010,3,9,448392.17,80.79,2.624,,,,,,False,42988,0.0,False,Less than 50k
30,2010-10-01,2010,4,10,445475.3,70.28,2.603,,,,,,False,42988,0.0,False,Less than 50k
30,2010-10-08,2010,4,10,462080.47000000003,65.76,2.633,,,,,,False,42988,0.0,False,Less than 50k
30,2010-10-15,2010,4,10,453943.89,68.61,2.72,,,,,,False,42988,0.0,False,Less than 50k
30,2010-10-22,2010,4,10,459631.74,70.72,2.725,,,,,,False,42988,0.0,False,Less than 50k
30,2010-10-29,2010,4,10,438334.39,67.51,2.716,,,,,,False,42988,0.0,False,Less than 50k
30,2010-11-05,2010,4,11,484661.87,58.71,2.689,,,,,,False,42988,0.0,False,Less than 50k
30,2010-11-12,2010,4,11,431266.64,60.95,2.728,,,,,,False,42988,0.0,False,Less than 50k
30,2010-11-19,2010,4,11,423707.69,51.71,2.771,,,,,,False,42988,0.0,False,Less than 50k
30,2010-11-26,2010,4,11,462732.36,62.96,2.735,,,,,,True,42988,0.0,False,Less than 50k
30,2010-12-03,2010,4,12,407112.22000000003,50.43,2.708,,,,,,False,42988,0.0,False,Less than 50k
30,2010-12-10,2010,4,12,428631.91,46.35,2.843,,,,,,False,42988,0.0,False,Less than 50k
30,2010-12-17,2010,4,12,445332.27999999997,48.63,2.869,,,,,,False,42988,0.0,False,Less than 50k
30,2010-12-24,2010,4,12,519354.88,51.29,2.886,,,,,,False,42988,0.0,False,Less than 50k
30,2010-12-31,2010,4,12,397631.02,47.19,2.943,,,,,,True,42988,0.0,False,Less than 50k
30,2011-01-07,2011,1,1,451077.21,44.24,2.976,,,,,,False,42988,0.0,False,Less than 50k
30,2011-01-14,2011,1,1,465408.72,34.14,2.983,,,,,,False,42988,0.0,False,Less than 50k
30,2011-01-21,2011,1,1,439132.62,42.72,3.016,,,,,,False,42988,0.0,False,Less than 50k
30,2011-01-28,2011,1,1,425989.04,44.04,3.01,,,,,,False,42988,0.0,False,Less than 50k
30,2011-02-04,2011,1,2,490970.95,36.33,2.989,,,,,,False,42988,0.0,False,Less than 50k
30,2011-02-11,2011,1,2,470921.24,34.61,3.022,,,,,,True,42988,0.0,False,Less than 50k
30,2011-02-18,2011,1,2,417070.51,59.87,3.045,,,,,,False,42988,0.0,False,Less than 50k
30,2011-02-25,2011,1,2,432687.97000000003,61.27,3.065,,,,,,False,42988,0.0,False,Less than 50k
30,2011-03-04,2011,1,3,443334.71,59.52,3.288,,,,,,False,42988,0.0,False,Less than 50k
30,2011-03-11,2011,1,3,438529.81,54.69,3.459,,,,,,False,42988,0.0,False,Less than 50k
30,2011-03-18,2011,1,3,425470.83999999997,63.26,3.488,,,,,,False,42988,0.0,False,Less than 50k
30,2011-03-25,2011,1,3,431754.01,70.33,3.473,,,,,,False,42988,0.0,False,Less than 50k
30,2011-04-01,2011,2,4,437926.79,56.36,3.524,,,,,,False,42988,0.0,False,Less than 50k
30,2011-04-08,2011,2,4,443889.5,68.62,3.622,,,,,,False,42988,0.0,False,Less than 50k
30,2011-04-15,2011,2,4,426666.92,71.01,3.743,,,,,,False,42988,0.0,False,Less than 50k
30,2011-04-22,2011,2,4,445358.73,70.79,3.807,,,,,,False,42988,0.0,False,Less than 50k
30,2011-04-29,2011,2,4,423687.2,70.19,3.81,,,,,,False,42988,0.0,False,Less than 50k
30,2011-05-06,2011,2,5,438789.52,61.87,3.906,,,,,,False,42988,0.0,False,Less than 50k
30,2011-05-13,2011,2,5,424614.59,75.04,3.899,,,,,,False,42988,0.0,False,Less than 50k
30,2011-05-20,2011,2,5,435102.2,68.36,3.907,,,,,,False,42988,0.0,False,Less than 50k
30,2011-05-27,2011,2,5,429305.82,76.86,3.786,,,,,,False,42988,0.0,False,Less than 50k
30,2011-06-03,2011,2,6,432808.48,83.82,3.699,,,,,,False,42988,0.0,False,Less than 50k
30,2011-06-10,2011,2,6,424697.05,84.71,3.648,,,,,,False,42988,0.0,False,Less than 50k
30,2011-06-17,2011,2,6,435481.03,87.54,3.637,,,,,,False,42988,0.0,False,Less than 50k
30,2011-06-24,2011,2,6,422715.74,85.72,3.594,,,,,,False,42988,0.0,False,Less than 50k
30,2011-07-01,2011,3,7,428782.38,87.57,3.524,,,,,,False,42988,0.0,False,Less than 50k
30,2011-07-08,2011,3,7,419764.37,89.16,3.48,,,,,,False,42988,0.0,False,Less than 50k
30,2011-07-15,2011,3,7,420515.63,91.05,3.575,,,,,,False,42988,0.0,False,Less than 50k
30,2011-07-22,2011,3,7,423441.76,90.27,3.651,,,,,,False,42988,0.0,False,Less than 50k
30,2011-07-29,2011,3,7,414245.96,91.56,3.682,,,,,,False,42988,0.0,False,Less than 50k
30,2011-08-05,2011,3,8,431798.64,94.22,3.684,,,,,,False,42988,0.0,False,Less than 50k
30,2011-08-12,2011,3,8,412224.67,92.32,3.638,,,,,,False,42988,0.0,False,Less than 50k
30,2011-08-19,2011,3,8,414450.61000000004,90.11,3.554,,,,,,False,42988,0.0,False,Less than 50k
30,2011-08-26,2011,3,8,387944.83,92.07,3.523,,,,,,False,42988,0.0,False,Less than 50k
30,2011-09-02,2011,3,9,369722.32,91.94,3.533,,,,,,False,42988,0.0,False,Less than 50k
30,2011-09-09,2011,3,9,370897.82,78.87,3.546,,,,,,True,42988,0.0,False,Less than 50k
30,2011-09-16,2011,3,9,382914.66,80.62,3.526,,,,,,False,42988,0.0,False,Less than 50k
30,2011-09-23,2011,3,9,391837.56,75.68,3.467,,,,,,False,42988,0.0,False,Less than 50k
30,2011-09-30,2011,3,9,387001.13,78.91,3.355,,,,,,False,42988,0.0,False,Less than 50k
30,2011-10-07,2011,4,10,417528.26,71.64,3.285,,,,,,False,42988,0.0,False,Less than 50k
30,2011-10-14,2011,4,10,410711.99,69.79,3.274,,,,,,False,42988,0.0,False,Less than 50k
30,2011-10-21,2011,4,10,428958.53,65.16,3.353,,,,,,False,42988,0.0,False,Less than 50k
30,2011-10-28,2011,4,10,426151.88,65.46,3.372,,,,,,False,42988,0.0,False,Less than 50k
30,2011-11-04,2011,4,11,432359.04000000004,56.01,3.332,,,,,,False,42988,0.0,False,Less than 50k
30,2011-11-11,2011,4,11,409686.63,59.8,3.297,42.28,276.94,14.54,,3508.88,False,42988,3842.6400000000003,True,Less than 50k
30,2011-11-18,2011,4,11,436462.63,61.9,3.308,679.88,97.38,,38.35,1143.98,False,42988,1959.5900000000001,True,Less than 50k
30,2011-11-25,2011,4,11,452163.93,56.43,3.236,19.97,,,,477.74,True,42988,497.71000000000004,True,Less than 50k
30,2011-12-02,2011,4,12,412385.75,48.72,3.172,23.47,,4.7,,1257.19,False,42988,1285.3600000000001,True,Less than 50k
30,2011-12-09,2011,4,12,436741.02,41.44,3.158,1.5,,3.41,,1774.78,False,42988,1779.69,True,Less than 50k
30,2011-12-16,2011,4,12,441265.07999999996,50.56,3.159,,,11.1,,602.44,False,42988,613.5400000000001,True,Less than 50k
30,2011-12-23,2011,4,12,492022.68,46.54,3.112,245.83,,12.5,2.52,2951.23,False,42988,3212.08,True,Less than 50k
30,2011-12-30,2011,4,12,376777.45,45.16,3.129,782.67,2027.77,,35.28,239.99,True,42988,3085.71,True,Less than 50k
30,2012-01-06,2012,1,1,457030.86,48.1,3.157,594.21,1905.66,91.16,4.92,855.1,False,42988,3451.0499999999997,True,Less than 50k
30,2012-01-13,2012,1,1,447023.91,45.0,3.261,157.23,452.88,51.64,,916.52,False,42988,1578.27,True,Less than 50k
30,2012-01-20,2012,1,1,438760.62,52.21,3.268,1084.35,3.47,36.96,,344.93,False,42988,1469.71,True,Less than 50k
30,2012-01-27,2012,1,1,433037.66000000003,50.79,3.29,246.62,,49.06,42.84,421.39,False,42988,759.91,True,Less than 50k
30,2012-02-03,2012,1,2,434080.74,55.83,3.36,843.22,2.82,64.81,192.66,2393.21,False,42988,3496.7200000000003,True,Less than 50k
30,2012-02-10,2012,1,2,451365.99,46.52,3.409,2098.64,4.0,52.55,,1923.82,True,42988,4079.01,True,Less than 50k
30,2012-02-17,2012,1,2,435109.11,45.03,3.51,95.88,745.13,11.88,,2043.43,False,42988,2896.32,True,Less than 50k
30,2012-02-24,2012,1,2,425215.71,54.81,3.555,1192.83,557.62,,13.5,1342.2,False,42988,3106.1499999999996,True,Less than 50k
30,2012-03-02,2012,1,3,438640.61,59.3,3.63,1080.76,0.02,1.39,63.5,1031.3,False,42988,2176.9700000000003,True,Less than 50k
30,2012-03-09,2012,1,3,446617.89,57.16,3.669,639.83,,0.49,144.18,3286.61,False,42988,4071.11,True,Less than 50k
30,2012-03-16,2012,1,3,413617.45,63.39,3.734,301.14,,,,2536.55,False,42988,2837.69,True,Less than 50k
30,2012-03-23,2012,1,3,430222.97000000003,62.96,3.787,349.9,0.5,0.34,,2099.05,False,42988,2449.79,True,Less than 50k
30,2012-03-30,2012,1,3,449603.91,67.87,3.845,380.37,0.5,,,1080.75,False,42988,1461.62,True,Less than 50k
30,2012-04-06,2012,2,4,461511.92,69.02,3.891,21.39,,4.09,,2364.16,False,42988,2389.64,True,Less than 50k
30,2012-04-13,2012,2,4,428784.7,69.03,3.891,48.96,856.15,12.0,,699.85,False,42988,1616.96,True,Less than 50k
30,2012-04-20,2012,2,4,462909.41,66.97,3.877,72.85,692.6,0.7,,369.74,False,42988,1135.89,True,Less than 50k
30,2012-04-27,2012,2,4,433744.83,69.21,3.814,60.07,,3.21,,1112.14,False,42988,1175.42,True,Less than 50k
30,2012-05-04,2012,2,5,454477.54,77.53,3.749,1136.36,,19.09,14.33,2003.64,False,42988,3173.42,True,Less than 50k
30,2012-05-11,2012,2,5,436070.45,74.14,3.688,701.89,,2.28,,1487.23,False,42988,2191.4,True,Less than 50k
30,2012-05-18,2012,2,5,460945.14,72.42,3.63,57.13,,,,857.91,False,42988,915.04,True,Less than 50k
30,2012-05-25,2012,2,5,449355.91,79.49,3.561,175.64,,,,2534.54,False,42988,2710.18,True,Less than 50k
30,2012-06-01,2012,2,6,427021.18,79.24,3.501,553.39,,,,7048.24,False,42988,7601.63,True,Less than 50k
30,2012-06-08,2012,2,6,437222.94,79.47,3.452,359.6,,3.75,,3721.71,False,42988,4085.06,True,Less than 50k
30,2012-06-15,2012,2,6,438523.24,81.51,3.393,370.16,,3.01,10.16,1042.83,False,42988,1426.1599999999999,True,Less than 50k
30,2012-06-22,2012,2,6,428554.63,81.78,3.346,292.53,,,,3749.16,False,42988,4041.6899999999996,True,Less than 50k
30,2012-06-29,2012,2,6,423192.4,88.05,3.286,57.9,,,,1773.54,False,42988,1831.44,True,Less than 50k
30,2012-07-06,2012,3,7,440553.42,85.26,3.227,799.32,,2.35,2.96,2510.56,False,42988,3315.19,True,Less than 50k
30,2012-07-13,2012,3,7,417640.33999999997,82.51,3.256,200.86,,4.08,,7547.27,False,42988,7752.21,True,Less than 50k
30,2012-07-20,2012,3,7,427491.04,84.25,3.311,164.49,,2.82,,2012.83,False,42988,2180.14,True,Less than 50k
30,2012-07-27,2012,3,7,424581.17,88.09,3.407,92.13,,0.24,,3727.76,False,42988,3820.13,True,Less than 50k
30,2012-08-03,2012,3,8,425136.55,91.57,3.417,283.01,,2.46,1.88,2833.5,False,42988,3120.85,True,Less than 50k
30,2012-08-10,2012,3,8,430878.27999999997,89.57,3.494,971.97,,1.03,52.96,2168.04,False,42988,3194.0,True,Less than 50k
30,2012-08-17,2012,3,8,423351.15,85.55,3.571,168.82,,2.13,,1321.3,False,42988,1492.25,True,Less than 50k
30,2012-08-24,2012,3,8,425296.64999999997,77.72,3.62,338.75,,6.52,10.05,1731.98,False,42988,2087.3,True,Less than 50k
30,2012-08-31,2012,3,8,439132.5,83.58,3.638,394.74,,4.9,134.07,1892.82,False,42988,2426.5299999999997,True,Less than 50k
30,2012-09-07,2012,3,9,433565.77,88.4,3.73,223.74,,124.14,33.14,1987.38,True,42988,2368.4,True,Less than 50k
30,2012-09-14,2012,3,9,437773.31,76.1,3.717,1085.92,,29.23,,2115.61,False,42988,3230.76,True,Less than 50k
30,2012-09-21,2012,3,9,443891.64,71.54,3.721,1046.34,,,69.2,1258.49,False,42988,2374.0299999999997,True,Less than 50k
30,2012-09-28,2012,3,9,425410.04,80.38,3.666,212.08,,,,1525.32,False,42988,1737.3999999999999,True,Less than 50k
30,2012-10-05,2012,4,10,446751.45,70.28,3.617,,,3.02,,755.8,False,42988,758.8199999999999,True,Less than 50k
30,2012-10-12,2012,4,10,434593.26,61.53,3.601,15.88,,5.2,,3374.4,False,42988,3395.48,True,Less than 50k
30,2012-10-19,2012,4,10,437537.29,68.52,3.594,37.11,,0.15,,1030.33,False,42988,1067.59,True,Less than 50k
30,2012-10-26,2012,4,10,439424.5,70.5,3.506,150.46,1.75,,,367.83,False,42988,520.04,True,Less than 50k
31,2010-02-05,2010,1,2,1469252.05,39.05,2.572,,,,,,False,203750,0.0,False,More than 200k
31,2010-02-12,2010,1,2,1543947.23,37.77,2.548,,,,,,True,203750,0.0,False,More than 200k
31,2010-02-19,2010,1,2,1473386.75,39.75,2.514,,,,,,False,203750,0.0,False,More than 200k
31,2010-02-26,2010,1,2,1344354.41,45.31,2.561,,,,,,False,203750,0.0,False,More than 200k
31,2010-03-05,2010,1,3,1384870.51,48.61,2.625,,,,,,False,203750,0.0,False,More than 200k
31,2010-03-12,2010,1,3,1366193.35,57.1,2.667,,,,,,False,203750,0.0,False,More than 200k
31,2010-03-19,2010,1,3,1332261.01,54.68,2.72,,,,,,False,203750,0.0,False,More than 200k
31,2010-03-26,2010,1,3,1229635.7,51.66,2.732,,,,,,False,203750,0.0,False,More than 200k
31,2010-04-02,2010,2,4,1357600.68,64.12,2.719,,,,,,False,203750,0.0,False,More than 200k
31,2010-04-09,2010,2,4,1395710.09,65.74,2.77,,,,,,False,203750,0.0,False,More than 200k
31,2010-04-16,2010,2,4,1367448.28,67.87,2.808,,,,,,False,203750,0.0,False,More than 200k
31,2010-04-23,2010,2,4,1280465.8,64.21,2.795,,,,,,False,203750,0.0,False,More than 200k
31,2010-04-30,2010,2,4,1243200.24,66.93,2.78,,,,,,False,203750,0.0,False,More than 200k
31,2010-05-07,2010,2,5,1381796.8,70.87,2.835,,,,,,False,203750,0.0,False,More than 200k
31,2010-05-14,2010,2,5,1287288.59,73.08,2.854,,,,,,False,203750,0.0,False,More than 200k
31,2010-05-21,2010,2,5,1337405.5999999999,74.24,2.826,,,,,,False,203750,0.0,False,More than 200k
31,2010-05-28,2010,2,5,1309437.17,80.94,2.759,,,,,,False,203750,0.0,False,More than 200k
31,2010-06-04,2010,2,6,1427624.5,82.68,2.705,,,,,,False,203750,0.0,False,More than 200k
31,2010-06-11,2010,2,6,1377092.33,83.51,2.668,,,,,,False,203750,0.0,False,More than 200k
31,2010-06-18,2010,2,6,1368090.08,86.18,2.637,,,,,,False,203750,0.0,False,More than 200k
31,2010-06-25,2010,2,6,1303523.73,87.01,2.653,,,,,,False,203750,0.0,False,More than 200k
31,2010-07-02,2010,3,7,1311704.92,82.29,2.669,,,,,,False,203750,0.0,False,More than 200k
31,2010-07-09,2010,3,7,1315118.4,81.67,2.642,,,,,,False,203750,0.0,False,More than 200k
31,2010-07-16,2010,3,7,1335433.72,85.61,2.623,,,,,,False,203750,0.0,False,More than 200k
31,2010-07-23,2010,3,7,1276031.84,87.17,2.608,,,,,,False,203750,0.0,False,More than 200k
31,2010-07-30,2010,3,7,1231993.14,83.59,2.64,,,,,,False,203750,0.0,False,More than 200k
31,2010-08-06,2010,3,8,1352401.08,90.3,2.627,,,,,,False,203750,0.0,False,More than 200k
31,2010-08-13,2010,3,8,1327719.34,89.65,2.692,,,,,,False,203750,0.0,False,More than 200k
31,2010-08-20,2010,3,8,1376571.21,89.58,2.664,,,,,,False,203750,0.0,False,More than 200k
31,2010-08-27,2010,3,8,1326621.98,86.2,2.619,,,,,,False,203750,0.0,False,More than 200k
31,2010-09-03,2010,3,9,1302047.48,82.57,2.577,,,,,,False,203750,0.0,False,More than 200k
31,2010-09-10,2010,3,9,1308179.02,79.3,2.565,,,,,,True,203750,0.0,False,More than 200k
31,2010-09-17,2010,3,9,1294105.01,83.03,2.582,,,,,,False,203750,0.0,False,More than 200k
31,2010-09-24,2010,3,9,1230250.25,80.79,2.624,,,,,,False,203750,0.0,False,More than 200k
31,2010-10-01,2010,4,10,1213981.6400000001,70.28,2.603,,,,,,False,203750,0.0,False,More than 200k
31,2010-10-08,2010,4,10,1300131.68,65.76,2.633,,,,,,False,203750,0.0,False,More than 200k
31,2010-10-15,2010,4,10,1265852.43,68.61,2.72,,,,,,False,203750,0.0,False,More than 200k
31,2010-10-22,2010,4,10,1262289.29,70.72,2.725,,,,,,False,203750,0.0,False,More than 200k
31,2010-10-29,2010,4,10,1257921.28,67.51,2.716,,,,,,False,203750,0.0,False,More than 200k
31,2010-11-05,2010,4,11,1324455.72,58.71,2.689,,,,,,False,203750,0.0,False,More than 200k
31,2010-11-12,2010,4,11,1352780.76,60.95,2.728,,,,,,False,203750,0.0,False,More than 200k
31,2010-11-19,2010,4,11,1359158.57,51.71,2.771,,,,,,False,203750,0.0,False,More than 200k
31,2010-11-26,2010,4,11,1858856.06,62.96,2.735,,,,,,True,203750,0.0,False,More than 200k
31,2010-12-03,2010,4,12,1338716.37,50.43,2.708,,,,,,False,203750,0.0,False,More than 200k
31,2010-12-10,2010,4,12,1475685.1,46.35,2.843,,,,,,False,203750,0.0,False,More than 200k
31,2010-12-17,2010,4,12,1714667.0,48.63,2.869,,,,,,False,203750,0.0,False,More than 200k
31,2010-12-24,2010,4,12,2068942.97,51.29,2.886,,,,,,False,203750,0.0,False,More than 200k
31,2010-12-31,2010,4,12,1198071.6,47.19,2.943,,,,,,True,203750,0.0,False,More than 200k
31,2011-01-07,2011,1,1,1311986.87,44.24,2.976,,,,,,False,203750,0.0,False,More than 200k
31,2011-01-14,2011,1,1,1350730.31,34.14,2.983,,,,,,False,203750,0.0,False,More than 200k
31,2011-01-21,2011,1,1,1344167.13,42.72,3.016,,,,,,False,203750,0.0,False,More than 200k
31,2011-01-28,2011,1,1,1254955.68,44.04,3.01,,,,,,False,203750,0.0,False,More than 200k
31,2011-02-04,2011,1,2,1443206.46,36.33,2.989,,,,,,False,203750,0.0,False,More than 200k
31,2011-02-11,2011,1,2,1539230.32,34.61,3.022,,,,,,True,203750,0.0,False,More than 200k
31,2011-02-18,2011,1,2,1539063.91,59.87,3.045,,,,,,False,203750,0.0,False,More than 200k
31,2011-02-25,2011,1,2,1365678.22,61.27,3.065,,,,,,False,203750,0.0,False,More than 200k
31,2011-03-04,2011,1,3,1412721.18,59.52,3.288,,,,,,False,203750,0.0,False,More than 200k
31,2011-03-11,2011,1,3,1405572.93,54.69,3.459,,,,,,False,203750,0.0,False,More than 200k
31,2011-03-18,2011,1,3,1425559.02,63.26,3.488,,,,,,False,203750,0.0,False,More than 200k
31,2011-03-25,2011,1,3,1357036.1,70.33,3.473,,,,,,False,203750,0.0,False,More than 200k
31,2011-04-01,2011,2,4,1344890.73,56.36,3.524,,,,,,False,203750,0.0,False,More than 200k
31,2011-04-08,2011,2,4,1416790.17,68.62,3.622,,,,,,False,203750,0.0,False,More than 200k
31,2011-04-15,2011,2,4,1408464.08,71.01,3.743,,,,,,False,203750,0.0,False,More than 200k
31,2011-04-22,2011,2,4,1461393.91,70.79,3.807,,,,,,False,203750,0.0,False,More than 200k
31,2011-04-29,2011,2,4,1331137.96,70.19,3.81,,,,,,False,203750,0.0,False,More than 200k
31,2011-05-06,2011,2,5,1388755.6099999999,61.87,3.906,,,,,,False,203750,0.0,False,More than 200k
31,2011-05-13,2011,2,5,1408118.22,75.04,3.899,,,,,,False,203750,0.0,False,More than 200k
31,2011-05-20,2011,2,5,1387365.19,68.36,3.907,,,,,,False,203750,0.0,False,More than 200k
31,2011-05-27,2011,2,5,1342273.64,76.86,3.786,,,,,,False,203750,0.0,False,More than 200k
31,2011-06-03,2011,2,6,1430348.1,83.82,3.699,,,,,,False,203750,0.0,False,More than 200k
31,2011-06-10,2011,2,6,1425299.37,84.71,3.648,,,,,,False,203750,0.0,False,More than 200k
31,2011-06-17,2011,2,6,1491039.14,87.54,3.637,,,,,,False,203750,0.0,False,More than 200k
31,2011-06-24,2011,2,6,1375962.46,85.72,3.594,,,,,,False,203750,0.0,False,More than 200k
31,2011-07-01,2011,3,7,1371889.27,87.57,3.524,,,,,,False,203750,0.0,False,More than 200k
31,2011-07-08,2011,3,7,1423144.47,89.16,3.48,,,,,,False,203750,0.0,False,More than 200k
31,2011-07-15,2011,3,7,1415473.91,91.05,3.575,,,,,,False,203750,0.0,False,More than 200k
31,2011-07-22,2011,3,7,1401944.8,90.27,3.651,,,,,,False,203750,0.0,False,More than 200k
31,2011-07-29,2011,3,7,1308122.15,91.56,3.682,,,,,,False,203750,0.0,False,More than 200k
31,2011-08-05,2011,3,8,1428993.33,94.22,3.684,,,,,,False,203750,0.0,False,More than 200k
31,2011-08-12,2011,3,8,1443311.49,92.32,3.638,,,,,,False,203750,0.0,False,More than 200k
31,2011-08-19,2011,3,8,1487542.53,90.11,3.554,,,,,,False,203750,0.0,False,More than 200k
31,2011-08-26,2011,3,8,1417267.07,92.07,3.523,,,,,,False,203750,0.0,False,More than 200k
31,2011-09-02,2011,3,9,1385769.03,91.94,3.533,,,,,,False,203750,0.0,False,More than 200k
31,2011-09-09,2011,3,9,1376670.27,78.87,3.546,,,,,,True,203750,0.0,False,More than 200k
31,2011-09-16,2011,3,9,1363460.86,80.62,3.526,,,,,,False,203750,0.0,False,More than 200k
31,2011-09-23,2011,3,9,1347607.74,75.68,3.467,,,,,,False,203750,0.0,False,More than 200k
31,2011-09-30,2011,3,9,1285534.74,78.91,3.355,,,,,,False,203750,0.0,False,More than 200k
31,2011-10-07,2011,4,10,1427383.24,71.64,3.285,,,,,,False,203750,0.0,False,More than 200k
31,2011-10-14,2011,4,10,1378340.18,69.79,3.274,,,,,,False,203750,0.0,False,More than 200k
31,2011-10-21,2011,4,10,1409310.4,65.16,3.353,,,,,,False,203750,0.0,False,More than 200k
31,2011-10-28,2011,4,10,1346862.72,65.46,3.372,,,,,,False,203750,0.0,False,More than 200k
31,2011-11-04,2011,4,11,1426405.46,56.01,3.332,,,,,,False,203750,0.0,False,More than 200k
31,2011-11-11,2011,4,11,1444783.6400000001,59.8,3.297,25879.08,8716.86,163.33,3983.24,7898.07,False,203750,46640.58,True,More than 200k
31,2011-11-18,2011,4,11,1445174.79,61.9,3.308,6756.03,591.76,71.38,462.18,12533.58,False,203750,20414.93,True,More than 200k
31,2011-11-25,2011,4,11,1934099.65,56.43,3.236,403.7,92.35,40307.29,95.5,492.36,True,203750,41391.200000000004,True,More than 200k
31,2011-12-02,2011,4,12,1388809.43,48.72,3.172,5425.3,96.94,1100.35,2779.95,24475.38,False,203750,33877.92,True,More than 200k
31,2011-12-09,2011,4,12,1556798.94,41.44,3.158,2876.83,11.87,471.16,1915.49,11604.37,False,203750,16879.72,True,More than 200k
31,2011-12-16,2011,4,12,1611196.61,50.56,3.159,1263.97,47.0,477.99,566.44,5199.2,False,203750,7554.6,True,More than 200k
31,2011-12-23,2011,4,12,2026176.14,46.54,3.112,2240.27,18.26,974.28,86.0,6207.39,False,203750,9526.2,True,More than 200k
31,2011-12-30,2011,4,12,1355405.95,45.16,3.129,6123.19,24716.69,114.74,845.42,3413.9,True,203750,35213.939999999995,True,More than 200k
31,2012-01-06,2012,1,1,1401232.52,48.1,3.157,6105.78,25953.41,91.69,1254.6,6256.02,False,203750,39661.5,True,More than 200k
31,2012-01-13,2012,1,1,1377485.12,45.0,3.261,4371.53,14136.14,54.52,719.85,3942.03,False,203750,23224.069999999996,True,More than 200k
31,2012-01-20,2012,1,1,1372504.9,52.21,3.268,3918.1,2626.22,74.41,167.56,3302.94,False,203750,10089.23,True,More than 200k
31,2012-01-27,2012,1,1,1259941.48,50.79,3.29,2391.52,1189.61,50.82,313.76,4791.34,False,203750,8737.05,True,More than 200k
31,2012-02-03,2012,1,2,1391479.9100000001,55.83,3.36,60394.73,2578.65,128.54,33529.14,7737.46,False,203750,104368.52,True,More than 200k
31,2012-02-10,2012,1,2,1527688.58,46.52,3.409,16946.96,3789.56,83.24,11187.79,8316.25,True,203750,40323.8,True,More than 200k
31,2012-02-17,2012,1,2,1570813.52,45.03,3.51,13158.2,6689.78,10.34,6529.43,7435.73,False,203750,33823.479999999996,True,More than 200k
31,2012-02-24,2012,1,2,1392543.37,54.81,3.555,12329.67,4657.57,5.3,1538.63,5781.58,False,203750,24312.75,True,More than 200k
31,2012-03-02,2012,1,3,1427881.22,59.3,3.63,21236.34,1039.56,26.38,11668.85,7948.31,False,203750,41919.44,True,More than 200k
31,2012-03-09,2012,1,3,1439034.86,57.16,3.669,6284.13,768.91,2.69,1051.13,8527.38,False,203750,16634.239999999998,True,More than 200k
31,2012-03-16,2012,1,3,1481728.1300000001,63.39,3.734,6738.65,801.74,8.13,2047.38,7905.67,False,203750,17501.57,True,More than 200k
31,2012-03-23,2012,1,3,1365824.97,62.96,3.787,4783.0,70.51,2.38,837.58,6900.79,False,203750,12594.26,True,More than 200k
31,2012-03-30,2012,1,3,1318854.22,67.87,3.845,9546.49,584.62,,1334.23,3691.1,False,203750,15156.44,True,More than 200k
31,2012-04-06,2012,2,4,1496169.81,69.02,3.891,12625.17,399.0,21.86,3623.01,16629.1,False,203750,33298.14,True,More than 200k
31,2012-04-13,2012,2,4,1407842.91,69.03,3.891,6352.11,4720.65,13.89,1482.03,3076.8,False,203750,15645.48,True,More than 200k
31,2012-04-20,2012,2,4,1407036.59,66.97,3.877,8373.31,645.86,16.05,311.94,7709.86,False,203750,17057.02,True,More than 200k
31,2012-04-27,2012,2,4,1311352.25,69.21,3.814,2973.44,,10.16,542.5,9196.82,False,203750,12722.92,True,More than 200k
31,2012-05-04,2012,2,5,1391257.28,77.53,3.749,13819.53,,116.3,4932.07,4528.81,False,203750,23396.710000000003,True,More than 200k
31,2012-05-11,2012,2,5,1392938.06,74.14,3.688,13797.91,,8.64,2960.85,3794.93,False,203750,20562.329999999998,True,More than 200k
31,2012-05-18,2012,2,5,1441473.82,72.42,3.63,8569.82,,47.39,719.88,17903.64,False,203750,27240.729999999996,True,More than 200k
31,2012-05-25,2012,2,5,1397094.26,79.49,3.561,12146.84,,488.13,2066.74,5802.72,False,203750,20504.43,True,More than 200k
31,2012-06-01,2012,2,6,1404516.29,79.24,3.501,10969.38,,378.31,2706.46,3236.46,False,203750,17290.609999999997,True,More than 200k
31,2012-06-08,2012,2,6,1443285.79,79.47,3.452,6401.42,,1.01,744.86,7363.36,False,203750,14510.65,True,More than 200k
31,2012-06-15,2012,2,6,1431003.43,81.51,3.393,7348.68,,2.85,2541.21,5428.08,False,203750,15320.820000000002,True,More than 200k
31,2012-06-22,2012,2,6,1394065.76,81.78,3.346,6139.82,26.0,4.33,3613.14,8954.0,False,203750,18737.29,True,More than 200k
31,2012-06-29,2012,2,6,1349202.25,88.05,3.286,5659.29,7.6,,408.59,6001.91,False,203750,12077.39,True,More than 200k
31,2012-07-06,2012,3,7,1458059.42,85.26,3.227,6801.13,1.95,36.15,3120.41,3975.98,False,203750,13935.619999999999,True,More than 200k
31,2012-07-13,2012,3,7,1374301.34,82.51,3.256,7013.13,2.1,29.35,3542.2,10462.74,False,203750,21049.52,True,More than 200k
31,2012-07-20,2012,3,7,1392395.2,84.25,3.311,2331.17,10.59,13.74,2475.94,5588.47,False,203750,10419.91,True,More than 200k
31,2012-07-27,2012,3,7,1303732.36,88.09,3.407,6694.25,35.94,7.2,8201.22,11721.11,False,203750,26659.72,True,More than 200k
31,2012-08-03,2012,3,8,1390174.63,91.57,3.417,22694.34,15.96,76.19,14090.47,8759.63,False,203750,45636.59,True,More than 200k
31,2012-08-10,2012,3,8,1386472.59,89.57,3.494,15098.61,18.96,57.04,4709.17,6169.55,False,203750,26053.329999999998,True,More than 200k
31,2012-08-17,2012,3,8,1410181.7,85.55,3.571,2920.56,40.96,0.01,3529.36,4049.09,False,203750,10539.98,True,More than 200k
31,2012-08-24,2012,3,8,1379783.21,77.72,3.62,6690.73,25.88,0.01,4768.97,7329.68,False,203750,18815.27,True,More than 200k
31,2012-08-31,2012,3,8,1373651.49,83.58,3.638,20970.7,27.94,79.4,8977.02,17926.84,False,203750,47981.9,True,More than 200k
31,2012-09-07,2012,3,9,1358111.62,88.4,3.73,13401.91,61.94,511.63,2215.91,3508.73,True,203750,19700.12,True,More than 200k
31,2012-09-14,2012,3,9,1327705.44,76.1,3.717,11871.81,11.76,112.13,1166.35,6254.74,False,203750,19416.79,True,More than 200k
31,2012-09-21,2012,3,9,1373064.87,71.54,3.721,9618.53,65.82,21.48,1203.78,13987.79,False,203750,24897.4,True,More than 200k
31,2012-09-28,2012,3,9,1279080.58,80.38,3.666,6570.37,16.73,0.15,354.35,7577.57,False,203750,14519.169999999998,True,More than 200k
31,2012-10-05,2012,4,10,1363365.05,70.28,3.617,3155.26,,25.01,4822.44,7109.64,False,203750,15112.35,True,More than 200k
31,2012-10-12,2012,4,10,1401113.42,61.53,3.601,7504.95,,9.89,273.21,9095.96,False,203750,16884.01,True,More than 200k
31,2012-10-19,2012,4,10,1378730.45,68.52,3.594,2432.45,,14.89,1202.44,9394.54,False,203750,13044.32,True,More than 200k
31,2012-10-26,2012,4,10,1340232.55,70.5,3.506,10768.84,50.54,104.5,345.37,6629.51,False,203750,17898.760000000002,True,More than 200k
32,2010-02-05,2010,1,2,1087616.19,34.43,2.58,,,,,,False,203007,0.0,False,More than 200k
32,2010-02-12,2010,1,2,1123566.1199999999,28.09,2.572,,,,,,True,203007,0.0,False,More than 200k
32,2010-02-19,2010,1,2,1082559.06,29.16,2.55,,,,,,False,203007,0.0,False,More than 200k
32,2010-02-26,2010,1,2,1053247.1,26.64,2.586,,,,,,False,203007,0.0,False,More than 200k
32,2010-03-05,2010,1,3,1066566.74,37.72,2.62,,,,,,False,203007,0.0,False,More than 200k
32,2010-03-12,2010,1,3,1093319.3699999999,39.88,2.684,,,,,,False,203007,0.0,False,More than 200k
32,2010-03-19,2010,1,3,1059781.78,42.43,2.692,,,,,,False,203007,0.0,False,More than 200k
32,2010-03-26,2010,1,3,1076021.58,36.59,2.717,,,,,,False,203007,0.0,False,More than 200k
32,2010-04-02,2010,2,4,1131732.94,48.28,2.725,,,,,,False,203007,0.0,False,More than 200k
32,2010-04-09,2010,2,4,1095889.22,44.88,2.75,,,,,,False,203007,0.0,False,More than 200k
32,2010-04-16,2010,2,4,1082763.27,53.49,2.765,,,,,,False,203007,0.0,False,More than 200k
32,2010-04-23,2010,2,4,1072474.8,50.06,2.776,,,,,,False,203007,0.0,False,More than 200k
32,2010-04-30,2010,2,4,1066792.63,47.51,2.766,,,,,,False,203007,0.0,False,More than 200k
32,2010-05-07,2010,2,5,1133657.58,48.94,2.771,,,,,,False,203007,0.0,False,More than 200k
32,2010-05-14,2010,2,5,1079314.52,46.42,2.788,,,,,,False,203007,0.0,False,More than 200k
32,2010-05-21,2010,2,5,1143819.35,55.89,2.776,,,,,,False,203007,0.0,False,More than 200k
32,2010-05-28,2010,2,5,1205662.85,64.69,2.737,,,,,,False,203007,0.0,False,More than 200k
32,2010-06-04,2010,2,6,1149234.96,66.69,2.7,,,,,,False,203007,0.0,False,More than 200k
32,2010-06-11,2010,2,6,1192074.09,70.86,2.684,,,,,,False,203007,0.0,False,More than 200k
32,2010-06-18,2010,2,6,1150191.72,60.94,2.674,,,,,,False,203007,0.0,False,More than 200k
32,2010-06-25,2010,2,6,1124763.74,72.42,2.715,,,,,,False,203007,0.0,False,More than 200k
32,2010-07-02,2010,3,7,1187988.64,74.74,2.728,,,,,,False,203007,0.0,False,More than 200k
32,2010-07-09,2010,3,7,1077253.67,67.55,2.711,,,,,,False,203007,0.0,False,More than 200k
32,2010-07-16,2010,3,7,1120172.24,76.2,2.699,,,,,,False,203007,0.0,False,More than 200k
32,2010-07-23,2010,3,7,1109574.11,75.69,2.691,,,,,,False,203007,0.0,False,More than 200k
32,2010-07-30,2010,3,7,1065350.56,75.62,2.69,,,,,,False,203007,0.0,False,More than 200k
32,2010-08-06,2010,3,8,1144552.09,72.95,2.69,,,,,,False,203007,0.0,False,More than 200k
32,2010-08-13,2010,3,8,1157975.68,74.97,2.723,,,,,,False,203007,0.0,False,More than 200k
32,2010-08-20,2010,3,8,1189887.8599999999,71.46,2.732,,,,,,False,203007,0.0,False,More than 200k
32,2010-08-27,2010,3,8,1140501.03,74.95,2.731,,,,,,False,203007,0.0,False,More than 200k
32,2010-09-03,2010,3,9,1095932.51,70.2,2.773,,,,,,False,203007,0.0,False,More than 200k
32,2010-09-10,2010,3,9,1028635.39,68.44,2.78,,,,,,True,203007,0.0,False,More than 200k
32,2010-09-17,2010,3,9,1043962.36,67.17,2.8,,,,,,False,203007,0.0,False,More than 200k
32,2010-09-24,2010,3,9,1067432.1,64.19,2.793,,,,,,False,203007,0.0,False,More than 200k
32,2010-10-01,2010,4,10,1061089.56,66.14,2.759,,,,,,False,203007,0.0,False,More than 200k
32,2010-10-08,2010,4,10,1085483.44,61.81,2.745,,,,,,False,203007,0.0,False,More than 200k
32,2010-10-15,2010,4,10,1096692.88,52.96,2.762,,,,,,False,203007,0.0,False,More than 200k
32,2010-10-22,2010,4,10,1102185.0,52.3,2.762,,,,,,False,203007,0.0,False,More than 200k
32,2010-10-29,2010,4,10,1115138.51,45.45,2.748,,,,,,False,203007,0.0,False,More than 200k
32,2010-11-05,2010,4,11,1063056.21,49.2,2.729,,,,,,False,203007,0.0,False,More than 200k
32,2010-11-12,2010,4,11,1141019.1099999999,42.3,2.737,,,,,,False,203007,0.0,False,More than 200k
32,2010-11-19,2010,4,11,1150729.89,36.24,2.758,,,,,,False,203007,0.0,False,More than 200k
32,2010-11-26,2010,4,11,1634635.8599999999,29.97,2.742,,,,,,True,203007,0.0,False,More than 200k
32,2010-12-03,2010,4,12,1200892.56,35.18,2.712,,,,,,False,203007,0.0,False,More than 200k
32,2010-12-10,2010,4,12,1377322.73,36.62,2.728,,,,,,False,203007,0.0,False,More than 200k
32,2010-12-17,2010,4,12,1557776.1,36.07,2.778,,,,,,False,203007,0.0,False,More than 200k
32,2010-12-24,2010,4,12,1949183.14,30.72,2.781,,,,,,False,203007,0.0,False,More than 200k
32,2010-12-31,2010,4,12,955463.84,27.7,2.829,,,,,,True,203007,0.0,False,More than 200k
32,2011-01-07,2011,1,1,1046416.17,23.78,2.882,,,,,,False,203007,0.0,False,More than 200k
32,2011-01-14,2011,1,1,1028206.51,21.69,2.911,,,,,,False,203007,0.0,False,More than 200k
32,2011-01-21,2011,1,1,1078348.91,34.54,2.973,,,,,,False,203007,0.0,False,More than 200k
32,2011-01-28,2011,1,1,1006814.85,34.86,3.008,,,,,,False,203007,0.0,False,More than 200k
32,2011-02-04,2011,1,2,1070457.8,15.47,3.011,,,,,,False,203007,0.0,False,More than 200k
32,2011-02-11,2011,1,2,1124357.2,18.51,3.037,,,,,,True,203007,0.0,False,More than 200k
32,2011-02-18,2011,1,2,1183528.58,42.09,3.051,,,,,,False,203007,0.0,False,More than 200k
32,2011-02-25,2011,1,2,1054754.67,33.0,3.101,,,,,,False,203007,0.0,False,More than 200k
32,2011-03-04,2011,1,3,1106847.62,39.17,3.232,,,,,,False,203007,0.0,False,More than 200k
32,2011-03-11,2011,1,3,1101458.21,36.51,3.372,,,,,,False,203007,0.0,False,More than 200k
32,2011-03-18,2011,1,3,1100765.5,45.25,3.406,,,,,,False,203007,0.0,False,More than 200k
32,2011-03-25,2011,1,3,1068719.22,46.7,3.414,,,,,,False,203007,0.0,False,More than 200k
32,2011-04-01,2011,2,4,1051121.02,44.83,3.461,,,,,,False,203007,0.0,False,More than 200k
32,2011-04-08,2011,2,4,1102975.59,48.81,3.532,,,,,,False,203007,0.0,False,More than 200k
32,2011-04-15,2011,2,4,1120508.1400000001,45.97,3.611,,,,,,False,203007,0.0,False,More than 200k
32,2011-04-22,2011,2,4,1210602.91,48.69,3.636,,,,,,False,203007,0.0,False,More than 200k
32,2011-04-29,2011,2,4,1107494.55,44.86,3.663,,,,,,False,203007,0.0,False,More than 200k
32,2011-05-06,2011,2,5,1181793.55,46.65,3.735,,,,,,False,203007,0.0,False,More than 200k
32,2011-05-13,2011,2,5,1138162.76,56.09,3.767,,,,,,False,203007,0.0,False,More than 200k
32,2011-05-20,2011,2,5,1145084.76,45.71,3.828,,,,,,False,203007,0.0,False,More than 200k
32,2011-05-27,2011,2,5,1175447.49,55.13,3.795,,,,,,False,203007,0.0,False,More than 200k
32,2011-06-03,2011,2,6,1167757.0,61.25,3.763,,,,,,False,203007,0.0,False,More than 200k
32,2011-06-10,2011,2,6,1239741.34,65.49,3.735,,,,,,False,203007,0.0,False,More than 200k
32,2011-06-17,2011,2,6,1192031.38,67.38,3.697,,,,,,False,203007,0.0,False,More than 200k
32,2011-06-24,2011,2,6,1163869.52,65.06,3.661,,,,,,False,203007,0.0,False,More than 200k
32,2011-07-01,2011,3,7,1199845.29,72.86,3.597,,,,,,False,203007,0.0,False,More than 200k
32,2011-07-08,2011,3,7,1110244.52,72.56,3.54,,,,,,False,203007,0.0,False,More than 200k
32,2011-07-15,2011,3,7,1144254.26,70.55,3.532,,,,,,False,203007,0.0,False,More than 200k
32,2011-07-22,2011,3,7,1185674.48,76.0,3.545,,,,,,False,203007,0.0,False,More than 200k
32,2011-07-29,2011,3,7,1169988.62,75.91,3.547,,,,,,False,203007,0.0,False,More than 200k
32,2011-08-05,2011,3,8,1201694.1400000001,74.83,3.554,,,,,,False,203007,0.0,False,More than 200k
32,2011-08-12,2011,3,8,1206795.74,74.2,3.542,,,,,,False,203007,0.0,False,More than 200k
32,2011-08-19,2011,3,8,1221318.17,73.72,3.499,,,,,,False,203007,0.0,False,More than 200k
32,2011-08-26,2011,3,8,1183740.91,75.64,3.485,,,,,,False,203007,0.0,False,More than 200k
32,2011-09-02,2011,3,9,1152117.5,74.6,3.511,,,,,,False,203007,0.0,False,More than 200k
32,2011-09-09,2011,3,9,1128237.3,61.24,3.566,,,,,,True,203007,0.0,False,More than 200k
32,2011-09-16,2011,3,9,1142499.25,60.88,3.596,,,,,,False,203007,0.0,False,More than 200k
32,2011-09-23,2011,3,9,1116140.29,58.66,3.581,,,,,,False,203007,0.0,False,More than 200k
32,2011-09-30,2011,3,9,1088943.98,65.04,3.538,,,,,,False,203007,0.0,False,More than 200k
32,2011-10-07,2011,4,10,1149448.02,62.62,3.498,,,,,,False,203007,0.0,False,More than 200k
32,2011-10-14,2011,4,10,1175420.26,50.15,3.491,,,,,,False,203007,0.0,False,More than 200k
32,2011-10-21,2011,4,10,1151258.74,48.87,3.548,,,,,,False,203007,0.0,False,More than 200k
32,2011-10-28,2011,4,10,1185391.96,42.76,3.55,,,,,,False,203007,0.0,False,More than 200k
32,2011-11-04,2011,4,11,1204628.28,37.95,3.527,,,,,,False,203007,0.0,False,More than 200k
32,2011-11-11,2011,4,11,1182733.0,38.1,3.505,21104.84,7842.47,47.56,3908.03,4246.86,False,203007,37149.76,True,More than 200k
32,2011-11-18,2011,4,11,1181651.55,42.61,3.479,4971.23,662.96,48.08,556.43,6452.61,False,203007,12691.31,True,More than 200k
32,2011-11-25,2011,4,11,1684468.66,40.22,3.424,292.46,443.76,71845.76,9.0,1787.07,True,203007,74378.05,True,More than 200k
32,2011-12-02,2011,4,12,1179773.88,33.8,3.378,5261.51,65.0,1075.86,4742.55,25961.21,False,203007,37106.13,True,More than 200k
32,2011-12-09,2011,4,12,1415746.91,17.94,3.331,6397.72,63.0,303.02,2813.68,9856.66,False,203007,19434.08,True,More than 200k
32,2011-12-16,2011,4,12,1556017.91,26.23,3.266,5519.01,79.0,572.44,493.58,4074.52,False,203007,10738.550000000001,True,More than 200k
32,2011-12-23,2011,4,12,1959526.96,25.97,3.173,1211.62,10.3,1255.26,33.0,4932.34,False,203007,7442.52,True,More than 200k
32,2011-12-30,2011,4,12,1102367.65,32.99,3.119,5886.08,51732.49,211.5,1183.24,3017.63,True,203007,62030.939999999995,True,More than 200k
32,2012-01-06,2012,1,1,1099937.25,36.75,3.095,4323.27,33209.84,208.29,1848.9,6197.53,False,203007,45787.83,True,More than 200k
32,2012-01-13,2012,1,1,1071598.36,28.99,3.077,2682.32,14928.54,211.06,1049.44,3137.59,False,203007,22008.95,True,More than 200k
32,2012-01-20,2012,1,1,1080012.04,36.86,3.055,1856.91,6229.68,214.77,887.78,5684.68,False,203007,14873.820000000002,True,More than 200k
32,2012-01-27,2012,1,1,1051864.6,36.67,3.038,1212.68,2986.04,177.27,69.87,2324.48,False,203007,6770.34,True,More than 200k
32,2012-02-03,2012,1,2,1156826.31,35.89,3.031,31506.24,4740.74,306.03,42702.46,7920.93,False,203007,87176.4,True,More than 200k
32,2012-02-10,2012,1,2,1129422.86,23.34,3.103,19784.57,9309.88,225.85,29483.81,5473.82,True,203007,64277.93,True,More than 200k
32,2012-02-17,2012,1,2,1243812.59,24.26,3.113,9434.94,12371.88,39.2,5880.54,7373.13,False,203007,35099.69,True,More than 200k
32,2012-02-24,2012,1,2,1091822.72,33.41,3.129,18765.64,7738.97,7.6,8914.56,6028.36,False,203007,41455.13,True,More than 200k
32,2012-03-02,2012,1,3,1153332.89,33.4,3.191,11929.81,4330.7,10.1,14296.7,2785.63,False,203007,33352.939999999995,True,More than 200k
32,2012-03-09,2012,1,3,1124537.97,39.9,3.286,16322.3,1206.5,4.97,17697.9,4305.36,False,203007,39537.03,True,More than 200k
32,2012-03-16,2012,1,3,1138101.18,51.51,3.486,4050.92,207.8,1.19,72.65,1741.07,False,203007,6073.629999999999,True,More than 200k
32,2012-03-23,2012,1,3,1146632.46,47.64,3.664,6403.49,147.83,4.54,3324.67,3312.99,False,203007,13193.519999999999,True,More than 200k
32,2012-03-30,2012,1,3,1108686.87,56.09,3.75,10428.62,144.83,7.84,1505.63,3306.98,False,203007,15393.900000000001,True,More than 200k
32,2012-04-06,2012,2,4,1270577.01,51.49,3.854,9335.48,,33.85,2211.09,4133.57,False,203007,15713.99,True,More than 200k
32,2012-04-13,2012,2,4,1171834.47,52.1,3.901,5599.64,5969.12,25.75,1440.58,4523.31,False,203007,17558.4,True,More than 200k
32,2012-04-20,2012,2,4,1121405.91,49.15,3.936,7666.76,2726.52,30.46,1330.36,2578.3,False,203007,14332.400000000001,True,More than 200k
32,2012-04-27,2012,2,4,1126962.44,61.76,3.927,4162.67,126.71,45.62,382.41,2146.94,False,203007,6864.35,True,More than 200k
32,2012-05-04,2012,2,5,1187384.53,58.29,3.903,11832.54,,117.43,1881.84,4729.13,False,203007,18560.940000000002,True,More than 200k
32,2012-05-11,2012,2,5,1187051.07,55.4,3.87,17977.87,,26.79,4338.3,3488.39,False,203007,25831.35,True,More than 200k
32,2012-05-18,2012,2,5,1177539.71,57.46,3.837,8887.75,,226.17,1135.59,2831.5,False,203007,13081.01,True,More than 200k
32,2012-05-25,2012,2,5,1232784.22,59.74,3.804,7581.03,,216.17,748.97,3014.25,False,203007,11560.42,True,More than 200k
32,2012-06-01,2012,2,6,1157557.79,62.84,3.764,8570.33,55.0,181.13,669.55,2634.77,False,203007,12110.779999999999,True,More than 200k
32,2012-06-08,2012,2,6,1246322.44,71.14,3.741,8483.84,361.8,77.99,1640.0,6841.59,False,203007,17405.22,True,More than 200k
32,2012-06-15,2012,2,6,1234759.54,70.91,3.723,4642.56,414.3,0.01,989.08,4381.8,False,203007,10427.75,True,More than 200k
32,2012-06-22,2012,2,6,1196880.11,74.85,3.735,7803.3,609.25,3.05,4800.5,15323.92,False,203007,28540.019999999997,True,More than 200k
32,2012-06-29,2012,2,6,1178211.81,81.95,3.693,3333.19,599.5,,798.18,2945.01,False,203007,7675.88,True,More than 200k
32,2012-07-06,2012,3,7,1214183.97,78.68,3.646,6157.85,472.3,28.64,3908.86,6007.28,False,203007,16574.93,True,More than 200k
32,2012-07-13,2012,3,7,1141184.66,71.57,3.613,7111.33,508.95,1.05,1494.84,8154.1,False,203007,17270.27,True,More than 200k
32,2012-07-20,2012,3,7,1167829.33,77.76,3.585,3551.31,567.16,18.05,2117.84,9786.36,False,203007,16040.720000000001,True,More than 200k
32,2012-07-27,2012,3,7,1144901.52,77.56,3.57,6076.83,298.78,2.16,1981.66,3861.65,False,203007,12221.08,True,More than 200k
32,2012-08-03,2012,3,8,1183571.3499999999,75.09,3.528,35187.83,150.85,13.81,7768.33,4009.95,False,203007,47130.77,True,More than 200k
32,2012-08-10,2012,3,8,1227469.2,75.93,3.509,9862.83,573.37,61.32,7871.42,4298.69,False,203007,22667.63,True,More than 200k
32,2012-08-17,2012,3,8,1261306.3699999999,70.75,3.545,7157.73,186.89,3.84,6006.91,1590.2,False,203007,14945.57,True,More than 200k
32,2012-08-24,2012,3,8,1272809.11,70.12,3.558,5446.99,147.41,127.58,3394.31,5920.55,False,203007,15036.84,True,More than 200k
32,2012-08-31,2012,3,8,1183979.27,76.12,3.556,26651.19,227.72,31.33,6843.52,2907.74,False,203007,36661.5,True,More than 200k
32,2012-09-07,2012,3,9,1126685.95,72.56,3.596,7271.43,172.04,233.55,916.85,3089.99,True,203007,11683.86,True,More than 200k
32,2012-09-14,2012,3,9,1156377.47,64.05,3.659,6238.21,77.77,23.41,1404.74,8346.74,False,203007,16090.869999999999,True,More than 200k
32,2012-09-21,2012,3,9,1159119.6,63.49,3.765,7161.18,88.82,3.0,1011.45,5347.22,False,203007,13611.670000000002,True,More than 200k
32,2012-09-28,2012,3,9,1157111.15,60.62,3.789,5399.48,16.73,0.22,1432.28,5673.51,False,203007,12522.22,True,More than 200k
32,2012-10-05,2012,4,10,1202775.24,55.34,3.779,4879.58,,27.93,2641.24,5393.9,False,203007,12942.65,True,More than 200k
32,2012-10-12,2012,4,10,1176681.31,43.49,3.76,2776.24,,17.72,456.08,5687.22,False,203007,8937.26,True,More than 200k
32,2012-10-19,2012,4,10,1199292.06,53.57,3.75,3331.15,,3.96,120.51,3218.33,False,203007,6673.950000000001,True,More than 200k
32,2012-10-26,2012,4,10,1219979.29,47.22,3.686,8968.72,104.91,200.0,534.86,1821.85,False,203007,11630.34,True,More than 200k
33,2010-02-05,2010,1,2,274593.43,58.4,2.962,,,,,,False,39690,0.0,False,Less than 50k
33,2010-02-12,2010,1,2,294882.83,55.47,2.828,,,,,,True,39690,0.0,False,Less than 50k
33,2010-02-19,2010,1,2,296850.83,62.16,2.915,,,,,,False,39690,0.0,False,Less than 50k
33,2010-02-26,2010,1,2,284052.77,56.5,2.825,,,,,,False,39690,0.0,False,Less than 50k
33,2010-03-05,2010,1,3,291484.89,59.17,2.877,,,,,,False,39690,0.0,False,Less than 50k
33,2010-03-12,2010,1,3,312161.0,55.61,3.034,,,,,,False,39690,0.0,False,Less than 50k
33,2010-03-19,2010,1,3,282235.73,64.6,3.054,,,,,,False,39690,0.0,False,Less than 50k
33,2010-03-26,2010,1,3,262893.76,64.09,2.98,,,,,,False,39690,0.0,False,Less than 50k
33,2010-04-02,2010,2,4,274634.52,66.79,3.086,,,,,,False,39690,0.0,False,Less than 50k
33,2010-04-09,2010,2,4,325201.05,68.43,3.004,,,,,,False,39690,0.0,False,Less than 50k
33,2010-04-16,2010,2,4,307779.64,72.44,3.109,,,,,,False,39690,0.0,False,Less than 50k
33,2010-04-23,2010,2,4,263263.02,71.59,3.05,,,,,,False,39690,0.0,False,Less than 50k
33,2010-04-30,2010,2,4,275883.23,73.29,3.105,,,,,,False,39690,0.0,False,Less than 50k
33,2010-05-07,2010,2,5,326870.13,75.4,3.127,,,,,,False,39690,0.0,False,Less than 50k
33,2010-05-14,2010,2,5,331173.51,76.8,3.145,,,,,,False,39690,0.0,False,Less than 50k
33,2010-05-21,2010,2,5,294264.2,82.8,3.12,,,,,,False,39690,0.0,False,Less than 50k
33,2010-05-28,2010,2,5,279246.33,78.47,3.058,,,,,,False,39690,0.0,False,Less than 50k
33,2010-06-04,2010,2,6,285100.0,86.06,2.941,,,,,,False,39690,0.0,False,Less than 50k
33,2010-06-11,2010,2,6,310800.79,93.52,3.057,,,,,,False,39690,0.0,False,Less than 50k
33,2010-06-18,2010,2,6,272399.08,87.69,2.935,,,,,,False,39690,0.0,False,Less than 50k
33,2010-06-25,2010,2,6,259419.91,93.66,3.084,,,,,,False,39690,0.0,False,Less than 50k
33,2010-07-02,2010,3,7,267495.76,97.66,2.978,,,,,,False,39690,0.0,False,Less than 50k
33,2010-07-09,2010,3,7,302423.93,95.88,3.1,,,,,,False,39690,0.0,False,Less than 50k
33,2010-07-16,2010,3,7,280937.84,100.14,2.971,,,,,,False,39690,0.0,False,Less than 50k
33,2010-07-23,2010,3,7,252734.31,97.04,3.112,,,,,,False,39690,0.0,False,Less than 50k
33,2010-07-30,2010,3,7,242047.03,92.71,3.017,,,,,,False,39690,0.0,False,Less than 50k
33,2010-08-06,2010,3,8,262789.95,92.51,3.123,,,,,,False,39690,0.0,False,Less than 50k
33,2010-08-13,2010,3,8,265367.51,95.57,3.049,,,,,,False,39690,0.0,False,Less than 50k
33,2010-08-20,2010,3,8,230519.49,96.46,3.041,,,,,,False,39690,0.0,False,Less than 50k
33,2010-08-27,2010,3,8,224031.19,94.0,3.022,,,,,,False,39690,0.0,False,Less than 50k
33,2010-09-03,2010,3,9,237405.82,90.82,3.087,,,,,,False,39690,0.0,False,Less than 50k
33,2010-09-10,2010,3,9,272834.88,91.77,2.961,,,,,,True,39690,0.0,False,Less than 50k
33,2010-09-17,2010,3,9,246277.18,89.43,3.028,,,,,,False,39690,0.0,False,Less than 50k
33,2010-09-24,2010,3,9,231976.84,91.18,2.939,,,,,,False,39690,0.0,False,Less than 50k
33,2010-10-01,2010,4,10,224294.39,91.45,3.001,,,,,,False,39690,0.0,False,Less than 50k
33,2010-10-08,2010,4,10,266484.19,79.02,2.924,,,,,,False,39690,0.0,False,Less than 50k
33,2010-10-15,2010,4,10,251732.91999999998,80.49,3.08,,,,,,False,39690,0.0,False,Less than 50k
33,2010-10-22,2010,4,10,234175.92,74.2,3.014,,,,,,False,39690,0.0,False,Less than 50k
33,2010-10-29,2010,4,10,213538.32,71.34,3.13,,,,,,False,39690,0.0,False,Less than 50k
33,2010-11-05,2010,4,11,246124.61,74.23,3.009,,,,,,False,39690,0.0,False,Less than 50k
33,2010-11-12,2010,4,11,272803.94,65.21,3.13,,,,,,False,39690,0.0,False,Less than 50k
33,2010-11-19,2010,4,11,224639.76,61.95,3.047,,,,,,False,39690,0.0,False,Less than 50k
33,2010-11-26,2010,4,11,240044.57,56.87,3.162,,,,,,True,39690,0.0,False,Less than 50k
33,2010-12-03,2010,4,12,209986.25,52.82,3.041,,,,,,False,39690,0.0,False,Less than 50k
33,2010-12-10,2010,4,12,253050.1,60.72,3.091,,,,,,False,39690,0.0,False,Less than 50k
33,2010-12-17,2010,4,12,238875.26,61.12,3.125,,,,,,False,39690,0.0,False,Less than 50k
33,2010-12-24,2010,4,12,249246.8,60.43,3.236,,,,,,False,39690,0.0,False,Less than 50k
33,2010-12-31,2010,4,12,219804.85,52.91,3.148,,,,,,True,39690,0.0,False,Less than 50k
33,2011-01-07,2011,1,1,243948.82,46.25,3.287,,,,,,False,39690,0.0,False,Less than 50k
33,2011-01-14,2011,1,1,259527.75,53.63,3.312,,,,,,False,39690,0.0,False,Less than 50k
33,2011-01-21,2011,1,1,244856.44,59.46,3.336,,,,,,False,39690,0.0,False,Less than 50k
33,2011-01-28,2011,1,1,231155.9,56.62,3.231,,,,,,False,39690,0.0,False,Less than 50k
33,2011-02-04,2011,1,2,234218.03,49.26,3.348,,,,,,False,39690,0.0,False,Less than 50k
33,2011-02-11,2011,1,2,276198.74,53.35,3.381,,,,,,True,39690,0.0,False,Less than 50k
33,2011-02-18,2011,1,2,252349.6,62.03,3.43,,,,,,False,39690,0.0,False,Less than 50k
33,2011-02-25,2011,1,2,242901.21,54.89,3.398,,,,,,False,39690,0.0,False,Less than 50k
33,2011-03-04,2011,1,3,245435.80000000002,59.51,3.674,,,,,,False,39690,0.0,False,Less than 50k
33,2011-03-11,2011,1,3,270921.44,66.51,3.63,,,,,,False,39690,0.0,False,Less than 50k
33,2011-03-18,2011,1,3,247234.47,72.72,3.892,,,,,,False,39690,0.0,False,Less than 50k
33,2011-03-25,2011,1,3,238084.08,63.34,3.716,,,,,,False,39690,0.0,False,Less than 50k
33,2011-04-01,2011,2,4,232769.09,71.41,3.772,,,,,,False,39690,0.0,False,Less than 50k
33,2011-04-08,2011,2,4,271924.73,75.11,3.818,,,,,,False,39690,0.0,False,Less than 50k
33,2011-04-15,2011,2,4,275749.56,64.64,4.089,,,,,,False,39690,0.0,False,Less than 50k
33,2011-04-22,2011,2,4,248603.3,79.46,3.917,,,,,,False,39690,0.0,False,Less than 50k
33,2011-04-29,2011,2,4,248561.86,77.44,4.151,,,,,,False,39690,0.0,False,Less than 50k
33,2011-05-06,2011,2,5,257031.19,77.92,4.193,,,,,,False,39690,0.0,False,Less than 50k
33,2011-05-13,2011,2,5,279466.87,78.24,4.202,,,,,,False,39690,0.0,False,Less than 50k
33,2011-05-20,2011,2,5,239206.26,76.07,3.99,,,,,,False,39690,0.0,False,Less than 50k
33,2011-05-27,2011,2,5,239431.85,82.32,3.933,,,,,,False,39690,0.0,False,Less than 50k
33,2011-06-03,2011,2,6,243477.03,82.93,3.893,,,,,,False,39690,0.0,False,Less than 50k
33,2011-06-10,2011,2,6,258427.38999999998,87.02,3.981,,,,,,False,39690,0.0,False,Less than 50k
33,2011-06-17,2011,2,6,238172.66,91.11,3.935,,,,,,False,39690,0.0,False,Less than 50k
33,2011-06-24,2011,2,6,238433.53,94.11,3.807,,,,,,False,39690,0.0,False,Less than 50k
33,2011-07-01,2011,3,7,226702.36000000002,98.43,3.842,,,,,,False,39690,0.0,False,Less than 50k
33,2011-07-08,2011,3,7,262717.71,96.44,3.793,,,,,,False,39690,0.0,False,Less than 50k
33,2011-07-15,2011,3,7,265003.47,92.83,3.779,,,,,,False,39690,0.0,False,Less than 50k
33,2011-07-22,2011,3,7,238915.05000000002,97.17,3.697,,,,,,False,39690,0.0,False,Less than 50k
33,2011-07-29,2011,3,7,224806.96,95.28,3.694,,,,,,False,39690,0.0,False,Less than 50k
33,2011-08-05,2011,3,8,242456.39,96.93,3.803,,,,,,False,39690,0.0,False,Less than 50k
33,2011-08-12,2011,3,8,274721.85,96.0,3.794,,,,,,False,39690,0.0,False,Less than 50k
33,2011-08-19,2011,3,8,242771.37,95.89,3.743,,,,,,False,39690,0.0,False,Less than 50k
33,2011-08-26,2011,3,8,237095.82,99.66,3.663,,,,,,False,39690,0.0,False,Less than 50k
33,2011-09-02,2011,3,9,239198.36,99.2,3.798,,,,,,False,39690,0.0,False,Less than 50k
33,2011-09-09,2011,3,9,281842.27999999997,96.22,3.771,,,,,,True,39690,0.0,False,Less than 50k
33,2011-09-16,2011,3,9,262407.57,85.79,3.784,,,,,,False,39690,0.0,False,Less than 50k
33,2011-09-23,2011,3,9,234793.12,88.93,3.789,,,,,,False,39690,0.0,False,Less than 50k
33,2011-09-30,2011,3,9,229731.98,89.1,3.877,,,,,,False,39690,0.0,False,Less than 50k
33,2011-10-07,2011,4,10,262159.13,81.16,3.827,,,,,,False,39690,0.0,False,Less than 50k
33,2011-10-14,2011,4,10,272487.33,76.49,3.698,,,,,,False,39690,0.0,False,Less than 50k
33,2011-10-21,2011,4,10,233543.08000000002,81.74,3.842,,,,,,False,39690,0.0,False,Less than 50k
33,2011-10-28,2011,4,10,231319.96,76.73,3.843,,,,,,False,39690,0.0,False,Less than 50k
33,2011-11-04,2011,4,11,236157.12,71.91,3.828,,,,,,False,39690,0.0,False,Less than 50k
33,2011-11-11,2011,4,11,271961.04,58.75,3.677,105.63,126.28,5.06,,27754.23,False,39690,27991.2,True,Less than 50k
33,2011-11-18,2011,4,11,251294.5,63.35,3.669,86.59,6.0,,,3220.86,False,39690,3313.4500000000003,True,Less than 50k
33,2011-11-25,2011,4,11,255996.47,62.35,3.76,11.94,6.0,,,1641.91,True,39690,1659.8500000000001,True,Less than 50k
33,2011-12-02,2011,4,12,220060.35,59.12,3.701,0.5,,4.0,,1280.77,False,39690,1285.27,True,Less than 50k
33,2011-12-09,2011,4,12,270373.05,47.7,3.644,9.88,,6.93,,1580.88,False,39690,1597.69,True,Less than 50k
33,2011-12-16,2011,4,12,259638.35,53.18,3.489,258.31,,3.67,,1065.06,False,39690,1327.04,True,Less than 50k
33,2011-12-23,2011,4,12,256235.19,53.39,3.541,123.82,,2.78,,950.77,False,39690,1077.37,True,Less than 50k
33,2011-12-30,2011,4,12,215359.21,51.6,3.428,384.37,1919.79,4.95,25.2,556.38,True,39690,2890.6899999999996,True,Less than 50k
33,2012-01-06,2012,1,1,267058.08,60.92,3.443,42.92,1279.42,2.55,,246.46,False,39690,1571.3500000000001,True,Less than 50k
33,2012-01-13,2012,1,1,279447.22000000003,54.61,3.477,370.06,70.73,7.02,,671.89,False,39690,1119.7,True,Less than 50k
33,2012-01-20,2012,1,1,244899.19999999998,55.99,3.66,234.48,61.51,3.64,,317.59,False,39690,617.22,True,Less than 50k
33,2012-01-27,2012,1,1,236920.49,56.33,3.675,12.6,12.47,3.38,,375.54,False,39690,403.99,True,Less than 50k
33,2012-02-03,2012,1,2,256091.32,59.53,3.543,653.33,7.4,3.38,,773.27,False,39690,1437.38,True,Less than 50k
33,2012-02-10,2012,1,2,282552.58,59.94,3.722,1437.28,1.5,4.94,,1244.96,True,39690,2688.6800000000003,True,Less than 50k
33,2012-02-17,2012,1,2,266300.98,57.8,3.781,99.4,262.95,3.9,0.46,1005.65,False,39690,1372.36,True,Less than 50k
33,2012-02-24,2012,1,2,242526.7,59.41,3.95,577.17,268.61,,2.61,1653.57,False,39690,2501.96,True,Less than 50k
33,2012-03-02,2012,1,3,248051.53,60.91,3.882,460.73,24.96,,,2045.14,False,39690,2530.83,True,Less than 50k
33,2012-03-09,2012,1,3,287346.29,62.2,3.963,128.45,3.68,0.99,,1640.64,False,39690,1773.7600000000002,True,Less than 50k
33,2012-03-16,2012,1,3,278067.73,65.99,4.273,128.46,3.0,,,538.44,False,39690,669.9000000000001,True,Less than 50k
33,2012-03-23,2012,1,3,246970.97,60.82,4.288,,3.68,0.34,,227.12,False,39690,231.14000000000001,True,Less than 50k
33,2012-03-30,2012,1,3,251327.67,71.34,4.294,215.97,,,,923.99,False,39690,1139.96,True,Less than 50k
33,2012-04-06,2012,2,4,275911.97000000003,70.75,4.282,228.1,,,,321.7,False,39690,549.8,True,Less than 50k
33,2012-04-13,2012,2,4,312698.67,73.17,4.254,492.15,335.84,,,1369.05,False,39690,2197.04,True,Less than 50k
33,2012-04-20,2012,2,4,261837.2,72.94,4.111,470.51,119.92,,128.87,284.28,False,39690,1003.5799999999999,True,Less than 50k
33,2012-04-27,2012,2,4,249798.75,83.07,4.088,476.96,8.97,,0.87,537.58,False,39690,1024.38,True,Less than 50k
33,2012-05-04,2012,2,5,270497.51,82.43,4.058,69.59,,,,709.35,False,39690,778.94,True,Less than 50k
33,2012-05-11,2012,2,5,295841.84,81.02,4.186,758.77,,,,2001.77,False,39690,2760.54,True,Less than 50k
33,2012-05-18,2012,2,5,276899.95,89.81,4.308,103.81,,,,2161.91,False,39690,2265.72,True,Less than 50k
33,2012-05-25,2012,2,5,261851.74000000002,88.89,4.127,320.93,,,,4038.58,False,39690,4359.51,True,Less than 50k
33,2012-06-01,2012,2,6,261131.09,83.57,4.277,1603.57,,,,867.15,False,39690,2470.72,True,Less than 50k
33,2012-06-08,2012,2,6,286082.76,90.94,4.103,499.25,,,,959.13,False,39690,1458.38,True,Less than 50k
33,2012-06-15,2012,2,6,290444.31,92.44,4.144,1655.11,,,,1079.36,False,39690,2734.47,True,Less than 50k
33,2012-06-22,2012,2,6,261666.29,95.75,4.014,213.64,,,,2346.53,False,39690,2560.17,True,Less than 50k
33,2012-06-29,2012,2,6,244338.31,98.15,3.875,,,,,807.21,False,39690,807.21,True,Less than 50k
33,2012-07-06,2012,3,7,273690.37,93.21,3.666,297.52,,3.44,,1107.31,False,39690,1408.27,True,Less than 50k
33,2012-07-13,2012,3,7,287033.64,97.6,3.723,221.83,,0.6,,2405.4,False,39690,2627.83,True,Less than 50k
33,2012-07-20,2012,3,7,253205.88999999998,91.49,3.589,648.02,,,,959.57,False,39690,1607.5900000000001,True,Less than 50k
33,2012-07-27,2012,3,7,249134.32,93.95,3.769,24.71,,,,1205.27,False,39690,1229.98,True,Less than 50k
33,2012-08-03,2012,3,8,258533.12,92.13,3.595,238.26,,2.88,44.29,767.86,False,39690,1053.29,True,Less than 50k
33,2012-08-10,2012,3,8,297753.49,100.07,3.811,90.89,,,,278.04,False,39690,368.93,True,Less than 50k
33,2012-08-17,2012,3,8,270097.76,96.79,4.002,382.03,,0.96,,1698.55,False,39690,2081.54,True,Less than 50k
33,2012-08-24,2012,3,8,247672.56,89.62,4.055,35.76,,1.44,,1381.43,False,39690,1418.63,True,Less than 50k
33,2012-08-31,2012,3,8,237129.81,94.55,3.886,119.39,,,9.7,1547.92,False,39690,1677.01,True,Less than 50k
33,2012-09-07,2012,3,9,286428.78,92.02,4.124,175.64,,,,841.9,True,39690,1017.54,True,Less than 50k
33,2012-09-14,2012,3,9,277417.53,83.4,3.966,1105.36,,,,495.17,False,39690,1600.53,True,Less than 50k
33,2012-09-21,2012,3,9,252709.58000000002,86.53,4.125,427.64,,,,392.74,False,39690,820.38,True,Less than 50k
33,2012-09-28,2012,3,9,242813.51,86.42,3.966,167.65,,,,1569.73,False,39690,1737.38,True,Less than 50k
33,2012-10-05,2012,4,10,265444.9,85.18,4.132,433.79,,,,1160.27,False,39690,1594.06,True,Less than 50k
33,2012-10-12,2012,4,10,291781.14999999997,79.64,4.468,33.23,,,,590.43,False,39690,623.66,True,Less than 50k
33,2012-10-19,2012,4,10,254412.34,75.55,4.449,18.0,,,,649.05,False,39690,667.05,True,Less than 50k
33,2012-10-26,2012,4,10,253731.13,73.7,4.301,122.41,13.71,,,965.49,False,39690,1101.6100000000001,True,Less than 50k
34,2010-02-05,2010,1,2,956228.96,35.44,2.598,,,,,,False,158114,0.0,False,Between 150k and 200k
34,2010-02-12,2010,1,2,994610.99,36.13,2.573,,,,,,True,158114,0.0,False,Between 150k and 200k
34,2010-02-19,2010,1,2,983963.07,38.36,2.54,,,,,,False,158114,0.0,False,Between 150k and 200k
34,2010-02-26,2010,1,2,905756.13,37.28,2.59,,,,,,False,158114,0.0,False,Between 150k and 200k
34,2010-03-05,2010,1,3,918295.79,42.65,2.654,,,,,,False,158114,0.0,False,Between 150k and 200k
34,2010-03-12,2010,1,3,921247.88,42.26,2.704,,,,,,False,158114,0.0,False,Between 150k and 200k
34,2010-03-19,2010,1,3,892070.82,45.86,2.743,,,,,,False,158114,0.0,False,Between 150k and 200k
34,2010-03-26,2010,1,3,880742.35,42.91,2.752,,,,,,False,158114,0.0,False,Between 150k and 200k
34,2010-04-02,2010,2,4,979428.66,50.07,2.74,,,,,,False,158114,0.0,False,Between 150k and 200k
34,2010-04-09,2010,2,4,950684.2,51.26,2.773,,,,,,False,158114,0.0,False,Between 150k and 200k
34,2010-04-16,2010,2,4,923344.54,59.18,2.81,,,,,,False,158114,0.0,False,Between 150k and 200k
34,2010-04-23,2010,2,4,910240.68,55.04,2.805,,,,,,False,158114,0.0,False,Between 150k and 200k
34,2010-04-30,2010,2,4,859922.19,56.58,2.787,,,,,,False,158114,0.0,False,Between 150k and 200k
34,2010-05-07,2010,2,5,953495.48,57.39,2.836,,,,,,False,158114,0.0,False,Between 150k and 200k
34,2010-05-14,2010,2,5,933924.4400000001,60.74,2.845,,,,,,False,158114,0.0,False,Between 150k and 200k
34,2010-05-21,2010,2,5,913616.3200000001,63.99,2.82,,,,,,False,158114,0.0,False,Between 150k and 200k
34,2010-05-28,2010,2,5,942868.38,68.68,2.756,,,,,,False,158114,0.0,False,Between 150k and 200k
34,2010-06-04,2010,2,6,966187.51,72.17,2.701,,,,,,False,158114,0.0,False,Between 150k and 200k
34,2010-06-11,2010,2,6,954681.56,80.84,2.668,,,,,,False,158114,0.0,False,Between 150k and 200k
34,2010-06-18,2010,2,6,941612.04,73.48,2.635,,,,,,False,158114,0.0,False,Between 150k and 200k
34,2010-06-25,2010,2,6,895800.0700000001,78.47,2.654,,,,,,False,158114,0.0,False,Between 150k and 200k
34,2010-07-02,2010,3,7,919229.36,73.66,2.668,,,,,,False,158114,0.0,False,Between 150k and 200k
34,2010-07-09,2010,3,7,911210.81,75.0,2.637,,,,,,False,158114,0.0,False,Between 150k and 200k
34,2010-07-16,2010,3,7,930269.79,78.53,2.621,,,,,,False,158114,0.0,False,Between 150k and 200k
34,2010-07-23,2010,3,7,902050.9500000001,79.58,2.612,,,,,,False,158114,0.0,False,Between 150k and 200k
34,2010-07-30,2010,3,7,875976.83,72.26,2.65,,,,,,False,158114,0.0,False,Between 150k and 200k
34,2010-08-06,2010,3,8,987435.35,73.8,2.64,,,,,,False,158114,0.0,False,Between 150k and 200k
34,2010-08-13,2010,3,8,951208.65,76.72,2.698,,,,,,False,158114,0.0,False,Between 150k and 200k
34,2010-08-20,2010,3,8,985152.9400000001,76.45,2.671,,,,,,False,158114,0.0,False,Between 150k and 200k
34,2010-08-27,2010,3,8,855421.39,72.87,2.621,,,,,,False,158114,0.0,False,Between 150k and 200k
34,2010-09-03,2010,3,9,964356.74,72.59,2.584,,,,,,False,158114,0.0,False,Between 150k and 200k
34,2010-09-10,2010,3,9,932240.96,72.61,2.574,,,,,,True,158114,0.0,False,Between 150k and 200k
34,2010-09-17,2010,3,9,885445.47,70.71,2.594,,,,,,False,158114,0.0,False,Between 150k and 200k
34,2010-09-24,2010,3,9,867539.07,69.78,2.642,,,,,,False,158114,0.0,False,Between 150k and 200k
34,2010-10-01,2010,4,10,865709.11,70.13,2.619,,,,,,False,158114,0.0,False,Between 150k and 200k
34,2010-10-08,2010,4,10,931710.67,65.21,2.645,,,,,,False,158114,0.0,False,Between 150k and 200k
34,2010-10-15,2010,4,10,888703.62,59.57,2.732,,,,,,False,158114,0.0,False,Between 150k and 200k
34,2010-10-22,2010,4,10,936293.6,58.11,2.736,,,,,,False,158114,0.0,False,Between 150k and 200k
34,2010-10-29,2010,4,10,926294.02,50.78,2.718,,,,,,False,158114,0.0,False,Between 150k and 200k
34,2010-11-05,2010,4,11,972292.3099999999,52.43,2.699,,,,,,False,158114,0.0,False,Between 150k and 200k
34,2010-11-12,2010,4,11,979730.78,47.2,2.741,,,,,,False,158114,0.0,False,Between 150k and 200k
34,2010-11-19,2010,4,11,955766.33,40.93,2.78,,,,,,False,158114,0.0,False,Between 150k and 200k
34,2010-11-26,2010,4,11,1309476.68,41.13,2.752,,,,,,True,158114,0.0,False,Between 150k and 200k
34,2010-12-03,2010,4,12,1001512.21,34.7,2.727,,,,,,False,158114,0.0,False,Between 150k and 200k
34,2010-12-10,2010,4,12,1086661.02,41.93,2.86,,,,,,False,158114,0.0,False,Between 150k and 200k
34,2010-12-17,2010,4,12,1227148.13,42.64,2.884,,,,,,False,158114,0.0,False,Between 150k and 200k
34,2010-12-24,2010,4,12,1620748.25,42.74,2.887,,,,,,False,158114,0.0,False,Between 150k and 200k
34,2010-12-31,2010,4,12,902109.69,34.11,2.955,,,,,,True,158114,0.0,False,Between 150k and 200k
34,2011-01-07,2011,1,1,900646.9400000001,24.5,2.98,,,,,,False,158114,0.0,False,Between 150k and 200k
34,2011-01-14,2011,1,1,898610.33,30.75,2.992,,,,,,False,158114,0.0,False,Between 150k and 200k
34,2011-01-21,2011,1,1,891025.39,39.57,3.017,,,,,,False,158114,0.0,False,Between 150k and 200k
34,2011-01-28,2011,1,1,836717.75,34.68,3.022,,,,,,False,158114,0.0,False,Between 150k and 200k
34,2011-02-04,2011,1,2,971932.87,23.82,2.996,,,,,,False,158114,0.0,False,Between 150k and 200k
34,2011-02-11,2011,1,2,1015654.6,28.66,3.033,,,,,,True,158114,0.0,False,Between 150k and 200k
34,2011-02-18,2011,1,2,1062629.3,45.12,3.058,,,,,,False,158114,0.0,False,Between 150k and 200k
34,2011-02-25,2011,1,2,953331.45,44.57,3.087,,,,,,False,158114,0.0,False,Between 150k and 200k
34,2011-03-04,2011,1,3,963910.8099999999,46.21,3.305,,,,,,False,158114,0.0,False,Between 150k and 200k
34,2011-03-11,2011,1,3,943951.67,45.87,3.461,,,,,,False,158114,0.0,False,Between 150k and 200k
34,2011-03-18,2011,1,3,1014218.8,55.58,3.495,,,,,,False,158114,0.0,False,Between 150k and 200k
34,2011-03-25,2011,1,3,922898.38,53.11,3.48,,,,,,False,158114,0.0,False,Between 150k and 200k
34,2011-04-01,2011,2,4,884233.67,55.46,3.521,,,,,,False,158114,0.0,False,Between 150k and 200k
34,2011-04-08,2011,2,4,975479.83,58.59,3.605,,,,,,False,158114,0.0,False,Between 150k and 200k
34,2011-04-15,2011,2,4,941829.0,53.3,3.724,,,,,,False,158114,0.0,False,Between 150k and 200k
34,2011-04-22,2011,2,4,1051518.45,63.83,3.781,,,,,,False,158114,0.0,False,Between 150k and 200k
34,2011-04-29,2011,2,4,895973.02,57.73,3.781,,,,,,False,158114,0.0,False,Between 150k and 200k
34,2011-05-06,2011,2,5,965853.58,54.4,3.866,,,,,,False,158114,0.0,False,Between 150k and 200k
34,2011-05-13,2011,2,5,966232.6900000001,63.05,3.872,,,,,,False,158114,0.0,False,Between 150k and 200k
34,2011-05-20,2011,2,5,945018.83,61.47,3.881,,,,,,False,158114,0.0,False,Between 150k and 200k
34,2011-05-27,2011,2,5,941311.83,65.99,3.771,,,,,,False,158114,0.0,False,Between 150k and 200k
34,2011-06-03,2011,2,6,947229.24,74.64,3.683,,,,,,False,158114,0.0,False,Between 150k and 200k
34,2011-06-10,2011,2,6,943912.77,74.57,3.64,,,,,,False,158114,0.0,False,Between 150k and 200k
34,2011-06-17,2011,2,6,968258.0900000001,76.58,3.618,,,,,,False,158114,0.0,False,Between 150k and 200k
34,2011-06-24,2011,2,6,923795.04,77.16,3.57,,,,,,False,158114,0.0,False,Between 150k and 200k
34,2011-07-01,2011,3,7,911106.22,81.96,3.504,,,,,,False,158114,0.0,False,Between 150k and 200k
34,2011-07-08,2011,3,7,926934.5700000001,80.84,3.469,,,,,,False,158114,0.0,False,Between 150k and 200k
34,2011-07-15,2011,3,7,903882.96,78.09,3.563,,,,,,False,158114,0.0,False,Between 150k and 200k
34,2011-07-22,2011,3,7,913236.62,80.75,3.627,,,,,,False,158114,0.0,False,Between 150k and 200k
34,2011-07-29,2011,3,7,851461.9,78.04,3.659,,,,,,False,158114,0.0,False,Between 150k and 200k
34,2011-08-05,2011,3,8,942236.45,76.71,3.662,,,,,,False,158114,0.0,False,Between 150k and 200k
34,2011-08-12,2011,3,8,956251.18,80.23,3.617,,,,,,False,158114,0.0,False,Between 150k and 200k
34,2011-08-19,2011,3,8,960418.54,77.08,3.55,,,,,,False,158114,0.0,False,Between 150k and 200k
34,2011-08-26,2011,3,8,871404.6,77.27,3.523,,,,,,False,158114,0.0,False,Between 150k and 200k
34,2011-09-02,2011,3,9,926455.64,78.24,3.533,,,,,,False,158114,0.0,False,Between 150k and 200k
34,2011-09-09,2011,3,9,930506.14,70.05,3.554,,,,,,True,158114,0.0,False,Between 150k and 200k
34,2011-09-16,2011,3,9,927249.61,64.94,3.532,,,,,,False,158114,0.0,False,Between 150k and 200k
34,2011-09-23,2011,3,9,902852.73,66.23,3.473,,,,,,False,158114,0.0,False,Between 150k and 200k
34,2011-09-30,2011,3,9,871847.85,69.44,3.371,,,,,,False,158114,0.0,False,Between 150k and 200k
34,2011-10-07,2011,4,10,954069.45,60.42,3.299,,,,,,False,158114,0.0,False,Between 150k and 200k
34,2011-10-14,2011,4,10,911788.79,54.72,3.283,,,,,,False,158114,0.0,False,Between 150k and 200k
34,2011-10-21,2011,4,10,953693.23,58.93,3.361,,,,,,False,158114,0.0,False,Between 150k and 200k
34,2011-10-28,2011,4,10,958063.87,54.56,3.362,,,,,,False,158114,0.0,False,Between 150k and 200k
34,2011-11-04,2011,4,11,992621.9299999999,48.04,3.322,,,,,,False,158114,0.0,False,Between 150k and 200k
34,2011-11-11,2011,4,11,991570.02,41.04,3.286,10860.98,6524.97,65.95,4082.99,4814.43,False,158114,26349.32,True,Between 150k and 200k
34,2011-11-18,2011,4,11,947552.4400000001,46.0,3.294,4673.94,1014.27,132.18,799.24,5734.11,False,158114,12353.739999999998,True,Between 150k and 200k
34,2011-11-25,2011,4,11,1345595.82,45.99,3.225,32.5,317.08,42455.51,6.0,1438.09,True,158114,44249.18,True,Between 150k and 200k
34,2011-12-02,2011,4,12,988742.08,39.75,3.176,4611.57,70.94,1109.59,1307.67,17316.01,False,158114,24415.78,True,Between 150k and 200k
34,2011-12-09,2011,4,12,1084243.91,24.69,3.153,3131.47,3.0,127.58,479.79,4102.57,False,158114,7844.41,True,Between 150k and 200k
34,2011-12-16,2011,4,12,1151052.86,32.31,3.149,824.88,300.0,226.35,573.1,2966.73,False,158114,4891.0599999999995,True,Between 150k and 200k
34,2011-12-23,2011,4,12,1593655.96,32.45,3.103,1200.1,0.18,1108.23,37.22,2109.3,False,158114,4455.030000000001,True,Between 150k and 200k
34,2011-12-30,2011,4,12,965512.36,28.84,3.119,3312.59,21909.93,210.22,146.1,3299.3,True,158114,28878.14,True,Between 150k and 200k
34,2012-01-06,2012,1,1,953844.85,36.39,3.158,5998.79,18094.69,104.92,351.55,2890.32,False,158114,27440.269999999997,True,Between 150k and 200k
34,2012-01-13,2012,1,1,913755.12,33.99,3.263,2514.23,8431.82,48.38,186.59,4699.39,False,158114,15880.41,True,Between 150k and 200k
34,2012-01-20,2012,1,1,910899.05,39.28,3.273,1358.95,3015.89,27.49,255.88,2402.57,False,158114,7060.780000000001,True,Between 150k and 200k
34,2012-01-27,2012,1,1,872450.37,39.81,3.29,387.48,1594.36,18.98,13.35,769.52,False,158114,2783.6899999999996,True,Between 150k and 200k
34,2012-02-03,2012,1,2,939367.14,38.64,3.354,24118.77,1767.26,91.24,14240.58,3833.23,False,158114,44051.08,True,Between 150k and 200k
34,2012-02-10,2012,1,2,1047658.0900000001,36.7,3.411,16191.24,4394.52,58.87,11972.11,6375.39,True,158114,38992.130000000005,True,Between 150k and 200k
34,2012-02-17,2012,1,2,1123446.51,37.25,3.493,8386.11,4644.97,16.48,2748.66,6015.47,False,158114,21811.690000000002,True,Between 150k and 200k
34,2012-02-24,2012,1,2,950154.24,39.89,3.541,5674.77,3367.59,2.6,1389.89,3919.46,False,158114,14354.310000000001,True,Between 150k and 200k
34,2012-03-02,2012,1,3,990263.7,42.74,3.619,9511.41,469.84,2.8,6593.25,4281.12,False,158114,20858.42,True,Between 150k and 200k
34,2012-03-09,2012,1,3,976393.43,42.7,3.667,6150.33,209.07,,124.83,4638.14,False,158114,11122.369999999999,True,Between 150k and 200k
34,2012-03-16,2012,1,3,999298.43,48.09,3.707,6104.24,94.31,2.7,479.7,1656.98,False,158114,8337.93,True,Between 150k and 200k
34,2012-03-23,2012,1,3,945143.33,47.93,3.759,3662.39,107.42,0.59,941.47,1934.93,False,158114,6646.8,True,Between 150k and 200k
34,2012-03-30,2012,1,3,938861.77,59.29,3.82,7866.57,104.84,5.59,28.76,1979.96,False,158114,9985.720000000001,True,Between 150k and 200k
34,2012-04-06,2012,2,4,1091020.3699999999,54.42,3.864,6570.6,,37.31,2558.69,5479.81,False,158114,14646.41,True,Between 150k and 200k
34,2012-04-13,2012,2,4,987353.65,59.12,3.881,5146.78,3729.58,14.82,799.06,1563.6,False,158114,11253.84,True,Between 150k and 200k
34,2012-04-20,2012,2,4,977628.78,55.34,3.864,1397.43,2573.19,18.46,70.76,2761.17,False,158114,6821.01,True,Between 150k and 200k
34,2012-04-27,2012,2,4,940299.87,66.49,3.81,5573.52,886.23,8.87,338.1,2014.84,False,158114,8821.56,True,Between 150k and 200k
34,2012-05-04,2012,2,5,991104.4,65.04,3.747,6219.31,,69.88,2597.74,3522.31,False,158114,12409.24,True,Between 150k and 200k
34,2012-05-11,2012,2,5,949625.52,61.92,3.685,11342.48,,29.11,1214.28,1983.03,False,158114,14568.900000000001,True,Between 150k and 200k
34,2012-05-18,2012,2,5,998672.85,64.97,3.62,2328.53,,2.43,1042.41,2111.41,False,158114,5484.78,True,Between 150k and 200k
34,2012-05-25,2012,2,5,1015737.61,72.42,3.551,4031.31,43.0,146.38,1114.59,2174.14,False,158114,7509.42,True,Between 150k and 200k
34,2012-06-01,2012,2,6,977062.44,70.41,3.483,10054.19,,128.85,87.9,5049.13,False,158114,15320.07,True,Between 150k and 200k
34,2012-06-08,2012,2,6,999511.29,75.35,3.433,6967.19,85.4,0.37,1251.49,10377.32,False,158114,18681.769999999997,True,Between 150k and 200k
34,2012-06-15,2012,2,6,982345.51,76.48,3.372,5809.23,32.4,400.09,924.94,3054.63,False,158114,10221.29,True,Between 150k and 200k
34,2012-06-22,2012,2,6,1000285.1,78.85,3.329,4673.0,169.0,,1561.36,4524.99,False,158114,10928.349999999999,True,Between 150k and 200k
34,2012-06-29,2012,2,6,942970.63,81.91,3.257,3725.46,52.2,,343.56,3814.45,False,158114,7935.67,True,Between 150k and 200k
34,2012-07-06,2012,3,7,1007867.6799999999,77.95,3.187,6438.2,174.8,103.13,2529.03,3839.19,False,158114,13084.35,True,Between 150k and 200k
34,2012-07-13,2012,3,7,954677.75,74.02,3.224,2691.41,20.2,16.91,806.44,3029.0,False,158114,6563.959999999999,True,Between 150k and 200k
34,2012-07-20,2012,3,7,950929.59,77.7,3.263,2732.08,98.0,5.98,743.47,2456.79,False,158114,6036.32,True,Between 150k and 200k
34,2012-07-27,2012,3,7,917883.79,77.3,3.356,3124.08,92.22,0.36,1720.84,3878.36,False,158114,8815.86,True,Between 150k and 200k
34,2012-08-03,2012,3,8,973250.41,78.93,3.374,9386.73,45.0,37.88,4384.73,4169.76,False,158114,18024.1,True,Between 150k and 200k
34,2012-08-10,2012,3,8,1004523.59,78.26,3.476,9297.06,12.0,8.3,4250.64,2103.48,False,158114,15671.48,True,Between 150k and 200k
34,2012-08-17,2012,3,8,1013820.86,77.78,3.552,5553.04,32.6,6.13,1315.08,5733.84,False,158114,12640.69,True,Between 150k and 200k
34,2012-08-24,2012,3,8,926250.21,72.44,3.61,1899.97,83.8,9.16,609.67,3844.82,False,158114,6447.42,True,Between 150k and 200k
34,2012-08-31,2012,3,8,933487.71,75.89,3.646,12815.65,64.2,18.56,2171.06,4926.61,False,158114,19996.079999999998,True,Between 150k and 200k
34,2012-09-07,2012,3,9,976415.56,78.26,3.709,8791.04,,25.77,3473.34,1789.37,True,158114,14079.52,True,Between 150k and 200k
34,2012-09-14,2012,3,9,955211.7000000001,64.28,3.706,4855.31,,11.31,832.14,5118.55,False,158114,10817.310000000001,True,Between 150k and 200k
34,2012-09-21,2012,3,9,943047.78,66.08,3.721,4857.37,5.73,0.85,221.84,7308.76,False,158114,12394.55,True,Between 150k and 200k
34,2012-09-28,2012,3,9,928629.31,67.06,3.666,2282.47,3.82,0.22,198.21,2618.07,False,158114,5102.79,True,Between 150k and 200k
34,2012-10-05,2012,4,10,968896.6799999999,65.41,3.62,2716.1,,6.03,1648.8,3539.71,False,158114,7910.64,True,Between 150k and 200k
34,2012-10-12,2012,4,10,948613.39,59.94,3.603,2254.65,,29.82,524.12,7604.92,False,158114,10413.51,True,Between 150k and 200k
34,2012-10-19,2012,4,10,963516.28,58.47,3.61,725.01,,9.18,370.91,2907.57,False,158114,4012.67,True,Between 150k and 200k
34,2012-10-26,2012,4,10,956987.8099999999,57.95,3.514,1151.88,68.01,3.0,392.12,1468.81,False,158114,3083.82,True,Between 150k and 200k
35,2010-02-05,2010,1,2,1230613.5,27.19,2.784,,,,,,False,103681,0.0,False,Between 100k and 150k
35,2010-02-12,2010,1,2,1168815.31,29.81,2.773,,,,,,True,103681,0.0,False,Between 100k and 150k
35,2010-02-19,2010,1,2,1270658.64,32.44,2.745,,,,,,False,103681,0.0,False,Between 100k and 150k
35,2010-02-26,2010,1,2,1020651.74,36.0,2.754,,,,,,False,103681,0.0,False,Between 100k and 150k
35,2010-03-05,2010,1,3,1162610.27,38.07,2.777,,,,,,False,103681,0.0,False,Between 100k and 150k
35,2010-03-12,2010,1,3,1150344.39,45.98,2.818,,,,,,False,103681,0.0,False,Between 100k and 150k
35,2010-03-19,2010,1,3,1117536.09,49.04,2.844,,,,,,False,103681,0.0,False,Between 100k and 150k
35,2010-03-26,2010,1,3,1078900.44,52.34,2.854,,,,,,False,103681,0.0,False,Between 100k and 150k
35,2010-04-02,2010,2,4,1189556.47,46.9,2.85,,,,,,False,103681,0.0,False,Between 100k and 150k
35,2010-04-09,2010,2,4,1198014.97,62.62,2.869,,,,,,False,103681,0.0,False,Between 100k and 150k
35,2010-04-16,2010,2,4,1084487.55,54.95,2.899,,,,,,False,103681,0.0,False,Between 100k and 150k
35,2010-04-23,2010,2,4,1110827.48,53.91,2.902,,,,,,False,103681,0.0,False,Between 100k and 150k
35,2010-04-30,2010,2,4,1096930.65,53.55,2.921,,,,,,False,103681,0.0,False,Between 100k and 150k
35,2010-05-07,2010,2,5,1182099.88,69.02,2.966,,,,,,False,103681,0.0,False,Between 100k and 150k
35,2010-05-14,2010,2,5,1104277.57,53.82,2.982,,,,,,False,103681,0.0,False,Between 100k and 150k
35,2010-05-21,2010,2,5,1078182.18,63.31,2.958,,,,,,False,103681,0.0,False,Between 100k and 150k
35,2010-05-28,2010,2,5,1223777.48,67.88,2.899,,,,,,False,103681,0.0,False,Between 100k and 150k
35,2010-06-04,2010,2,6,1282378.71,74.29,2.847,,,,,,False,103681,0.0,False,Between 100k and 150k
35,2010-06-11,2010,2,6,1160412.71,68.9,2.809,,,,,,False,103681,0.0,False,Between 100k and 150k
35,2010-06-18,2010,2,6,1198025.76,70.0,2.78,,,,,,False,103681,0.0,False,Between 100k and 150k
35,2010-06-25,2010,2,6,1230245.74,78.02,2.808,,,,,,False,103681,0.0,False,Between 100k and 150k
35,2010-07-02,2010,3,7,1245827.08,76.25,2.815,,,,,,False,103681,0.0,False,Between 100k and 150k
35,2010-07-09,2010,3,7,1268766.76,82.69,2.793,,,,,,False,103681,0.0,False,Between 100k and 150k
35,2010-07-16,2010,3,7,1124414.8699999999,78.26,2.783,,,,,,False,103681,0.0,False,Between 100k and 150k
35,2010-07-23,2010,3,7,1121756.43,81.56,2.771,,,,,,False,103681,0.0,False,Between 100k and 150k
35,2010-07-30,2010,3,7,1139131.78,79.78,2.781,,,,,,False,103681,0.0,False,Between 100k and 150k
35,2010-08-06,2010,3,8,1180183.39,77.45,2.784,,,,,,False,103681,0.0,False,Between 100k and 150k
35,2010-08-13,2010,3,8,1090587.5,77.36,2.805,,,,,,False,103681,0.0,False,Between 100k and 150k
35,2010-08-20,2010,3,8,1033719.5,75.16,2.779,,,,,,False,103681,0.0,False,Between 100k and 150k
35,2010-08-27,2010,3,8,917693.06,70.31,2.755,,,,,,False,103681,0.0,False,Between 100k and 150k
35,2010-09-03,2010,3,9,948660.79,78.52,2.715,,,,,,False,103681,0.0,False,Between 100k and 150k
35,2010-09-10,2010,3,9,961685.98,70.38,2.699,,,,,,True,103681,0.0,False,Between 100k and 150k
35,2010-09-17,2010,3,9,831443.61,64.5,2.706,,,,,,False,103681,0.0,False,Between 100k and 150k
35,2010-09-24,2010,3,9,758069.78,67.08,2.713,,,,,,False,103681,0.0,False,Between 100k and 150k
35,2010-10-01,2010,4,10,771065.21,70.19,2.707,,,,,,False,103681,0.0,False,Between 100k and 150k
35,2010-10-08,2010,4,10,874615.32,57.78,2.764,,,,,,False,103681,0.0,False,Between 100k and 150k
35,2010-10-15,2010,4,10,798376.99,58.38,2.868,,,,,,False,103681,0.0,False,Between 100k and 150k
35,2010-10-22,2010,4,10,827705.82,52.82,2.917,,,,,,False,103681,0.0,False,Between 100k and 150k
35,2010-10-29,2010,4,10,857797.33,61.02,2.921,,,,,,False,103681,0.0,False,Between 100k and 150k
35,2010-11-05,2010,4,11,843755.12,45.91,2.917,,,,,,False,103681,0.0,False,Between 100k and 150k
35,2010-11-12,2010,4,11,870914.69,45.9,2.931,,,,,,False,103681,0.0,False,Between 100k and 150k
35,2010-11-19,2010,4,11,846850.35,50.81,3.0,,,,,,False,103681,0.0,False,Between 100k and 150k
35,2010-11-26,2010,4,11,1781866.98,46.67,3.039,,,,,,True,103681,0.0,False,Between 100k and 150k
35,2010-12-03,2010,4,12,982598.88,41.81,3.046,,,,,,False,103681,0.0,False,Between 100k and 150k
35,2010-12-10,2010,4,12,1108580.19,30.83,3.109,,,,,,False,103681,0.0,False,Between 100k and 150k
35,2010-12-17,2010,4,12,1314987.4,31.62,3.14,,,,,,False,103681,0.0,False,Between 100k and 150k
35,2010-12-24,2010,4,12,1779236.54,31.34,3.141,,,,,,False,103681,0.0,False,Between 100k and 150k
35,2010-12-31,2010,4,12,576332.05,29.59,3.179,,,,,,True,103681,0.0,False,Between 100k and 150k
35,2011-01-07,2011,1,1,649289.75,34.42,3.193,,,,,,False,103681,0.0,False,Between 100k and 150k
35,2011-01-14,2011,1,1,687670.78,25.7,3.205,,,,,,False,103681,0.0,False,Between 100k and 150k
35,2011-01-21,2011,1,1,659902.07,30.13,3.229,,,,,,False,103681,0.0,False,Between 100k and 150k
35,2011-01-28,2011,1,1,633289.78,23.64,3.237,,,,,,False,103681,0.0,False,Between 100k and 150k
35,2011-02-04,2011,1,2,747577.0499999999,28.7,3.231,,,,,,False,103681,0.0,False,Between 100k and 150k
35,2011-02-11,2011,1,2,859258.17,30.45,3.239,,,,,,True,103681,0.0,False,Between 100k and 150k
35,2011-02-18,2011,1,2,865305.88,39.32,3.245,,,,,,False,103681,0.0,False,Between 100k and 150k
35,2011-02-25,2011,1,2,841129.26,33.05,3.274,,,,,,False,103681,0.0,False,Between 100k and 150k
35,2011-03-04,2011,1,3,850448.54,36.99,3.433,,,,,,False,103681,0.0,False,Between 100k and 150k
35,2011-03-11,2011,1,3,830601.39,43.64,3.582,,,,,,False,103681,0.0,False,Between 100k and 150k
35,2011-03-18,2011,1,3,800662.82,46.65,3.631,,,,,,False,103681,0.0,False,Between 100k and 150k
35,2011-03-25,2011,1,3,762184.1,40.11,3.625,,,,,,False,103681,0.0,False,Between 100k and 150k
35,2011-04-01,2011,2,4,762620.9400000001,37.27,3.638,,,,,,False,103681,0.0,False,Between 100k and 150k
35,2011-04-08,2011,2,4,813352.41,46.87,3.72,,,,,,False,103681,0.0,False,Between 100k and 150k
35,2011-04-15,2011,2,4,795157.2,52.24,3.821,,,,,,False,103681,0.0,False,Between 100k and 150k
35,2011-04-22,2011,2,4,841778.34,50.02,3.892,,,,,,False,103681,0.0,False,Between 100k and 150k
35,2011-04-29,2011,2,4,811824.06,61.71,3.962,,,,,,False,103681,0.0,False,Between 100k and 150k
35,2011-05-06,2011,2,5,835181.18,56.48,4.046,,,,,,False,103681,0.0,False,Between 100k and 150k
35,2011-05-13,2011,2,5,826155.95,60.07,4.066,,,,,,False,103681,0.0,False,Between 100k and 150k
35,2011-05-20,2011,2,5,776838.56,60.22,4.062,,,,,,False,103681,0.0,False,Between 100k and 150k
35,2011-05-27,2011,2,5,850708.6,66.43,3.985,,,,,,False,103681,0.0,False,Between 100k and 150k
35,2011-06-03,2011,2,6,955466.84,74.17,3.922,,,,,,False,103681,0.0,False,Between 100k and 150k
35,2011-06-10,2011,2,6,855130.21,73.26,3.881,,,,,,False,103681,0.0,False,Between 100k and 150k
35,2011-06-17,2011,2,6,828594.86,67.03,3.842,,,,,,False,103681,0.0,False,Between 100k and 150k
35,2011-06-24,2011,2,6,849397.5700000001,72.02,3.804,,,,,,False,103681,0.0,False,Between 100k and 150k
35,2011-07-01,2011,3,7,874453.88,73.76,3.748,,,,,,False,103681,0.0,False,Between 100k and 150k
35,2011-07-08,2011,3,7,827717.85,76.87,3.711,,,,,,False,103681,0.0,False,Between 100k and 150k
35,2011-07-15,2011,3,7,813845.5,77.83,3.76,,,,,,False,103681,0.0,False,Between 100k and 150k
35,2011-07-22,2011,3,7,820188.42,82.28,3.811,,,,,,False,103681,0.0,False,Between 100k and 150k
35,2011-07-29,2011,3,7,770820.27,79.41,3.829,,,,,,False,103681,0.0,False,Between 100k and 150k
35,2011-08-05,2011,3,8,826820.71,78.14,3.842,,,,,,False,103681,0.0,False,Between 100k and 150k
35,2011-08-12,2011,3,8,819911.89,76.67,3.812,,,,,,False,103681,0.0,False,Between 100k and 150k
35,2011-08-19,2011,3,8,820288.35,72.97,3.747,,,,,,False,103681,0.0,False,Between 100k and 150k
35,2011-08-26,2011,3,8,897037.25,72.88,3.704,,,,,,False,103681,0.0,False,Between 100k and 150k
35,2011-09-02,2011,3,9,813486.55,71.44,3.703,,,,,,False,103681,0.0,False,Between 100k and 150k
35,2011-09-09,2011,3,9,922440.64,70.93,3.738,,,,,,True,103681,0.0,False,Between 100k and 150k
35,2011-09-16,2011,3,9,738792.11,69.65,3.742,,,,,,False,103681,0.0,False,Between 100k and 150k
35,2011-09-23,2011,3,9,705802.45,63.61,3.711,,,,,,False,103681,0.0,False,Between 100k and 150k
35,2011-09-30,2011,3,9,749676.95,70.92,3.645,,,,,,False,103681,0.0,False,Between 100k and 150k
35,2011-10-07,2011,4,10,791637.53,56.91,3.583,,,,,,False,103681,0.0,False,Between 100k and 150k
35,2011-10-14,2011,4,10,772859.25,64.78,3.541,,,,,,False,103681,0.0,False,Between 100k and 150k
35,2011-10-21,2011,4,10,811328.4,59.62,3.57,,,,,,False,103681,0.0,False,Between 100k and 150k
35,2011-10-28,2011,4,10,808821.5,51.81,3.569,,,,,,False,103681,0.0,False,Between 100k and 150k
35,2011-11-04,2011,4,11,653468.75,44.46,3.551,,,,,,False,103681,0.0,False,Between 100k and 150k
35,2011-11-11,2011,4,11,880576.33,49.69,3.53,22242.79,13392.67,1134.49,2951.74,5421.27,False,103681,45142.95999999999,True,Between 100k and 150k
35,2011-11-18,2011,4,11,820964.1,51.42,3.53,23654.62,110.12,103.34,951.51,1618.6,False,103681,26438.189999999995,True,Between 100k and 150k
35,2011-11-25,2011,4,11,1733822.4000000001,47.88,3.492,1333.24,,58563.24,20.97,6386.86,True,103681,66304.31,True,Between 100k and 150k
35,2011-12-02,2011,4,12,903606.03,50.55,3.452,5051.87,,3150.68,3945.27,26649.46,False,103681,38797.28,True,Between 100k and 150k
35,2011-12-09,2011,4,12,948964.99,46.28,3.415,1386.01,,529.1,955.48,9427.75,False,103681,12298.34,True,Between 100k and 150k
35,2011-12-16,2011,4,12,1115255.65,40.68,3.413,5115.93,0.27,10748.31,601.89,14608.23,False,103681,31074.63,True,Between 100k and 150k
35,2011-12-23,2011,4,12,1550214.02,41.59,3.389,318.61,22.4,1429.48,20.98,4140.36,False,103681,5931.83,True,Between 100k and 150k
35,2011-12-30,2011,4,12,904650.55,37.85,3.389,6742.63,34766.99,163.27,961.0,2074.13,True,103681,44708.01999999999,True,Between 100k and 150k
35,2012-01-06,2012,1,1,671708.09,35.8,3.422,5956.88,13987.28,24.73,1685.24,6269.59,False,103681,27923.72,True,Between 100k and 150k
35,2012-01-13,2012,1,1,625135.11,41.3,3.513,2428.51,7532.95,2.28,413.26,3750.02,False,103681,14127.02,True,Between 100k and 150k
35,2012-01-20,2012,1,1,669850.04,30.35,3.533,2498.37,4413.52,5.46,618.55,2393.77,False,103681,9929.67,True,Between 100k and 150k
35,2012-01-27,2012,1,1,588722.99,36.96,3.567,2798.44,2928.52,1.46,446.0,9008.25,False,103681,15182.67,True,Between 100k and 150k
35,2012-02-03,2012,1,2,746901.03,42.52,3.617,62567.6,3718.52,41.68,40201.38,4130.12,False,103681,110659.29999999999,True,Between 100k and 150k
35,2012-02-10,2012,1,2,849779.14,37.86,3.64,11865.12,4373.03,23.69,11941.36,8357.61,True,103681,36560.810000000005,True,Between 100k and 150k
35,2012-02-17,2012,1,2,824568.39,37.24,3.695,20207.59,7982.96,2.64,9522.98,10733.96,False,103681,48450.13,True,Between 100k and 150k
35,2012-02-24,2012,1,2,805028.74,41.74,3.739,10463.9,6749.11,,5146.87,4553.22,False,103681,26913.1,True,Between 100k and 150k
35,2012-03-02,2012,1,3,766571.1,40.07,3.816,31880.88,1775.2,84.02,26264.78,1609.25,False,103681,61614.13,True,Between 100k and 150k
35,2012-03-09,2012,1,3,796351.35,44.32,3.848,16514.65,344.55,68.3,2596.73,2245.26,False,103681,21769.489999999998,True,Between 100k and 150k
35,2012-03-16,2012,1,3,793045.82,49.6,3.862,6972.24,222.12,1.2,1587.92,2214.43,False,103681,10997.91,True,Between 100k and 150k
35,2012-03-23,2012,1,3,760671.1,57.3,3.9,25204.95,107.69,0.25,8359.06,5252.73,False,103681,38924.67999999999,True,Between 100k and 150k
35,2012-03-30,2012,1,3,744525.69,49.4,3.953,19560.85,77.41,7.4,4081.77,3629.96,False,103681,27357.39,True,Between 100k and 150k
35,2012-04-06,2012,2,4,860293.46,48.73,3.996,9093.04,,10.27,2383.68,4858.77,False,103681,16345.760000000002,True,Between 100k and 150k
35,2012-04-13,2012,2,4,788633.42,52.22,4.044,4697.48,4222.33,10.5,1903.35,1156.1,False,103681,11989.76,True,Between 100k and 150k
35,2012-04-20,2012,2,4,794660.24,62.62,4.027,2095.31,4447.75,6.05,149.91,2504.7,False,103681,9203.72,True,Between 100k and 150k
35,2012-04-27,2012,2,4,721212.45,52.33,4.004,6477.02,1050.49,7.43,1123.9,1681.46,False,103681,10340.3,True,Between 100k and 150k
35,2012-05-04,2012,2,5,772036.6,53.68,3.951,13647.64,,9.87,6114.76,4853.52,False,103681,24625.79,True,Between 100k and 150k
35,2012-05-11,2012,2,5,802383.63,58.97,3.889,12297.04,,10.76,1040.0,2355.67,False,103681,15703.470000000001,True,Between 100k and 150k
35,2012-05-18,2012,2,5,819196.68,65.15,3.848,8475.44,,2.87,2133.81,2904.46,False,103681,13516.580000000002,True,Between 100k and 150k
35,2012-05-25,2012,2,5,822167.17,64.77,3.798,8708.2,,296.24,1676.8,2399.15,False,103681,13080.39,True,Between 100k and 150k
35,2012-06-01,2012,2,6,932195.52,73.4,3.742,12469.08,,9.66,3040.28,5859.48,False,103681,21378.5,True,Between 100k and 150k
35,2012-06-08,2012,2,6,873415.01,64.05,3.689,6984.56,44.0,287.97,851.39,5482.29,False,103681,13650.210000000001,True,Between 100k and 150k
35,2012-06-15,2012,2,6,848289.41,69.52,3.62,4983.83,6.8,1.04,2545.67,1991.41,False,103681,9528.75,True,Between 100k and 150k
35,2012-06-22,2012,2,6,911696.0,73.23,3.564,5984.0,32.8,0.57,528.54,2636.77,False,103681,9182.68,True,Between 100k and 150k
35,2012-06-29,2012,2,6,892133.41,73.94,3.506,11690.61,,,3457.25,5129.74,False,103681,20277.6,True,Between 100k and 150k
35,2012-07-06,2012,3,7,985479.64,82.08,3.475,7808.9,7.0,47.5,6948.28,6443.45,False,103681,21255.13,True,Between 100k and 150k
35,2012-07-13,2012,3,7,825763.48,78.95,3.523,3516.15,,0.15,1749.8,1430.23,False,103681,6696.33,True,Between 100k and 150k
35,2012-07-20,2012,3,7,841224.74,78.64,3.567,3934.52,,25.9,934.49,3512.52,False,103681,8407.43,True,Between 100k and 150k
35,2012-07-27,2012,3,7,808030.15,76.01,3.647,5446.22,,10.88,6221.18,2764.62,False,103681,14442.900000000001,True,Between 100k and 150k
35,2012-08-03,2012,3,8,866216.36,75.22,3.654,35956.75,,11.63,21249.14,2079.74,False,103681,59297.259999999995,True,Between 100k and 150k
35,2012-08-10,2012,3,8,888368.8,78.44,3.722,9664.78,,63.72,2523.61,2076.6,False,103681,14328.710000000001,True,Between 100k and 150k
35,2012-08-17,2012,3,8,887979.47,76.51,3.807,3038.67,,,1401.93,2672.55,False,103681,7113.150000000001,True,Between 100k and 150k
35,2012-08-24,2012,3,8,895274.72,72.93,3.834,5726.77,,57.08,5332.71,4133.91,False,103681,15250.470000000001,True,Between 100k and 150k
35,2012-08-31,2012,3,8,931278.97,75.0,3.867,17617.15,,94.08,6324.67,3173.73,False,103681,27209.63,True,Between 100k and 150k
35,2012-09-07,2012,3,9,984833.35,76.0,3.911,11678.32,,53.35,1976.76,8415.89,True,103681,22124.32,True,Between 100k and 150k
35,2012-09-14,2012,3,9,821568.64,68.72,3.948,8915.4,,16.27,1564.94,7400.92,False,103681,17897.53,True,Between 100k and 150k
35,2012-09-21,2012,3,9,772302.94,66.1,4.038,6982.1,87.37,6.0,2085.94,9129.21,False,103681,18290.62,True,Between 100k and 150k
35,2012-09-28,2012,3,9,814099.86,64.92,3.997,20867.96,42.64,3.22,5895.05,3810.27,False,103681,30619.14,True,Between 100k and 150k
35,2012-10-05,2012,4,10,866064.4,64.5,3.985,6855.08,,3.66,2468.47,2737.33,False,103681,12064.539999999999,True,Between 100k and 150k
35,2012-10-12,2012,4,10,873643.14,55.4,4.0,1524.37,,5.33,558.26,6097.45,False,103681,8185.41,True,Between 100k and 150k
35,2012-10-19,2012,4,10,829284.67,56.53,3.969,2694.71,,4.98,526.09,2051.88,False,103681,5277.66,True,Between 100k and 150k
35,2012-10-26,2012,4,10,865137.6,58.99,3.882,6221.06,42.48,103.0,273.9,996.79,False,103681,7637.23,True,Between 100k and 150k
36,2010-02-05,2010,1,2,467546.74,45.97,2.545,,,,,,False,39910,0.0,False,Less than 50k
36,2010-02-12,2010,1,2,469563.7,46.11,2.539,,,,,,True,39910,0.0,False,Less than 50k
36,2010-02-19,2010,1,2,470281.03,45.66,2.472,,,,,,False,39910,0.0,False,Less than 50k
36,2010-02-26,2010,1,2,447519.44,50.87,2.52,,,,,,False,39910,0.0,False,Less than 50k
36,2010-03-05,2010,1,3,480203.43,51.33,2.574,,,,,,False,39910,0.0,False,Less than 50k
36,2010-03-12,2010,1,3,441434.2,61.96,2.619,,,,,,False,39910,0.0,False,Less than 50k
36,2010-03-19,2010,1,3,428851.99,59.56,2.701,,,,,,False,39910,0.0,False,Less than 50k
36,2010-03-26,2010,1,3,404438.51,55.76,2.711,,,,,,False,39910,0.0,False,Less than 50k
36,2010-04-02,2010,2,4,435972.82,63.43,2.708,,,,,,False,39910,0.0,False,Less than 50k
36,2010-04-09,2010,2,4,453016.91,68.54,2.743,,,,,,False,39910,0.0,False,Less than 50k
36,2010-04-16,2010,2,4,483699.56,66.74,2.769,,,,,,False,39910,0.0,False,Less than 50k
36,2010-04-23,2010,2,4,434116.8,68.03,2.762,,,,,,False,39910,0.0,False,Less than 50k
36,2010-04-30,2010,2,4,457899.64,70.9,2.725,,,,,,False,39910,0.0,False,Less than 50k
36,2010-05-07,2010,2,5,489372.02,75.56,2.786,,,,,,False,39910,0.0,False,Less than 50k
36,2010-05-14,2010,2,5,476733.74,77.53,2.805,,,,,,False,39910,0.0,False,Less than 50k
36,2010-05-21,2010,2,5,474917.98,77.34,2.767,,,,,,False,39910,0.0,False,Less than 50k
36,2010-05-28,2010,2,5,447050.42,80.87,2.716,,,,,,False,39910,0.0,False,Less than 50k
36,2010-06-04,2010,2,6,471088.88,79.93,2.664,,,,,,False,39910,0.0,False,Less than 50k
36,2010-06-11,2010,2,6,467711.18,82.3,2.615,,,,,,False,39910,0.0,False,Less than 50k
36,2010-06-18,2010,2,6,485694.72000000003,84.37,2.572,,,,,,False,39910,0.0,False,Less than 50k
36,2010-06-25,2010,2,6,434879.87,84.14,2.601,,,,,,False,39910,0.0,False,Less than 50k
36,2010-07-02,2010,3,7,434252.14999999997,81.85,2.606,,,,,,False,39910,0.0,False,Less than 50k
36,2010-07-09,2010,3,7,471713.59,81.74,2.596,,,,,,False,39910,0.0,False,Less than 50k
36,2010-07-16,2010,3,7,466962.04,84.43,2.561,,,,,,False,39910,0.0,False,Less than 50k
36,2010-07-23,2010,3,7,452021.2,82.6,2.542,,,,,,False,39910,0.0,False,Less than 50k
36,2010-07-30,2010,3,7,432451.91,81.88,2.602,,,,,,False,39910,0.0,False,Less than 50k
36,2010-08-06,2010,3,8,467442.94,85.49,2.573,,,,,,False,39910,0.0,False,Less than 50k
36,2010-08-13,2010,3,8,470436.8,86.06,2.644,,,,,,False,39910,0.0,False,Less than 50k
36,2010-08-20,2010,3,8,437949.9,85.54,2.604,,,,,,False,39910,0.0,False,Less than 50k
36,2010-08-27,2010,3,8,412050.73000000004,84.62,2.562,,,,,,False,39910,0.0,False,Less than 50k
36,2010-09-03,2010,3,9,431294.45,82.29,2.533,,,,,,False,39910,0.0,False,Less than 50k
36,2010-09-10,2010,3,9,434471.38,80.58,2.513,,,,,,True,39910,0.0,False,Less than 50k
36,2010-09-17,2010,3,9,454694.21,82.1,2.55,,,,,,False,39910,0.0,False,Less than 50k
36,2010-09-24,2010,3,9,419348.58999999997,79.17,2.578,,,,,,False,39910,0.0,False,Less than 50k
36,2010-10-01,2010,4,10,422169.47,74.66,2.567,,,,,,False,39910,0.0,False,Less than 50k
36,2010-10-08,2010,4,10,444351.61,66.34,2.595,,,,,,False,39910,0.0,False,Less than 50k
36,2010-10-15,2010,4,10,453308.15,71.57,2.705,,,,,,False,39910,0.0,False,Less than 50k
36,2010-10-22,2010,4,10,424956.3,72.24,2.698,,,,,,False,39910,0.0,False,Less than 50k
36,2010-10-29,2010,4,10,392654.26,76.22,2.68,,,,,,False,39910,0.0,False,Less than 50k
36,2010-11-05,2010,4,11,405860.37,62.72,2.655,,,,,,False,39910,0.0,False,Less than 50k
36,2010-11-12,2010,4,11,425804.8,61.97,2.705,,,,,,False,39910,0.0,False,Less than 50k
36,2010-11-19,2010,4,11,411615.71,56.73,2.741,,,,,,False,39910,0.0,False,Less than 50k
36,2010-11-26,2010,4,11,408891.49,67.73,2.725,,,,,,True,39910,0.0,False,Less than 50k
36,2010-12-03,2010,4,12,360266.09,54.44,2.694,,,,,,False,39910,0.0,False,Less than 50k
36,2010-12-10,2010,4,12,404545.03,51.83,2.813,,,,,,False,39910,0.0,False,Less than 50k
36,2010-12-17,2010,4,12,410214.7,56.73,2.852,,,,,,False,39910,0.0,False,Less than 50k
36,2010-12-24,2010,4,12,422093.59,59.1,2.863,,,,,,False,39910,0.0,False,Less than 50k
36,2010-12-31,2010,4,12,359310.65,52.88,2.949,,,,,,True,39910,0.0,False,Less than 50k
36,2011-01-07,2011,1,1,384659.85,54.11,2.942,,,,,,False,39910,0.0,False,Less than 50k
36,2011-01-14,2011,1,1,410497.73,42.87,2.971,,,,,,False,39910,0.0,False,Less than 50k
36,2011-01-21,2011,1,1,399191.05,51.18,2.98,,,,,,False,39910,0.0,False,Less than 50k
36,2011-01-28,2011,1,1,372174.12,48.74,2.995,,,,,,False,39910,0.0,False,Less than 50k
36,2011-02-04,2011,1,2,417521.7,46.68,2.98,,,,,,False,39910,0.0,False,Less than 50k
36,2011-02-11,2011,1,2,401501.2,41.16,3.009,,,,,,True,39910,0.0,False,Less than 50k
36,2011-02-18,2011,1,2,427175.03,57.48,3.017,,,,,,False,39910,0.0,False,Less than 50k
36,2011-02-25,2011,1,2,380279.44,67.73,3.053,,,,,,False,39910,0.0,False,Less than 50k
36,2011-03-04,2011,1,3,402579.84,64.55,3.282,,,,,,False,39910,0.0,False,Less than 50k
36,2011-03-11,2011,1,3,407506.77999999997,59.15,3.448,,,,,,False,39910,0.0,False,Less than 50k
36,2011-03-18,2011,1,3,431412.22000000003,64.9,3.487,,,,,,False,39910,0.0,False,Less than 50k
36,2011-03-25,2011,1,3,390732.02,71.07,3.488,,,,,,False,39910,0.0,False,Less than 50k
36,2011-04-01,2011,2,4,385672.11,67.31,3.529,,,,,,False,39910,0.0,False,Less than 50k
36,2011-04-08,2011,2,4,428727.61,69.39,3.645,,,,,,False,39910,0.0,False,Less than 50k
36,2011-04-15,2011,2,4,414986.54,73.25,3.763,,,,,,False,39910,0.0,False,Less than 50k
36,2011-04-22,2011,2,4,374574.72000000003,74.57,3.805,,,,,,False,39910,0.0,False,Less than 50k
36,2011-04-29,2011,2,4,340708.78,76.1,3.837,,,,,,False,39910,0.0,False,Less than 50k
36,2011-05-06,2011,2,5,393401.4,69.56,3.917,,,,,,False,39910,0.0,False,Less than 50k
36,2011-05-13,2011,2,5,395316.65,76.73,3.92,,,,,,False,39910,0.0,False,Less than 50k
36,2011-05-20,2011,2,5,376183.44,73.02,3.925,,,,,,False,39910,0.0,False,Less than 50k
36,2011-05-27,2011,2,5,348655.2,81.28,3.786,,,,,,False,39910,0.0,False,Less than 50k
36,2011-06-03,2011,2,6,373703.95,82.96,3.69,,,,,,False,39910,0.0,False,Less than 50k
36,2011-06-10,2011,2,6,374182.04,82.41,3.633,,,,,,False,39910,0.0,False,Less than 50k
36,2011-06-17,2011,2,6,394645.25,84.43,3.599,,,,,,False,39910,0.0,False,Less than 50k
36,2011-06-24,2011,2,6,360009.94,83.95,3.569,,,,,,False,39910,0.0,False,Less than 50k
36,2011-07-01,2011,3,7,354270.77,85.33,3.502,,,,,,False,39910,0.0,False,Less than 50k
36,2011-07-08,2011,3,7,377464.62,84.71,3.44,,,,,,False,39910,0.0,False,Less than 50k
36,2011-07-15,2011,3,7,385631.48,85.63,3.55,,,,,,False,39910,0.0,False,Less than 50k
36,2011-07-22,2011,3,7,361311.41000000003,83.31,3.637,,,,,,False,39910,0.0,False,Less than 50k
36,2011-07-29,2011,3,7,354361.08,84.99,3.66,,,,,,False,39910,0.0,False,Less than 50k
36,2011-08-05,2011,3,8,381017.75,86.71,3.652,,,,,,False,39910,0.0,False,Less than 50k
36,2011-08-12,2011,3,8,380188.69,87.64,3.608,,,,,,False,39910,0.0,False,Less than 50k
36,2011-08-19,2011,3,8,373267.57999999996,87.24,3.534,,,,,,False,39910,0.0,False,Less than 50k
36,2011-08-26,2011,3,8,344964.2,86.02,3.501,,,,,,False,39910,0.0,False,Less than 50k
36,2011-09-02,2011,3,9,350276.29,87.5,3.481,,,,,,False,39910,0.0,False,Less than 50k
36,2011-09-09,2011,3,9,352960.64,77.94,3.499,,,,,,True,39910,0.0,False,Less than 50k
36,2011-09-16,2011,3,9,343108.12,82.06,3.473,,,,,,False,39910,0.0,False,Less than 50k
36,2011-09-23,2011,3,9,322405.13,78.35,3.441,,,,,,False,39910,0.0,False,Less than 50k
36,2011-09-30,2011,3,9,314910.37,81.52,3.328,,,,,,False,39910,0.0,False,Less than 50k
36,2011-10-07,2011,4,10,346137.87,71.2,3.262,,,,,,False,39910,0.0,False,Less than 50k
36,2011-10-14,2011,4,10,342076.99,74.16,3.234,,,,,,False,39910,0.0,False,Less than 50k
36,2011-10-21,2011,4,10,328633.33999999997,67.89,3.308,,,,,,False,39910,0.0,False,Less than 50k
36,2011-10-28,2011,4,10,306193.81,71.31,3.306,,,,,,False,39910,0.0,False,Less than 50k
36,2011-11-04,2011,4,11,313387.11,58.97,3.287,,,,,,False,39910,0.0,False,Less than 50k
36,2011-11-11,2011,4,11,328498.92,63.5,3.254,65.32,519.25,,,1334.56,False,39910,1919.1299999999999,True,Less than 50k
36,2011-11-18,2011,4,11,332901.94,66.28,3.26,5.64,19.82,,,578.02,False,39910,603.48,True,Less than 50k
36,2011-11-25,2011,4,11,332811.55,66.41,3.181,7.09,,,,780.75,True,39910,787.84,True,Less than 50k
36,2011-12-02,2011,4,12,293350.51,53.57,3.164,,,10.0,,624.31,False,39910,634.31,True,Less than 50k
36,2011-12-09,2011,4,12,312298.37,50.64,3.147,,,,,1129.02,False,39910,1129.02,True,Less than 50k
36,2011-12-16,2011,4,12,341503.92000000004,58.31,3.133,11.64,,1.14,,3752.18,False,39910,3764.96,True,Less than 50k
36,2011-12-23,2011,4,12,325262.45999999996,55.41,3.098,17.01,,0.76,,2264.75,False,39910,2282.52,True,Less than 50k
36,2011-12-30,2011,4,12,287425.22,48.26,3.132,548.91,1288.61,,50.4,412.21,True,39910,2300.13,True,Less than 50k
36,2012-01-06,2012,1,1,329467.82,57.18,3.129,5.92,2257.39,2.86,,1024.9,False,39910,3291.07,True,Less than 50k
36,2012-01-13,2012,1,1,325976.34,56.28,3.254,15.85,1402.86,7.04,,858.31,False,39910,2284.0599999999995,True,Less than 50k
36,2012-01-20,2012,1,1,330927.21,58.9,3.275,318.15,294.59,1.98,,589.99,False,39910,1204.71,True,Less than 50k
36,2012-01-27,2012,1,1,301444.94,62.73,3.313,35.96,17.03,0.44,,381.04,False,39910,434.47,True,Less than 50k
36,2012-02-03,2012,1,2,310982.87,61.33,3.421,1786.27,1.5,2.62,2.5,1373.38,False,39910,3166.27,True,Less than 50k
36,2012-02-10,2012,1,2,335741.9,54.49,3.462,810.75,5.5,3.82,,699.9,True,39910,1519.97,True,Less than 50k
36,2012-02-17,2012,1,2,326316.73,54.38,3.503,377.29,417.07,0.44,,537.36,False,39910,1332.16,True,Less than 50k
36,2012-02-24,2012,1,2,313270.45,62.21,3.55,90.73,171.14,,,872.76,False,39910,1134.63,True,Less than 50k
36,2012-03-02,2012,1,3,315396.72000000003,64.54,3.619,512.15,0.02,,,2359.78,False,39910,2871.9500000000003,True,Less than 50k
36,2012-03-09,2012,1,3,318674.93,63.19,3.647,258.89,1.5,0.99,,1835.63,False,39910,2097.01,True,Less than 50k
36,2012-03-16,2012,1,3,335345.82,67.48,3.779,93.51,1.5,0.34,,612.83,False,39910,708.1800000000001,True,Less than 50k
36,2012-03-23,2012,1,3,317872.51,69.18,3.845,98.84,,1.7,,1382.01,False,39910,1482.55,True,Less than 50k
36,2012-03-30,2012,1,3,304144.9,70.48,3.891,40.28,0.5,,,440.54,False,39910,481.32000000000005,True,Less than 50k
36,2012-04-06,2012,2,4,331026.11,73.95,3.934,375.2,,,12.41,1398.67,False,39910,1786.2800000000002,True,Less than 50k
36,2012-04-13,2012,2,4,339407.94,72.54,3.919,85.47,651.77,,,487.07,False,39910,1224.31,True,Less than 50k
36,2012-04-20,2012,2,4,323915.32,70.87,3.918,177.77,317.91,,231.31,1473.96,False,39910,2200.95,True,Less than 50k
36,2012-04-27,2012,2,4,308389.82,70.06,3.888,252.98,36.03,,,6621.24,False,39910,6910.25,True,Less than 50k
36,2012-05-04,2012,2,5,312467.52,77.17,3.835,621.82,,,18.38,1191.47,False,39910,1831.67,True,Less than 50k
36,2012-05-11,2012,2,5,330518.33999999997,76.55,3.764,475.61,,,,818.06,False,39910,1293.67,True,Less than 50k
36,2012-05-18,2012,2,5,324801.13,73.7,3.713,367.23,,,,1704.18,False,39910,2071.41,True,Less than 50k
36,2012-05-25,2012,2,5,306098.17,78.94,3.636,517.28,,,0.92,1767.58,False,39910,2285.7799999999997,True,Less than 50k
36,2012-06-01,2012,2,6,306005.52999999997,80.74,3.567,187.88,,,4.02,1674.5,False,39910,1866.4,True,Less than 50k
36,2012-06-08,2012,2,6,338273.38,81.5,3.513,226.87,,,5.0,597.68,False,39910,829.55,True,Less than 50k
36,2012-06-15,2012,2,6,333146.88,82.15,3.407,945.96,,,,2709.66,False,39910,3655.62,True,Less than 50k
36,2012-06-22,2012,2,6,306411.01,80.4,3.358,318.51,,,,1805.33,False,39910,2123.84,True,Less than 50k
36,2012-06-29,2012,2,6,291530.43,86.68,3.273,1169.41,,,,2549.31,False,39910,3718.7200000000003,True,Less than 50k
36,2012-07-06,2012,3,7,306578.89,81.52,3.232,249.73,,0.04,,659.16,False,39910,908.93,True,Less than 50k
36,2012-07-13,2012,3,7,298337.41,78.15,3.245,769.5,,0.01,,1530.69,False,39910,2300.2,True,Less than 50k
36,2012-07-20,2012,3,7,303289.55,81.76,3.301,38.04,,,,886.99,False,39910,925.03,True,Less than 50k
36,2012-07-27,2012,3,7,279643.43,84.0,3.392,144.59,,,,1545.26,False,39910,1689.85,True,Less than 50k
36,2012-08-03,2012,3,8,304989.97000000003,85.56,3.404,243.47,,2.4,64.47,1077.74,False,39910,1388.08,True,Less than 50k
36,2012-08-10,2012,3,8,298947.51,84.41,3.49,25.14,,,1.98,1638.93,False,39910,1666.05,True,Less than 50k
36,2012-08-17,2012,3,8,314607.22000000003,85.89,3.571,442.05,,,,1381.39,False,39910,1823.44,True,Less than 50k
36,2012-08-24,2012,3,8,282545.55,81.26,3.574,196.4,,,,1012.91,False,39910,1209.31,True,Less than 50k
36,2012-08-31,2012,3,8,282647.48,84.79,3.608,156.18,,,,329.61,False,39910,485.79,True,Less than 50k
36,2012-09-07,2012,3,9,293728.57,84.19,3.697,463.27,,1.75,,2480.2,True,39910,2945.22,True,Less than 50k
36,2012-09-14,2012,3,9,301893.63,78.16,3.692,788.5,,1.05,3.44,1591.72,False,39910,2384.71,True,Less than 50k
36,2012-09-21,2012,3,9,293804.45,75.98,3.709,53.1,,,,1532.27,False,39910,1585.37,True,Less than 50k
36,2012-09-28,2012,3,9,270677.98,79.49,3.66,205.0,,,,1939.92,False,39910,2144.92,True,Less than 50k
36,2012-10-05,2012,4,10,277137.86,73.57,3.611,211.09,,,,1007.44,False,39910,1218.53,True,Less than 50k
36,2012-10-12,2012,4,10,300236.85000000003,71.28,3.576,32.28,,,,1312.73,False,39910,1345.01,True,Less than 50k
36,2012-10-19,2012,4,10,287360.05,74.06,3.57,29.01,,,,632.1,False,39910,661.11,True,Less than 50k
36,2012-10-26,2012,4,10,272489.41,74.39,3.494,463.05,1.74,,,795.76,False,39910,1260.55,True,Less than 50k
37,2010-02-05,2010,1,2,536006.73,45.97,2.572,,,,,,False,39910,0.0,False,Less than 50k
37,2010-02-12,2010,1,2,529852.7,46.11,2.548,,,,,,True,39910,0.0,False,Less than 50k
37,2010-02-19,2010,1,2,510382.5,45.66,2.514,,,,,,False,39910,0.0,False,Less than 50k
37,2010-02-26,2010,1,2,513615.82,50.87,2.561,,,,,,False,39910,0.0,False,Less than 50k
37,2010-03-05,2010,1,3,519255.68,51.33,2.625,,,,,,False,39910,0.0,False,Less than 50k
37,2010-03-12,2010,1,3,513015.35,61.96,2.667,,,,,,False,39910,0.0,False,Less than 50k
37,2010-03-19,2010,1,3,460020.74,59.56,2.72,,,,,,False,39910,0.0,False,Less than 50k
37,2010-03-26,2010,1,3,515777.97,55.76,2.732,,,,,,False,39910,0.0,False,Less than 50k
37,2010-04-02,2010,2,4,540189.7,63.43,2.719,,,,,,False,39910,0.0,False,Less than 50k
37,2010-04-09,2010,2,4,513327.55,68.54,2.77,,,,,,False,39910,0.0,False,Less than 50k
37,2010-04-16,2010,2,4,524544.83,66.74,2.808,,,,,,False,39910,0.0,False,Less than 50k
37,2010-04-23,2010,2,4,527019.78,68.03,2.795,,,,,,False,39910,0.0,False,Less than 50k
37,2010-04-30,2010,2,4,517850.82999999996,70.9,2.78,,,,,,False,39910,0.0,False,Less than 50k
37,2010-05-07,2010,2,5,543234.77,75.56,2.835,,,,,,False,39910,0.0,False,Less than 50k
37,2010-05-14,2010,2,5,505196.08,77.53,2.854,,,,,,False,39910,0.0,False,Less than 50k
37,2010-05-21,2010,2,5,510494.7,77.34,2.826,,,,,,False,39910,0.0,False,Less than 50k
37,2010-05-28,2010,2,5,532241.22,80.87,2.759,,,,,,False,39910,0.0,False,Less than 50k
37,2010-06-04,2010,2,6,479195.02,79.93,2.705,,,,,,False,39910,0.0,False,Less than 50k
37,2010-06-11,2010,2,6,481915.11,82.3,2.668,,,,,,False,39910,0.0,False,Less than 50k
37,2010-06-18,2010,2,6,505761.62,84.37,2.637,,,,,,False,39910,0.0,False,Less than 50k
37,2010-06-25,2010,2,6,485419.39,84.14,2.653,,,,,,False,39910,0.0,False,Less than 50k
37,2010-07-02,2010,3,7,498292.52999999997,81.85,2.669,,,,,,False,39910,0.0,False,Less than 50k
37,2010-07-09,2010,3,7,502456.04,81.74,2.642,,,,,,False,39910,0.0,False,Less than 50k
37,2010-07-16,2010,3,7,485150.01,84.43,2.623,,,,,,False,39910,0.0,False,Less than 50k
37,2010-07-23,2010,3,7,491998.12,82.6,2.608,,,,,,False,39910,0.0,False,Less than 50k
37,2010-07-30,2010,3,7,487912.95,81.88,2.64,,,,,,False,39910,0.0,False,Less than 50k
37,2010-08-06,2010,3,8,508576.62,85.49,2.627,,,,,,False,39910,0.0,False,Less than 50k
37,2010-08-13,2010,3,8,491815.83,86.06,2.692,,,,,,False,39910,0.0,False,Less than 50k
37,2010-08-20,2010,3,8,486930.72,85.54,2.664,,,,,,False,39910,0.0,False,Less than 50k
37,2010-08-27,2010,3,8,512157.25,84.62,2.619,,,,,,False,39910,0.0,False,Less than 50k
37,2010-09-03,2010,3,9,510427.53,82.29,2.577,,,,,,False,39910,0.0,False,Less than 50k
37,2010-09-10,2010,3,9,510296.07,80.58,2.565,,,,,,True,39910,0.0,False,Less than 50k
37,2010-09-17,2010,3,9,501251.39999999997,82.1,2.582,,,,,,False,39910,0.0,False,Less than 50k
37,2010-09-24,2010,3,9,494265.48,79.17,2.624,,,,,,False,39910,0.0,False,Less than 50k
37,2010-10-01,2010,4,10,529877.9299999999,74.66,2.603,,,,,,False,39910,0.0,False,Less than 50k
37,2010-10-08,2010,4,10,524483.65,66.34,2.633,,,,,,False,39910,0.0,False,Less than 50k
37,2010-10-15,2010,4,10,498925.86,71.57,2.72,,,,,,False,39910,0.0,False,Less than 50k
37,2010-10-22,2010,4,10,510425.4,72.24,2.725,,,,,,False,39910,0.0,False,Less than 50k
37,2010-10-29,2010,4,10,514485.9,76.22,2.716,,,,,,False,39910,0.0,False,Less than 50k
37,2010-11-05,2010,4,11,539683.42,62.72,2.689,,,,,,False,39910,0.0,False,Less than 50k
37,2010-11-12,2010,4,11,517546.69,61.97,2.728,,,,,,False,39910,0.0,False,Less than 50k
37,2010-11-19,2010,4,11,518124.16,56.73,2.771,,,,,,False,39910,0.0,False,Less than 50k
37,2010-11-26,2010,4,11,518220.72,67.73,2.735,,,,,,True,39910,0.0,False,Less than 50k
37,2010-12-03,2010,4,12,508213.14,54.44,2.708,,,,,,False,39910,0.0,False,Less than 50k
37,2010-12-10,2010,4,12,511207.51999999996,51.83,2.843,,,,,,False,39910,0.0,False,Less than 50k
37,2010-12-17,2010,4,12,534285.21,56.73,2.869,,,,,,False,39910,0.0,False,Less than 50k
37,2010-12-24,2010,4,12,576809.92,59.1,2.886,,,,,,False,39910,0.0,False,Less than 50k
37,2010-12-31,2010,4,12,460331.7,52.88,2.943,,,,,,True,39910,0.0,False,Less than 50k
37,2011-01-07,2011,1,1,542464.02,54.11,2.976,,,,,,False,39910,0.0,False,Less than 50k
37,2011-01-14,2011,1,1,525616.9,42.87,2.983,,,,,,False,39910,0.0,False,Less than 50k
37,2011-01-21,2011,1,1,526486.82,51.18,3.016,,,,,,False,39910,0.0,False,Less than 50k
37,2011-01-28,2011,1,1,513672.36,48.74,3.01,,,,,,False,39910,0.0,False,Less than 50k
37,2011-02-04,2011,1,2,583835.1799999999,46.68,2.989,,,,,,False,39910,0.0,False,Less than 50k
37,2011-02-11,2011,1,2,522514.32,41.16,3.022,,,,,,True,39910,0.0,False,Less than 50k
37,2011-02-18,2011,1,2,536840.6900000001,57.48,3.045,,,,,,False,39910,0.0,False,Less than 50k
37,2011-02-25,2011,1,2,514758.19,67.73,3.065,,,,,,False,39910,0.0,False,Less than 50k
37,2011-03-04,2011,1,3,527572.25,64.55,3.288,,,,,,False,39910,0.0,False,Less than 50k
37,2011-03-11,2011,1,3,505610.39999999997,59.15,3.459,,,,,,False,39910,0.0,False,Less than 50k
37,2011-03-18,2011,1,3,478503.06,64.9,3.488,,,,,,False,39910,0.0,False,Less than 50k
37,2011-03-25,2011,1,3,522105.93,71.07,3.473,,,,,,False,39910,0.0,False,Less than 50k
37,2011-04-01,2011,2,4,534578.78,67.31,3.524,,,,,,False,39910,0.0,False,Less than 50k
37,2011-04-08,2011,2,4,543703.16,69.39,3.622,,,,,,False,39910,0.0,False,Less than 50k
37,2011-04-15,2011,2,4,543775.87,73.25,3.743,,,,,,False,39910,0.0,False,Less than 50k
37,2011-04-22,2011,2,4,526434.37,74.57,3.807,,,,,,False,39910,0.0,False,Less than 50k
37,2011-04-29,2011,2,4,502918.18,76.1,3.81,,,,,,False,39910,0.0,False,Less than 50k
37,2011-05-06,2011,2,5,547513.3,69.56,3.906,,,,,,False,39910,0.0,False,Less than 50k
37,2011-05-13,2011,2,5,511871.63,76.73,3.899,,,,,,False,39910,0.0,False,Less than 50k
37,2011-05-20,2011,2,5,533564.42,73.02,3.907,,,,,,False,39910,0.0,False,Less than 50k
37,2011-05-27,2011,2,5,507086.75,81.28,3.786,,,,,,False,39910,0.0,False,Less than 50k
37,2011-06-03,2011,2,6,500381.23,82.96,3.699,,,,,,False,39910,0.0,False,Less than 50k
37,2011-06-10,2011,2,6,509647.25,82.41,3.648,,,,,,False,39910,0.0,False,Less than 50k
37,2011-06-17,2011,2,6,525132.36,84.43,3.637,,,,,,False,39910,0.0,False,Less than 50k
37,2011-06-24,2011,2,6,509276.22,83.95,3.594,,,,,,False,39910,0.0,False,Less than 50k
37,2011-07-01,2011,3,7,517021.3,85.33,3.524,,,,,,False,39910,0.0,False,Less than 50k
37,2011-07-08,2011,3,7,489059.93,84.71,3.48,,,,,,False,39910,0.0,False,Less than 50k
37,2011-07-15,2011,3,7,498749.62,85.63,3.575,,,,,,False,39910,0.0,False,Less than 50k
37,2011-07-22,2011,3,7,505543.53,83.31,3.651,,,,,,False,39910,0.0,False,Less than 50k
37,2011-07-29,2011,3,7,504974.95,84.99,3.682,,,,,,False,39910,0.0,False,Less than 50k
37,2011-08-05,2011,3,8,510787.46,86.71,3.684,,,,,,False,39910,0.0,False,Less than 50k
37,2011-08-12,2011,3,8,502504.39,87.64,3.638,,,,,,False,39910,0.0,False,Less than 50k
37,2011-08-19,2011,3,8,506897.98,87.24,3.554,,,,,,False,39910,0.0,False,Less than 50k
37,2011-08-26,2011,3,8,527947.21,86.02,3.523,,,,,,False,39910,0.0,False,Less than 50k
37,2011-09-02,2011,3,9,530367.8300000001,87.5,3.533,,,,,,False,39910,0.0,False,Less than 50k
37,2011-09-09,2011,3,9,506273.74,77.94,3.546,,,,,,True,39910,0.0,False,Less than 50k
37,2011-09-16,2011,3,9,513341.94,82.06,3.526,,,,,,False,39910,0.0,False,Less than 50k
37,2011-09-23,2011,3,9,516556.94,78.35,3.467,,,,,,False,39910,0.0,False,Less than 50k
37,2011-09-30,2011,3,9,516402.10000000003,81.52,3.355,,,,,,False,39910,0.0,False,Less than 50k
37,2011-10-07,2011,4,10,522816.85,71.2,3.285,,,,,,False,39910,0.0,False,Less than 50k
37,2011-10-14,2011,4,10,513636.01,74.16,3.274,,,,,,False,39910,0.0,False,Less than 50k
37,2011-10-21,2011,4,10,522784.33,67.89,3.353,,,,,,False,39910,0.0,False,Less than 50k
37,2011-10-28,2011,4,10,517355.44,71.31,3.372,,,,,,False,39910,0.0,False,Less than 50k
37,2011-11-04,2011,4,11,555925.6,58.97,3.332,,,,,,False,39910,0.0,False,Less than 50k
37,2011-11-11,2011,4,11,501268.78,63.5,3.297,8.62,56.53,117.92,,796.28,False,39910,979.3499999999999,True,Less than 50k
37,2011-11-18,2011,4,11,527495.09,66.28,3.308,32.17,5.51,,,1502.49,False,39910,1540.17,True,Less than 50k
37,2011-11-25,2011,4,11,522554.04,66.41,3.236,2.8,,,,308.82,True,39910,311.62,True,Less than 50k
37,2011-12-02,2011,4,12,527117.81,53.57,3.172,1.5,,6.03,,1180.32,False,39910,1187.85,True,Less than 50k
37,2011-12-09,2011,4,12,537224.52,50.64,3.158,,,16.62,,1319.82,False,39910,1336.4399999999998,True,Less than 50k
37,2011-12-16,2011,4,12,533905.67,58.31,3.159,13.38,,9.18,,868.78,False,39910,891.3399999999999,True,Less than 50k
37,2011-12-23,2011,4,12,605791.46,55.41,3.112,158.11,,7.5,,1316.88,False,39910,1482.4900000000002,True,Less than 50k
37,2011-12-30,2011,4,12,451327.61,48.26,3.129,373.92,1057.77,1.5,10.08,741.34,True,39910,2184.61,True,Less than 50k
37,2012-01-06,2012,1,1,558343.57,57.18,3.157,250.83,1348.24,48.05,,1151.33,False,39910,2798.45,True,Less than 50k
37,2012-01-13,2012,1,1,546221.4,56.28,3.261,1534.85,581.46,31.07,,820.26,False,39910,2967.6400000000003,True,Less than 50k
37,2012-01-20,2012,1,1,543894.07,58.9,3.268,366.42,313.91,27.94,,344.84,False,39910,1053.1100000000001,True,Less than 50k
37,2012-01-27,2012,1,1,514116.58,62.73,3.29,186.28,27.75,33.0,,323.83,False,39910,570.86,True,Less than 50k
37,2012-02-03,2012,1,2,555424.24,61.33,3.36,1416.62,11.62,93.34,132.22,1757.37,False,39910,3411.1699999999996,True,Less than 50k
37,2012-02-10,2012,1,2,527041.46,54.49,3.409,264.34,3.0,40.01,,2147.95,True,39910,2455.2999999999997,True,Less than 50k
37,2012-02-17,2012,1,2,541071.29,54.38,3.51,1173.99,593.1,2.86,,1372.2,False,39910,3142.15,True,Less than 50k
37,2012-02-24,2012,1,2,518696.89,62.21,3.555,141.18,282.22,,,739.65,False,39910,1163.05,True,Less than 50k
37,2012-03-02,2012,1,3,525559.17,64.54,3.63,892.47,18.92,2.9,,3369.86,False,39910,4284.15,True,Less than 50k
37,2012-03-09,2012,1,3,535937.25,63.19,3.669,1024.83,2.0,10.7,,2304.93,False,39910,3342.46,True,Less than 50k
37,2012-03-16,2012,1,3,484588.34,67.48,3.734,109.13,4.5,2.38,,563.61,False,39910,679.62,True,Less than 50k
37,2012-03-23,2012,1,3,520887.23,69.18,3.787,460.73,,0.68,,1560.28,False,39910,2021.69,True,Less than 50k
37,2012-03-30,2012,1,3,533734.9400000001,70.48,3.845,41.95,0.5,,,619.87,False,39910,662.32,True,Less than 50k
37,2012-04-06,2012,2,4,564848.78,73.95,3.891,16.33,,24.05,,2119.5,False,39910,2159.88,True,Less than 50k
37,2012-04-13,2012,2,4,506973.17,72.54,3.891,303.63,621.72,1.9,,2429.1,False,39910,3356.35,True,Less than 50k
37,2012-04-20,2012,2,4,523483.19,70.87,3.877,125.0,32.57,6.3,,3201.88,False,39910,3365.75,True,Less than 50k
37,2012-04-27,2012,2,4,528807.45,70.06,3.814,259.23,,7.58,,861.14,False,39910,1127.95,True,Less than 50k
37,2012-05-04,2012,2,5,535311.64,77.17,3.749,276.27,,14.9,,671.64,False,39910,962.81,True,Less than 50k
37,2012-05-11,2012,2,5,527983.04,76.55,3.688,333.98,,0.7,,1500.11,False,39910,1834.79,True,Less than 50k
37,2012-05-18,2012,2,5,534847.96,73.7,3.63,391.4,,,,1697.98,False,39910,2089.38,True,Less than 50k
37,2012-05-25,2012,2,5,540625.79,78.94,3.561,,,,,706.18,False,39910,706.18,True,Less than 50k
37,2012-06-01,2012,2,6,531811.85,80.74,3.501,57.81,,,,1268.73,False,39910,1326.54,True,Less than 50k
37,2012-06-08,2012,2,6,528940.78,81.5,3.452,349.22,,14.4,,769.34,False,39910,1132.96,True,Less than 50k
37,2012-06-15,2012,2,6,508573.16000000003,82.15,3.393,255.38,,4.51,,3027.4,False,39910,3287.29,True,Less than 50k
37,2012-06-22,2012,2,6,484032.75,80.4,3.346,277.33,,,,1269.26,False,39910,1546.59,True,Less than 50k
37,2012-06-29,2012,2,6,508309.81,86.68,3.286,165.32,,,,1989.84,False,39910,2155.16,True,Less than 50k
37,2012-07-06,2012,3,7,519498.32,81.52,3.227,259.87,,9.27,,1155.93,False,39910,1425.0700000000002,True,Less than 50k
37,2012-07-13,2012,3,7,506005.47000000003,78.15,3.256,170.2,,1.23,,1270.54,False,39910,1441.97,True,Less than 50k
37,2012-07-20,2012,3,7,503744.56,81.76,3.311,67.7,,3.97,,1634.33,False,39910,1706.0,True,Less than 50k
37,2012-07-27,2012,3,7,514489.17,84.0,3.407,22.21,,0.93,,705.33,False,39910,728.47,True,Less than 50k
37,2012-08-03,2012,3,8,521959.28,85.56,3.417,,,17.58,,683.58,False,39910,701.1600000000001,True,Less than 50k
37,2012-08-10,2012,3,8,500964.59,84.41,3.494,509.88,,23.22,25.74,3183.91,False,39910,3742.75,True,Less than 50k
37,2012-08-17,2012,3,8,509633.71,85.89,3.571,170.08,,13.16,,792.21,False,39910,975.45,True,Less than 50k
37,2012-08-24,2012,3,8,522665.04,81.26,3.62,247.17,,23.9,,2285.83,False,39910,2556.9,True,Less than 50k
37,2012-08-31,2012,3,8,538344.1,84.79,3.638,,,12.12,,540.98,False,39910,553.1,True,Less than 50k
37,2012-09-07,2012,3,9,526838.14,84.19,3.73,319.93,,251.31,354.73,2145.98,True,39910,3071.95,True,Less than 50k
37,2012-09-14,2012,3,9,514651.74,78.16,3.717,740.77,,32.02,123.04,1617.03,False,39910,2512.8599999999997,True,Less than 50k
37,2012-09-21,2012,3,9,521320.98,75.98,3.721,241.47,,,,2143.91,False,39910,2385.3799999999997,True,Less than 50k
37,2012-09-28,2012,3,9,527953.14,79.49,3.666,59.61,,,,722.92,False,39910,782.53,True,Less than 50k
37,2012-10-05,2012,4,10,546122.37,73.57,3.617,126.94,,2.02,,1451.99,False,39910,1580.95,True,Less than 50k
37,2012-10-12,2012,4,10,521810.75,71.28,3.601,32.97,,4.92,,2083.7,False,39910,2121.5899999999997,True,Less than 50k
37,2012-10-19,2012,4,10,551969.1,74.06,3.594,121.25,,6.6,,888.9,False,39910,1016.75,True,Less than 50k
37,2012-10-26,2012,4,10,534738.43,74.39,3.506,19.54,5.22,1.55,,1891.77,False,39910,1918.08,True,Less than 50k
38,2010-02-05,2010,1,2,358496.14,49.47,2.962,,,,,,False,39690,0.0,False,Less than 50k
38,2010-02-12,2010,1,2,342214.9,47.87,2.946,,,,,,True,39690,0.0,False,Less than 50k
38,2010-02-19,2010,1,2,327237.92,54.83,2.915,,,,,,False,39690,0.0,False,Less than 50k
38,2010-02-26,2010,1,2,334222.73,50.23,2.825,,,,,,False,39690,0.0,False,Less than 50k
38,2010-03-05,2010,1,3,372239.89,53.77,2.987,,,,,,False,39690,0.0,False,Less than 50k
38,2010-03-12,2010,1,3,342023.92,50.11,2.925,,,,,,False,39690,0.0,False,Less than 50k
38,2010-03-19,2010,1,3,333025.47,59.57,3.054,,,,,,False,39690,0.0,False,Less than 50k
38,2010-03-26,2010,1,3,335858.11,60.06,3.083,,,,,,False,39690,0.0,False,Less than 50k
38,2010-04-02,2010,2,4,368929.55,59.84,3.086,,,,,,False,39690,0.0,False,Less than 50k
38,2010-04-09,2010,2,4,341630.46,59.25,3.09,,,,,,False,39690,0.0,False,Less than 50k
38,2010-04-16,2010,2,4,337723.49,64.95,3.109,,,,,,False,39690,0.0,False,Less than 50k
38,2010-04-23,2010,2,4,335121.82,64.55,3.05,,,,,,False,39690,0.0,False,Less than 50k
38,2010-04-30,2010,2,4,337979.65,67.38,3.105,,,,,,False,39690,0.0,False,Less than 50k
38,2010-05-07,2010,2,5,383657.44,70.15,3.127,,,,,,False,39690,0.0,False,Less than 50k
38,2010-05-14,2010,2,5,346174.3,68.44,3.145,,,,,,False,39690,0.0,False,Less than 50k
38,2010-05-21,2010,2,5,340497.08,76.2,3.12,,,,,,False,39690,0.0,False,Less than 50k
38,2010-05-28,2010,2,5,326469.43,67.84,3.058,,,,,,False,39690,0.0,False,Less than 50k
38,2010-06-04,2010,2,6,376184.88,81.39,2.941,,,,,,False,39690,0.0,False,Less than 50k
38,2010-06-11,2010,2,6,354828.65,90.84,2.949,,,,,,False,39690,0.0,False,Less than 50k
38,2010-06-18,2010,2,6,335691.85000000003,81.06,3.043,,,,,,False,39690,0.0,False,Less than 50k
38,2010-06-25,2010,2,6,322046.76,87.27,3.084,,,,,,False,39690,0.0,False,Less than 50k
38,2010-07-02,2010,3,7,361181.48,91.98,3.105,,,,,,False,39690,0.0,False,Less than 50k
38,2010-07-09,2010,3,7,343850.34,90.37,3.1,,,,,,False,39690,0.0,False,Less than 50k
38,2010-07-16,2010,3,7,338277.71,97.18,3.094,,,,,,False,39690,0.0,False,Less than 50k
38,2010-07-23,2010,3,7,328336.85,99.22,3.112,,,,,,False,39690,0.0,False,Less than 50k
38,2010-07-30,2010,3,7,336378.38,96.31,3.017,,,,,,False,39690,0.0,False,Less than 50k
38,2010-08-06,2010,3,8,378574.44,92.95,3.123,,,,,,False,39690,0.0,False,Less than 50k
38,2010-08-13,2010,3,8,341400.72000000003,87.01,3.159,,,,,,False,39690,0.0,False,Less than 50k
38,2010-08-20,2010,3,8,329139.73,92.81,3.041,,,,,,False,39690,0.0,False,Less than 50k
38,2010-08-27,2010,3,8,322868.56,93.19,3.129,,,,,,False,39690,0.0,False,Less than 50k
38,2010-09-03,2010,3,9,377096.55,83.12,3.087,,,,,,False,39690,0.0,False,Less than 50k
38,2010-09-10,2010,3,9,336227.69,83.63,3.044,,,,,,True,39690,0.0,False,Less than 50k
38,2010-09-17,2010,3,9,336253.19,82.45,3.028,,,,,,False,39690,0.0,False,Less than 50k
38,2010-09-24,2010,3,9,330604.89999999997,81.77,2.939,,,,,,False,39690,0.0,False,Less than 50k
38,2010-10-01,2010,4,10,360256.58,85.2,3.001,,,,,,False,39690,0.0,False,Less than 50k
38,2010-10-08,2010,4,10,351271.36,71.82,3.013,,,,,,False,39690,0.0,False,Less than 50k
38,2010-10-15,2010,4,10,337743.26,75.0,2.976,,,,,,False,39690,0.0,False,Less than 50k
38,2010-10-22,2010,4,10,339042.18,68.85,3.014,,,,,,False,39690,0.0,False,Less than 50k
38,2010-10-29,2010,4,10,341219.63,61.09,3.016,,,,,,False,39690,0.0,False,Less than 50k
38,2010-11-05,2010,4,11,380870.09,65.49,3.129,,,,,,False,39690,0.0,False,Less than 50k
38,2010-11-12,2010,4,11,340147.2,57.79,3.13,,,,,,False,39690,0.0,False,Less than 50k
38,2010-11-19,2010,4,11,348593.99,58.18,3.161,,,,,,False,39690,0.0,False,Less than 50k
38,2010-11-26,2010,4,11,360857.98,47.66,3.162,,,,,,True,39690,0.0,False,Less than 50k
38,2010-12-03,2010,4,12,351925.36,43.33,3.041,,,,,,False,39690,0.0,False,Less than 50k
38,2010-12-10,2010,4,12,355965.23,50.01,3.203,,,,,,False,39690,0.0,False,Less than 50k
38,2010-12-17,2010,4,12,334441.15,52.77,3.236,,,,,,False,39690,0.0,False,Less than 50k
38,2010-12-24,2010,4,12,369106.72,52.02,3.236,,,,,,False,39690,0.0,False,Less than 50k
38,2010-12-31,2010,4,12,303908.81,45.64,3.148,,,,,,True,39690,0.0,False,Less than 50k
38,2011-01-07,2011,1,1,386344.54,37.64,3.287,,,,,,False,39690,0.0,False,Less than 50k
38,2011-01-14,2011,1,1,356138.79,43.15,3.312,,,,,,False,39690,0.0,False,Less than 50k
38,2011-01-21,2011,1,1,341098.08,53.53,3.223,,,,,,False,39690,0.0,False,Less than 50k
38,2011-01-28,2011,1,1,357557.16,50.74,3.342,,,,,,False,39690,0.0,False,Less than 50k
38,2011-02-04,2011,1,2,402341.76,45.14,3.348,,,,,,False,39690,0.0,False,Less than 50k
38,2011-02-11,2011,1,2,377672.46,51.3,3.381,,,,,,True,39690,0.0,False,Less than 50k
38,2011-02-18,2011,1,2,364606.7,53.35,3.43,,,,,,False,39690,0.0,False,Less than 50k
38,2011-02-25,2011,1,2,354232.34,48.45,3.53,,,,,,False,39690,0.0,False,Less than 50k
38,2011-03-04,2011,1,3,405429.43,51.72,3.674,,,,,,False,39690,0.0,False,Less than 50k
38,2011-03-11,2011,1,3,357897.18,57.75,3.818,,,,,,False,39690,0.0,False,Less than 50k
38,2011-03-18,2011,1,3,349459.95,64.21,3.692,,,,,,False,39690,0.0,False,Less than 50k
38,2011-03-25,2011,1,3,351541.62,54.4,3.909,,,,,,False,39690,0.0,False,Less than 50k
38,2011-04-01,2011,2,4,382098.13,63.63,3.772,,,,,,False,39690,0.0,False,Less than 50k
38,2011-04-08,2011,2,4,392152.3,64.47,4.003,,,,,,False,39690,0.0,False,Less than 50k
38,2011-04-15,2011,2,4,362758.94,57.63,3.868,,,,,,False,39690,0.0,False,Less than 50k
38,2011-04-22,2011,2,4,362952.34,72.12,4.134,,,,,,False,39690,0.0,False,Less than 50k
38,2011-04-29,2011,2,4,344225.99,68.27,4.151,,,,,,False,39690,0.0,False,Less than 50k
38,2011-05-06,2011,2,5,422186.65,68.4,4.193,,,,,,False,39690,0.0,False,Less than 50k
38,2011-05-13,2011,2,5,366977.79,70.93,4.202,,,,,,False,39690,0.0,False,Less than 50k
38,2011-05-20,2011,2,5,365730.76,66.59,4.169,,,,,,False,39690,0.0,False,Less than 50k
38,2011-05-27,2011,2,5,356886.1,76.67,4.087,,,,,,False,39690,0.0,False,Less than 50k
38,2011-06-03,2011,2,6,396826.06,71.81,4.031,,,,,,False,39690,0.0,False,Less than 50k
38,2011-06-10,2011,2,6,381763.02,78.72,3.981,,,,,,False,39690,0.0,False,Less than 50k
38,2011-06-17,2011,2,6,356797.0,86.84,3.935,,,,,,False,39690,0.0,False,Less than 50k
38,2011-06-24,2011,2,6,354078.95,88.95,3.898,,,,,,False,39690,0.0,False,Less than 50k
38,2011-07-01,2011,3,7,387334.04,89.85,3.842,,,,,,False,39690,0.0,False,Less than 50k
38,2011-07-08,2011,3,7,399699.17,89.9,3.705,,,,,,False,39690,0.0,False,Less than 50k
38,2011-07-15,2011,3,7,367181.71,88.1,3.692,,,,,,False,39690,0.0,False,Less than 50k
38,2011-07-22,2011,3,7,365562.67,91.17,3.794,,,,,,False,39690,0.0,False,Less than 50k
38,2011-07-29,2011,3,7,355131.33,93.29,3.805,,,,,,False,39690,0.0,False,Less than 50k
38,2011-08-05,2011,3,8,437631.44,90.61,3.803,,,,,,False,39690,0.0,False,Less than 50k
38,2011-08-12,2011,3,8,387844.05,91.04,3.701,,,,,,False,39690,0.0,False,Less than 50k
38,2011-08-19,2011,3,8,362224.7,91.74,3.743,,,,,,False,39690,0.0,False,Less than 50k
38,2011-08-26,2011,3,8,365672.55,94.61,3.74,,,,,,False,39690,0.0,False,Less than 50k
38,2011-09-02,2011,3,9,416953.51,93.66,3.798,,,,,,False,39690,0.0,False,Less than 50k
38,2011-09-09,2011,3,9,397771.68,88.0,3.913,,,,,,True,39690,0.0,False,Less than 50k
38,2011-09-16,2011,3,9,408188.88,76.36,3.918,,,,,,False,39690,0.0,False,Less than 50k
38,2011-09-23,2011,3,9,394665.28,82.95,3.789,,,,,,False,39690,0.0,False,Less than 50k
38,2011-09-30,2011,3,9,366819.83999999997,83.26,3.877,,,,,,False,39690,0.0,False,Less than 50k
38,2011-10-07,2011,4,10,449516.29,70.44,3.827,,,,,,False,39690,0.0,False,Less than 50k
38,2011-10-14,2011,4,10,400430.78,67.31,3.805,,,,,,False,39690,0.0,False,Less than 50k
38,2011-10-21,2011,4,10,402709.17000000004,73.05,3.842,,,,,,False,39690,0.0,False,Less than 50k
38,2011-10-28,2011,4,10,378539.17,67.41,3.727,,,,,,False,39690,0.0,False,Less than 50k
38,2011-11-04,2011,4,11,436970.1,59.77,3.828,,,,,,False,39690,0.0,False,Less than 50k
38,2011-11-11,2011,4,11,411116.95,48.76,3.824,149.19,691.41,6.05,,1571.53,False,39690,2418.18,True,Less than 50k
38,2011-11-18,2011,4,11,392003.13,54.2,3.813,27.61,8.22,1.32,,2034.39,False,39690,2071.54,True,Less than 50k
38,2011-11-25,2011,4,11,393715.71,53.25,3.622,17.17,,5.26,,615.68,True,39690,638.1099999999999,True,Less than 50k
38,2011-12-02,2011,4,12,411252.02,52.5,3.701,22.15,,2.35,,1889.95,False,39690,1914.45,True,Less than 50k
38,2011-12-09,2011,4,12,435401.64,42.17,3.644,61.05,,2.44,,1589.34,False,39690,1652.83,True,Less than 50k
38,2011-12-16,2011,4,12,404283.83999999997,43.29,3.6,152.89,,,2.28,766.96,False,39690,922.13,True,Less than 50k
38,2011-12-23,2011,4,12,419717.41,45.4,3.541,59.23,,0.6,,1588.1,False,39690,1647.9299999999998,True,Less than 50k
38,2011-12-30,2011,4,12,342667.35,44.64,3.428,353.07,1926.94,,25.2,770.38,True,39690,3075.59,True,Less than 50k
38,2012-01-06,2012,1,1,478483.2,50.43,3.599,9.61,2765.45,56.96,,560.58,False,39690,3392.6,True,Less than 50k
38,2012-01-13,2012,1,1,423260.82,48.07,3.657,1129.45,125.33,31.85,,1101.74,False,39690,2388.37,True,Less than 50k
38,2012-01-20,2012,1,1,405215.91,46.2,3.66,465.73,17.03,28.02,,1397.31,False,39690,1908.09,True,Less than 50k
38,2012-01-27,2012,1,1,412882.31,50.43,3.675,24.1,4.47,29.12,,2271.88,False,39690,2329.57,True,Less than 50k
38,2012-02-03,2012,1,2,457711.68,50.58,3.702,2428.47,6.57,52.66,161.71,2606.06,False,39690,5255.469999999999,True,Less than 50k
38,2012-02-10,2012,1,2,469787.38,52.27,3.722,518.25,11.21,37.01,3.97,1200.97,True,39690,1771.41,True,Less than 50k
38,2012-02-17,2012,1,2,415513.97000000003,51.8,3.781,647.57,580.69,5.72,2.0,2761.19,False,39690,3997.17,True,Less than 50k
38,2012-02-24,2012,1,2,409411.61,53.13,3.95,102.49,328.86,,2.86,2435.31,False,39690,2869.52,True,Less than 50k
38,2012-03-02,2012,1,3,471115.38,52.27,4.178,1895.3,5.9,3.93,68.88,3186.15,False,39690,5160.16,True,Less than 50k
38,2012-03-09,2012,1,3,452792.52999999997,54.54,4.25,425.97,1.8,,25.6,1751.92,False,39690,2205.29,True,Less than 50k
38,2012-03-16,2012,1,3,428465.11,64.44,4.273,480.19,0.5,1.02,,1158.07,False,39690,1639.78,True,Less than 50k
38,2012-03-23,2012,1,3,412456.48,56.26,4.038,301.53,,2.04,,1599.86,False,39690,1903.4299999999998,True,Less than 50k
38,2012-03-30,2012,1,3,408679.36,64.36,4.294,212.26,0.5,,28.77,1121.52,False,39690,1363.05,True,Less than 50k
38,2012-04-06,2012,2,4,499267.66000000003,64.05,4.121,24.75,,10.47,,1495.97,False,39690,1531.19,True,Less than 50k
38,2012-04-13,2012,2,4,435790.74,64.28,4.254,59.68,696.42,12.37,17.82,1410.31,False,39690,2196.6,True,Less than 50k
38,2012-04-20,2012,2,4,401615.8,66.73,4.222,1307.69,5.67,5.6,140.87,1255.59,False,39690,2715.42,True,Less than 50k
38,2012-04-27,2012,2,4,419964.77,77.99,4.193,439.84,,2.83,,1244.18,False,39690,1686.85,True,Less than 50k
38,2012-05-04,2012,2,5,491755.69,76.03,4.171,84.67,,13.06,,2346.63,False,39690,2444.36,True,Less than 50k
38,2012-05-11,2012,2,5,429914.6,77.27,4.186,930.96,,3.2,,2105.16,False,39690,3039.3199999999997,True,Less than 50k
38,2012-05-18,2012,2,5,412314.71,84.51,4.11,219.38,,,,1472.86,False,39690,1692.2399999999998,True,Less than 50k
38,2012-05-25,2012,2,5,422810.12,83.84,4.293,452.9,,0.5,,1668.88,False,39690,2122.28,True,Less than 50k
38,2012-06-01,2012,2,6,435579.7,78.11,4.277,65.36,,0.6,,886.6,False,39690,952.5600000000001,True,Less than 50k
38,2012-06-08,2012,2,6,448110.25,84.83,4.103,491.31,,11.8,,1999.19,False,39690,2502.3,True,Less than 50k
38,2012-06-15,2012,2,6,430222.07,85.94,4.144,635.42,,0.13,,1800.18,False,39690,2435.73,True,Less than 50k
38,2012-06-22,2012,2,6,405938.35,91.61,4.014,576.0,,,,2241.95,False,39690,2817.95,True,Less than 50k
38,2012-06-29,2012,2,6,404634.36,90.47,3.875,350.56,,,26.87,1447.29,False,39690,1824.72,True,Less than 50k
38,2012-07-06,2012,3,7,471086.22,89.13,3.765,404.49,,4.05,,1132.08,False,39690,1540.62,True,Less than 50k
38,2012-07-13,2012,3,7,416036.75,95.61,3.723,609.49,,2.05,,752.29,False,39690,1363.83,True,Less than 50k
38,2012-07-20,2012,3,7,441683.74,85.53,3.726,75.04,,0.19,,1281.95,False,39690,1357.18,True,Less than 50k
38,2012-07-27,2012,3,7,407186.47000000003,93.47,3.769,0.27,,,,1622.77,False,39690,1623.04,True,Less than 50k
38,2012-08-03,2012,3,8,469311.17,88.16,3.76,525.42,,16.93,49.05,1689.86,False,39690,2281.2599999999998,True,Less than 50k
38,2012-08-10,2012,3,8,436690.13,95.91,3.811,193.46,,4.78,45.18,1781.51,False,39690,2024.93,True,Less than 50k
38,2012-08-17,2012,3,8,411866.45999999996,94.87,4.002,244.09,,5.14,11.22,2519.9,False,39690,2780.35,True,Less than 50k
38,2012-08-24,2012,3,8,397428.22,85.32,4.055,301.06,,40.0,0.78,1424.7,False,39690,1766.54,True,Less than 50k
38,2012-08-31,2012,3,8,424904.95,89.78,4.093,489.03,,28.64,334.12,1760.26,False,39690,2612.05,True,Less than 50k
38,2012-09-07,2012,3,9,490274.82,88.52,4.124,524.4,,147.32,5.88,2457.97,True,39690,3135.5699999999997,True,Less than 50k
38,2012-09-14,2012,3,9,430944.39,83.64,4.133,1047.05,,15.47,,2276.08,False,39690,3338.6,True,Less than 50k
38,2012-09-21,2012,3,9,409600.98,82.97,4.125,192.78,,,1.5,2251.8,False,39690,2446.0800000000004,True,Less than 50k
38,2012-09-28,2012,3,9,398468.08,81.22,3.966,201.62,,,29.21,802.5,False,39690,1033.33,True,Less than 50k
38,2012-10-05,2012,4,10,458479.01,81.61,3.966,266.02,,6.0,,1830.67,False,39690,2102.69,True,Less than 50k
38,2012-10-12,2012,4,10,437320.66,71.74,4.468,202.43,,8.66,0.22,700.92,False,39690,912.23,True,Less than 50k
38,2012-10-19,2012,4,10,428806.46,68.66,4.449,314.73,,9.24,,388.28,False,39690,712.25,True,Less than 50k
38,2012-10-26,2012,4,10,417290.38,65.95,4.301,148.32,6.73,3.05,,344.78,False,39690,502.88,True,Less than 50k
39,2010-02-05,2010,1,2,1230596.8,44.3,2.572,,,,,,False,184109,0.0,False,Between 150k and 200k
39,2010-02-12,2010,1,2,1266229.07,44.58,2.548,,,,,,True,184109,0.0,False,Between 150k and 200k
39,2010-02-19,2010,1,2,1230591.97,43.96,2.514,,,,,,False,184109,0.0,False,Between 150k and 200k
39,2010-02-26,2010,1,2,1168582.02,49.79,2.561,,,,,,False,184109,0.0,False,Between 150k and 200k
39,2010-03-05,2010,1,3,1266254.21,50.93,2.625,,,,,,False,184109,0.0,False,Between 150k and 200k
39,2010-03-12,2010,1,3,1244391.83,61.88,2.667,,,,,,False,184109,0.0,False,Between 150k and 200k
39,2010-03-19,2010,1,3,1301590.1300000001,58.62,2.72,,,,,,False,184109,0.0,False,Between 150k and 200k
39,2010-03-26,2010,1,3,1235094.66,54.83,2.732,,,,,,False,184109,0.0,False,Between 150k and 200k
39,2010-04-02,2010,2,4,1463942.62,63.31,2.719,,,,,,False,184109,0.0,False,Between 150k and 200k
39,2010-04-09,2010,2,4,1327035.27,68.15,2.77,,,,,,False,184109,0.0,False,Between 150k and 200k
39,2010-04-16,2010,2,4,1242874.98,66.33,2.808,,,,,,False,184109,0.0,False,Between 150k and 200k
39,2010-04-23,2010,2,4,1280231.85,67.64,2.795,,,,,,False,184109,0.0,False,Between 150k and 200k
39,2010-04-30,2010,2,4,1263836.59,70.03,2.78,,,,,,False,184109,0.0,False,Between 150k and 200k
39,2010-05-07,2010,2,5,1355704.21,74.86,2.835,,,,,,False,184109,0.0,False,Between 150k and 200k
39,2010-05-14,2010,2,5,1226997.7,77.49,2.854,,,,,,False,184109,0.0,False,Between 150k and 200k
39,2010-05-21,2010,2,5,1350673.98,76.67,2.826,,,,,,False,184109,0.0,False,Between 150k and 200k
39,2010-05-28,2010,2,5,1365541.59,80.22,2.759,,,,,,False,184109,0.0,False,Between 150k and 200k
39,2010-06-04,2010,2,6,1512207.95,79.83,2.705,,,,,,False,184109,0.0,False,Between 150k and 200k
39,2010-06-11,2010,2,6,1371405.33,81.78,2.668,,,,,,False,184109,0.0,False,Between 150k and 200k
39,2010-06-18,2010,2,6,1368312.45,83.96,2.637,,,,,,False,184109,0.0,False,Between 150k and 200k
39,2010-06-25,2010,2,6,1280414.8,83.24,2.653,,,,,,False,184109,0.0,False,Between 150k and 200k
39,2010-07-02,2010,3,7,1352547.7,81.35,2.669,,,,,,False,184109,0.0,False,Between 150k and 200k
39,2010-07-09,2010,3,7,1330473.47,81.1,2.642,,,,,,False,184109,0.0,False,Between 150k and 200k
39,2010-07-16,2010,3,7,1339811.68,83.86,2.623,,,,,,False,184109,0.0,False,Between 150k and 200k
39,2010-07-23,2010,3,7,1314651.83,82.2,2.608,,,,,,False,184109,0.0,False,Between 150k and 200k
39,2010-07-30,2010,3,7,1308222.24,80.99,2.64,,,,,,False,184109,0.0,False,Between 150k and 200k
39,2010-08-06,2010,3,8,1409989.67,84.92,2.627,,,,,,False,184109,0.0,False,Between 150k and 200k
39,2010-08-13,2010,3,8,1371465.66,85.66,2.692,,,,,,False,184109,0.0,False,Between 150k and 200k
39,2010-08-20,2010,3,8,1471816.52,85.73,2.664,,,,,,False,184109,0.0,False,Between 150k and 200k
39,2010-08-27,2010,3,8,1417515.93,84.31,2.619,,,,,,False,184109,0.0,False,Between 150k and 200k
39,2010-09-03,2010,3,9,1345167.61,82.13,2.577,,,,,,False,184109,0.0,False,Between 150k and 200k
39,2010-09-10,2010,3,9,1279666.47,79.94,2.565,,,,,,True,184109,0.0,False,Between 150k and 200k
39,2010-09-17,2010,3,9,1252915.43,81.83,2.582,,,,,,False,184109,0.0,False,Between 150k and 200k
39,2010-09-24,2010,3,9,1199449.54,78.5,2.624,,,,,,False,184109,0.0,False,Between 150k and 200k
39,2010-10-01,2010,4,10,1219583.91,72.74,2.603,,,,,,False,184109,0.0,False,Between 150k and 200k
39,2010-10-08,2010,4,10,1286598.59,64.8,2.633,,,,,,False,184109,0.0,False,Between 150k and 200k
39,2010-10-15,2010,4,10,1238742.0,69.96,2.72,,,,,,False,184109,0.0,False,Between 150k and 200k
39,2010-10-22,2010,4,10,1261109.01,71.73,2.725,,,,,,False,184109,0.0,False,Between 150k and 200k
39,2010-10-29,2010,4,10,1294769.08,75.14,2.716,,,,,,False,184109,0.0,False,Between 150k and 200k
39,2010-11-05,2010,4,11,1293707.19,61.62,2.689,,,,,,False,184109,0.0,False,Between 150k and 200k
39,2010-11-12,2010,4,11,1291398.71,62.21,2.728,,,,,,False,184109,0.0,False,Between 150k and 200k
39,2010-11-19,2010,4,11,1370659.54,55.5,2.771,,,,,,False,184109,0.0,False,Between 150k and 200k
39,2010-11-26,2010,4,11,2149355.2,67.75,2.735,,,,,,True,184109,0.0,False,Between 150k and 200k
39,2010-12-03,2010,4,12,1431910.98,53.55,2.708,,,,,,False,184109,0.0,False,Between 150k and 200k
39,2010-12-10,2010,4,12,1630564.48,50.81,2.843,,,,,,False,184109,0.0,False,Between 150k and 200k
39,2010-12-17,2010,4,12,1842172.46,55.31,2.869,,,,,,False,184109,0.0,False,Between 150k and 200k
39,2010-12-24,2010,4,12,2495489.25,58.86,2.886,,,,,,False,184109,0.0,False,Between 150k and 200k
39,2010-12-31,2010,4,12,1230012.16,52.45,2.943,,,,,,True,184109,0.0,False,Between 150k and 200k
39,2011-01-07,2011,1,1,1224475.12,52.74,2.976,,,,,,False,184109,0.0,False,Between 150k and 200k
39,2011-01-14,2011,1,1,1193199.3900000001,41.74,2.983,,,,,,False,184109,0.0,False,Between 150k and 200k
39,2011-01-21,2011,1,1,1243370.74,50.25,3.016,,,,,,False,184109,0.0,False,Between 150k and 200k
39,2011-01-28,2011,1,1,1158698.44,47.94,3.01,,,,,,False,184109,0.0,False,Between 150k and 200k
39,2011-02-04,2011,1,2,1343773.94,45.96,2.989,,,,,,False,184109,0.0,False,Between 150k and 200k
39,2011-02-11,2011,1,2,1227893.8900000001,40.34,3.022,,,,,,True,184109,0.0,False,Between 150k and 200k
39,2011-02-18,2011,1,2,1335233.74,58.2,3.045,,,,,,False,184109,0.0,False,Between 150k and 200k
39,2011-02-25,2011,1,2,1240921.19,67.77,3.065,,,,,,False,184109,0.0,False,Between 150k and 200k
39,2011-03-04,2011,1,3,1316385.43,63.56,3.288,,,,,,False,184109,0.0,False,Between 150k and 200k
39,2011-03-11,2011,1,3,1283716.81,58.35,3.459,,,,,,False,184109,0.0,False,Between 150k and 200k
39,2011-03-18,2011,1,3,1348410.05,65.28,3.488,,,,,,False,184109,0.0,False,Between 150k and 200k
39,2011-03-25,2011,1,3,1284334.79,71.17,3.473,,,,,,False,184109,0.0,False,Between 150k and 200k
39,2011-04-01,2011,2,4,1316849.36,66.57,3.524,,,,,,False,184109,0.0,False,Between 150k and 200k
39,2011-04-08,2011,2,4,1350646.16,69.45,3.622,,,,,,False,184109,0.0,False,Between 150k and 200k
39,2011-04-15,2011,2,4,1348031.55,73.19,3.743,,,,,,False,184109,0.0,False,Between 150k and 200k
39,2011-04-22,2011,2,4,1563140.85,74.98,3.807,,,,,,False,184109,0.0,False,Between 150k and 200k
39,2011-04-29,2011,2,4,1379651.8699999999,76.47,3.81,,,,,,False,184109,0.0,False,Between 150k and 200k
39,2011-05-06,2011,2,5,1370920.8699999999,68.75,3.906,,,,,,False,184109,0.0,False,Between 150k and 200k
39,2011-05-13,2011,2,5,1325022.77,77.39,3.899,,,,,,False,184109,0.0,False,Between 150k and 200k
39,2011-05-20,2011,2,5,1373907.21,73.31,3.907,,,,,,False,184109,0.0,False,Between 150k and 200k
39,2011-05-27,2011,2,5,1406124.14,82.1,3.786,,,,,,False,184109,0.0,False,Between 150k and 200k
39,2011-06-03,2011,2,6,1541745.59,83.59,3.699,,,,,,False,184109,0.0,False,Between 150k and 200k
39,2011-06-10,2011,2,6,1442092.08,82.75,3.648,,,,,,False,184109,0.0,False,Between 150k and 200k
39,2011-06-17,2011,2,6,1451392.67,85.21,3.637,,,,,,False,184109,0.0,False,Between 150k and 200k
39,2011-06-24,2011,2,6,1363167.95,84.06,3.594,,,,,,False,184109,0.0,False,Between 150k and 200k
39,2011-07-01,2011,3,7,1429829.36,84.93,3.524,,,,,,False,184109,0.0,False,Between 150k and 200k
39,2011-07-08,2011,3,7,1414564.53,84.33,3.48,,,,,,False,184109,0.0,False,Between 150k and 200k
39,2011-07-15,2011,3,7,1380257.12,85.96,3.575,,,,,,False,184109,0.0,False,Between 150k and 200k
39,2011-07-22,2011,3,7,1416005.59,84.6,3.651,,,,,,False,184109,0.0,False,Between 150k and 200k
39,2011-07-29,2011,3,7,1426418.53,86.24,3.682,,,,,,False,184109,0.0,False,Between 150k and 200k
39,2011-08-05,2011,3,8,1518790.89,87.73,3.684,,,,,,False,184109,0.0,False,Between 150k and 200k
39,2011-08-12,2011,3,8,1514055.97,88.27,3.638,,,,,,False,184109,0.0,False,Between 150k and 200k
39,2011-08-19,2011,3,8,1629066.9,87.93,3.554,,,,,,False,184109,0.0,False,Between 150k and 200k
39,2011-08-26,2011,3,8,1573898.63,86.49,3.523,,,,,,False,184109,0.0,False,Between 150k and 200k
39,2011-09-02,2011,3,9,1465089.85,88.65,3.533,,,,,,False,184109,0.0,False,Between 150k and 200k
39,2011-09-09,2011,3,9,1429345.86,79.15,3.546,,,,,,True,184109,0.0,False,Between 150k and 200k
39,2011-09-16,2011,3,9,1372500.6300000001,83.11,3.526,,,,,,False,184109,0.0,False,Between 150k and 200k
39,2011-09-23,2011,3,9,1338657.95,78.75,3.467,,,,,,False,184109,0.0,False,Between 150k and 200k
39,2011-09-30,2011,3,9,1311775.83,81.51,3.355,,,,,,False,184109,0.0,False,Between 150k and 200k
39,2011-10-07,2011,4,10,1443884.39,71.68,3.285,,,,,,False,184109,0.0,False,Between 150k and 200k
39,2011-10-14,2011,4,10,1384721.84,73.79,3.274,,,,,,False,184109,0.0,False,Between 150k and 200k
39,2011-10-21,2011,4,10,1465283.29,67.65,3.353,,,,,,False,184109,0.0,False,Between 150k and 200k
39,2011-10-28,2011,4,10,1472663.1,71.05,3.372,,,,,,False,184109,0.0,False,Between 150k and 200k
39,2011-11-04,2011,4,11,1553629.59,58.04,3.332,,,,,,False,184109,0.0,False,Between 150k and 200k
39,2011-11-11,2011,4,11,1456957.38,63.11,3.297,8894.84,10678.05,342.83,2414.95,10590.23,False,184109,32920.9,True,Between 150k and 200k
39,2011-11-18,2011,4,11,1510397.27,66.09,3.308,3378.96,215.22,162.51,486.32,6941.94,False,184109,11184.949999999999,True,Between 150k and 200k
39,2011-11-25,2011,4,11,2338832.4,66.36,3.236,224.08,292.94,77126.16,77.74,4875.43,True,184109,82596.35,True,Between 150k and 200k
39,2011-12-02,2011,4,12,1632894.58,53.14,3.172,2966.71,59.47,2100.01,3614.81,18646.29,False,184109,27387.29,True,Between 150k and 200k
39,2011-12-09,2011,4,12,1781528.77,49.36,3.158,4462.95,,292.36,1354.79,22649.7,False,184109,28759.8,True,Between 150k and 200k
39,2011-12-16,2011,4,12,1991824.05,58.58,3.159,873.38,15.15,505.72,650.86,6904.19,False,184109,8949.3,True,Between 150k and 200k
39,2011-12-23,2011,4,12,2554482.84,54.62,3.112,3099.34,16.14,1339.1,213.49,4911.65,False,184109,9579.72,True,Between 150k and 200k
39,2011-12-30,2011,4,12,1537139.56,47.6,3.129,5363.52,53918.62,193.95,383.85,8337.7,True,184109,68197.64,True,Between 150k and 200k
39,2012-01-06,2012,1,1,1478537.93,55.83,3.157,4525.51,23319.85,120.18,117.6,9638.2,False,184109,37721.34,True,Between 150k and 200k
39,2012-01-13,2012,1,1,1369125.37,54.66,3.261,7924.93,13698.33,83.04,477.43,10488.23,False,184109,32671.960000000003,True,Between 150k and 200k
39,2012-01-20,2012,1,1,1394841.03,58.04,3.268,919.82,4005.7,90.56,525.75,1798.51,False,184109,7340.34,True,Between 150k and 200k
39,2012-01-27,2012,1,1,1320301.61,60.65,3.29,1119.34,2578.64,82.5,4.0,1647.3,False,184109,5431.78,True,Between 150k and 200k
39,2012-02-03,2012,1,2,1396150.15,60.69,3.36,44153.98,1873.54,228.69,31484.58,24354.2,False,184109,102094.99,True,Between 150k and 200k
39,2012-02-10,2012,1,2,1442988.44,52.89,3.409,6997.37,1891.53,115.26,7093.82,9198.59,True,184109,25296.57,True,Between 150k and 200k
39,2012-02-17,2012,1,2,1511041.69,52.75,3.51,15632.4,6962.91,24.9,6631.5,23647.05,False,184109,52898.759999999995,True,Between 150k and 200k
39,2012-02-24,2012,1,2,1412065.04,61.1,3.555,7826.68,6839.78,2.0,983.61,10296.01,False,184109,25948.08,True,Between 150k and 200k
39,2012-03-02,2012,1,3,1453047.02,64.05,3.63,22838.35,998.95,7.2,5781.24,12907.82,False,184109,42533.56,True,Between 150k and 200k
39,2012-03-09,2012,1,3,1470764.35,61.64,3.669,5772.82,286.18,3.57,735.05,28766.27,False,184109,35563.89,True,Between 150k and 200k
39,2012-03-16,2012,1,3,1522421.07,65.81,3.734,4150.56,184.15,6.24,1947.25,13451.44,False,184109,19739.64,True,Between 150k and 200k
39,2012-03-23,2012,1,3,1469593.3699999999,67.91,3.787,4355.72,91.37,4.08,305.89,3682.22,False,184109,8439.28,True,Between 150k and 200k
39,2012-03-30,2012,1,3,1499727.02,69.11,3.845,8547.51,93.82,,998.98,15532.43,False,184109,25172.739999999998,True,Between 150k and 200k
39,2012-04-06,2012,2,4,1764847.94,73.49,3.891,9057.89,,46.4,3572.95,15694.32,False,184109,28371.559999999998,True,Between 150k and 200k
39,2012-04-13,2012,2,4,1580732.73,71.59,3.891,5032.34,3521.71,15.9,1241.57,10538.44,False,184109,20349.96,True,Between 150k and 200k
39,2012-04-20,2012,2,4,1433391.04,70.04,3.877,5206.6,207.27,0.2,318.73,5241.86,False,184109,10974.66,True,Between 150k and 200k
39,2012-04-27,2012,2,4,1456997.2,69.11,3.814,5821.79,,,164.58,8663.37,False,184109,14649.740000000002,True,Between 150k and 200k
39,2012-05-04,2012,2,5,1512227.34,77.15,3.749,15959.12,,30.12,3483.71,12856.15,False,184109,32329.1,True,Between 150k and 200k
39,2012-05-11,2012,2,5,1470792.41,75.52,3.688,8891.08,,8.34,4182.79,3506.41,False,184109,16588.62,True,Between 150k and 200k
39,2012-05-18,2012,2,5,1522978.54,72.36,3.63,6962.99,,7.0,2166.87,18547.03,False,184109,27683.89,True,Between 150k and 200k
39,2012-05-25,2012,2,5,1596036.66,78.31,3.561,10926.02,,967.95,1983.54,6579.15,False,184109,20456.660000000003,True,Between 150k and 200k
39,2012-06-01,2012,2,6,1640476.77,80.33,3.501,8200.12,5.8,64.71,1772.73,9316.5,False,184109,19359.86,True,Between 150k and 200k
39,2012-06-08,2012,2,6,1623442.24,81.12,3.452,9356.4,351.8,0.24,1857.12,11870.68,False,184109,23436.239999999998,True,Between 150k and 200k
39,2012-06-15,2012,2,6,1587499.82,81.33,3.393,8270.46,76.4,0.06,3324.17,25107.85,False,184109,36778.939999999995,True,Between 150k and 200k
39,2012-06-22,2012,2,6,1532316.79,79.84,3.346,7354.18,244.0,0.99,2788.54,53212.72,False,184109,63600.43,True,Between 150k and 200k
39,2012-06-29,2012,2,6,1492388.98,85.72,3.286,4579.58,238.8,,725.41,85851.87,False,184109,91395.65999999999,True,Between 150k and 200k
39,2012-07-06,2012,3,7,1659221.99,81.05,3.227,11507.92,254.4,90.79,5163.63,108519.28,False,184109,125536.02,True,Between 150k and 200k
39,2012-07-13,2012,3,7,1471261.76,78.16,3.256,4989.73,125.2,15.75,3398.73,105223.11,False,184109,113752.52,True,Between 150k and 200k
39,2012-07-20,2012,3,7,1582168.27,80.32,3.311,6182.24,246.4,31.54,5087.21,63005.58,False,184109,74552.97,True,Between 150k and 200k
39,2012-07-27,2012,3,7,1487797.54,82.89,3.407,1476.42,77.44,7.24,1008.3,35419.19,False,184109,37988.590000000004,True,Between 150k and 200k
39,2012-08-03,2012,3,8,1608277.74,84.05,3.417,25778.96,173.2,51.52,24900.66,4573.34,False,184109,55477.67999999999,True,Between 150k and 200k
39,2012-08-10,2012,3,8,1641867.92,83.47,3.494,13884.35,122.0,112.9,4259.15,10223.2,False,184109,28601.600000000002,True,Between 150k and 200k
39,2012-08-17,2012,3,8,1720221.91,84.72,3.571,2549.92,133.06,2.33,4623.71,4609.77,False,184109,11918.79,True,Between 150k and 200k
39,2012-08-24,2012,3,8,1724669.75,80.49,3.62,6741.36,81.74,0.02,4657.6,13783.29,False,184109,25264.010000000002,True,Between 150k and 200k
39,2012-08-31,2012,3,8,1710923.94,83.72,3.638,24675.17,73.5,63.4,12048.3,15590.53,False,184109,52450.899999999994,True,Between 150k and 200k
39,2012-09-07,2012,3,9,1609811.75,83.71,3.73,22865.19,31.76,197.48,1883.05,10351.49,True,184109,35328.969999999994,True,Between 150k and 200k
39,2012-09-14,2012,3,9,1447614.08,76.71,3.717,9997.12,4.0,67.58,1208.44,18054.35,False,184109,29331.489999999998,True,Between 150k and 200k
39,2012-09-21,2012,3,9,1555672.51,73.58,3.721,11644.3,112.91,6.7,3300.92,13244.99,False,184109,28309.82,True,Between 150k and 200k
39,2012-09-28,2012,3,9,1495607.07,78.04,3.666,4472.55,50.82,4.25,2331.3,10273.98,False,184109,17132.9,True,Between 150k and 200k
39,2012-10-05,2012,4,10,1574408.67,72.05,3.617,6657.7,,47.01,5234.34,6313.88,False,184109,18252.93,True,Between 150k and 200k
39,2012-10-12,2012,4,10,1494417.07,69.88,3.601,2360.14,,22.59,579.21,15387.94,False,184109,18349.88,True,Between 150k and 200k
39,2012-10-19,2012,4,10,1577486.33,71.45,3.594,2139.7,,1.6,99.01,11831.06,False,184109,14071.369999999999,True,Between 150k and 200k
39,2012-10-26,2012,4,10,1569502.0,72.9,3.506,6057.96,99.85,159.0,602.37,3392.16,False,184109,10311.34,True,Between 150k and 200k
40,2010-02-05,2010,1,2,1001943.8,14.48,2.788,,,,,,False,155083,0.0,False,Between 150k and 200k
40,2010-02-12,2010,1,2,955338.29,20.84,2.771,,,,,,True,155083,0.0,False,Between 150k and 200k
40,2010-02-19,2010,1,2,916289.2000000001,27.84,2.747,,,,,,False,155083,0.0,False,Between 150k and 200k
40,2010-02-26,2010,1,2,863917.41,33.32,2.753,,,,,,False,155083,0.0,False,Between 150k and 200k
40,2010-03-05,2010,1,3,990152.28,34.78,2.766,,,,,,False,155083,0.0,False,Between 150k and 200k
40,2010-03-12,2010,1,3,899352.4,35.1,2.805,,,,,,False,155083,0.0,False,Between 150k and 200k
40,2010-03-19,2010,1,3,894865.3,40.54,2.834,,,,,,False,155083,0.0,False,Between 150k and 200k
40,2010-03-26,2010,1,3,873354.58,39.51,2.831,,,,,,False,155083,0.0,False,Between 150k and 200k
40,2010-04-02,2010,2,4,1041202.13,41.39,2.826,,,,,,False,155083,0.0,False,Between 150k and 200k
40,2010-04-09,2010,2,4,919839.19,54.31,2.849,,,,,,False,155083,0.0,False,Between 150k and 200k
40,2010-04-16,2010,2,4,882636.96,43.3,2.885,,,,,,False,155083,0.0,False,Between 150k and 200k
40,2010-04-23,2010,2,4,844958.49,45.85,2.895,,,,,,False,155083,0.0,False,Between 150k and 200k
40,2010-04-30,2010,2,4,816838.31,46.5,2.935,,,,,,False,155083,0.0,False,Between 150k and 200k
40,2010-05-07,2010,2,5,1009797.06,60.05,2.981,,,,,,False,155083,0.0,False,Between 150k and 200k
40,2010-05-14,2010,2,5,907262.47,45.5,2.983,,,,,,False,155083,0.0,False,Between 150k and 200k
40,2010-05-21,2010,2,5,885613.91,56.75,2.961,,,,,,False,155083,0.0,False,Between 150k and 200k
40,2010-05-28,2010,2,5,1008483.0700000001,67.88,2.906,,,,,,False,155083,0.0,False,Between 150k and 200k
40,2010-06-04,2010,2,6,1052429.03,65.7,2.857,,,,,,False,155083,0.0,False,Between 150k and 200k
40,2010-06-11,2010,2,6,1007574.67,59.42,2.83,,,,,,False,155083,0.0,False,Between 150k and 200k
40,2010-06-18,2010,2,6,973105.2999999999,60.97,2.805,,,,,,False,155083,0.0,False,Between 150k and 200k
40,2010-06-25,2010,2,6,940405.03,69.72,2.81,,,,,,False,155083,0.0,False,Between 150k and 200k
40,2010-07-02,2010,3,7,1087578.78,65.47,2.815,,,,,,False,155083,0.0,False,Between 150k and 200k
40,2010-07-09,2010,3,7,1058250.91,76.67,2.806,,,,,,False,155083,0.0,False,Between 150k and 200k
40,2010-07-16,2010,3,7,959229.09,74.25,2.796,,,,,,False,155083,0.0,False,Between 150k and 200k
40,2010-07-23,2010,3,7,922341.82,71.79,2.784,,,,,,False,155083,0.0,False,Between 150k and 200k
40,2010-07-30,2010,3,7,953393.02,71.35,2.792,,,,,,False,155083,0.0,False,Between 150k and 200k
40,2010-08-06,2010,3,8,1057295.87,69.16,2.792,,,,,,False,155083,0.0,False,Between 150k and 200k
40,2010-08-13,2010,3,8,924011.76,67.47,2.81,,,,,,False,155083,0.0,False,Between 150k and 200k
40,2010-08-20,2010,3,8,932397.0,67.05,2.796,,,,,,False,155083,0.0,False,Between 150k and 200k
40,2010-08-27,2010,3,8,922328.02,62.57,2.77,,,,,,False,155083,0.0,False,Between 150k and 200k
40,2010-09-03,2010,3,9,976453.34,70.66,2.735,,,,,,False,155083,0.0,False,Between 150k and 200k
40,2010-09-10,2010,3,9,967310.8200000001,62.75,2.717,,,,,,True,155083,0.0,False,Between 150k and 200k
40,2010-09-17,2010,3,9,855046.95,55.34,2.716,,,,,,False,155083,0.0,False,Between 150k and 200k
40,2010-09-24,2010,3,9,844373.3099999999,55.63,2.718,,,,,,False,155083,0.0,False,Between 150k and 200k
40,2010-10-01,2010,4,10,891152.33,62.01,2.717,,,,,,False,155083,0.0,False,Between 150k and 200k
40,2010-10-08,2010,4,10,972405.38,52.02,2.776,,,,,,False,155083,0.0,False,Between 150k and 200k
40,2010-10-15,2010,4,10,917883.17,44.56,2.878,,,,,,False,155083,0.0,False,Between 150k and 200k
40,2010-10-22,2010,4,10,882180.91,41.25,2.919,,,,,,False,155083,0.0,False,Between 150k and 200k
40,2010-10-29,2010,4,10,875038.84,47.1,2.938,,,,,,False,155083,0.0,False,Between 150k and 200k
40,2010-11-05,2010,4,11,968270.66,36.45,2.938,,,,,,False,155083,0.0,False,Between 150k and 200k
40,2010-11-12,2010,4,11,935481.32,38.5,2.961,,,,,,False,155083,0.0,False,Between 150k and 200k
40,2010-11-19,2010,4,11,852452.93,40.52,3.03,,,,,,False,155083,0.0,False,Between 150k and 200k
40,2010-11-26,2010,4,11,1166142.85,32.94,3.07,,,,,,True,155083,0.0,False,Between 150k and 200k
40,2010-12-03,2010,4,12,1000582.06,33.6,3.065,,,,,,False,155083,0.0,False,Between 150k and 200k
40,2010-12-10,2010,4,12,1111215.72,21.64,3.132,,,,,,False,155083,0.0,False,Between 150k and 200k
40,2010-12-17,2010,4,12,1179036.3,23.01,3.139,,,,,,False,155083,0.0,False,Between 150k and 200k
40,2010-12-24,2010,4,12,1648829.18,24.18,3.15,,,,,,False,155083,0.0,False,Between 150k and 200k
40,2010-12-31,2010,4,12,811318.3,19.29,3.177,,,,,,True,155083,0.0,False,Between 150k and 200k
40,2011-01-07,2011,1,1,894280.19,24.05,3.193,,,,,,False,155083,0.0,False,Between 150k and 200k
40,2011-01-14,2011,1,1,771315.62,18.55,3.215,,,,,,False,155083,0.0,False,Between 150k and 200k
40,2011-01-21,2011,1,1,764014.75,14.64,3.232,,,,,,False,155083,0.0,False,Between 150k and 200k
40,2011-01-28,2011,1,1,775910.43,9.51,3.243,,,,,,False,155083,0.0,False,Between 150k and 200k
40,2011-02-04,2011,1,2,904261.65,13.29,3.24,,,,,,False,155083,0.0,False,Between 150k and 200k
40,2011-02-11,2011,1,2,931939.52,16.87,3.255,,,,,,True,155083,0.0,False,Between 150k and 200k
40,2011-02-18,2011,1,2,968694.45,21.82,3.263,,,,,,False,155083,0.0,False,Between 150k and 200k
40,2011-02-25,2011,1,2,888869.27,16.5,3.281,,,,,,False,155083,0.0,False,Between 150k and 200k
40,2011-03-04,2011,1,3,977070.62,18.49,3.437,,,,,,False,155083,0.0,False,Between 150k and 200k
40,2011-03-11,2011,1,3,860255.58,30.53,3.6,,,,,,False,155083,0.0,False,Between 150k and 200k
40,2011-03-18,2011,1,3,871024.26,35.76,3.634,,,,,,False,155083,0.0,False,Between 150k and 200k
40,2011-03-25,2011,1,3,834621.39,28.89,3.624,,,,,,False,155083,0.0,False,Between 150k and 200k
40,2011-04-01,2011,2,4,841889.08,28.6,3.638,,,,,,False,155083,0.0,False,Between 150k and 200k
40,2011-04-08,2011,2,4,947753.32,34.77,3.72,,,,,,False,155083,0.0,False,Between 150k and 200k
40,2011-04-15,2011,2,4,874446.32,43.69,3.823,,,,,,False,155083,0.0,False,Between 150k and 200k
40,2011-04-22,2011,2,4,965056.4,39.32,3.919,,,,,,False,155083,0.0,False,Between 150k and 200k
40,2011-04-29,2011,2,4,847246.5,52.68,3.988,,,,,,False,155083,0.0,False,Between 150k and 200k
40,2011-05-06,2011,2,5,1016752.55,50.81,4.078,,,,,,False,155083,0.0,False,Between 150k and 200k
40,2011-05-13,2011,2,5,903864.02,54.09,4.095,,,,,,False,155083,0.0,False,Between 150k and 200k
40,2011-05-20,2011,2,5,907110.8300000001,56.38,4.101,,,,,,False,155083,0.0,False,Between 150k and 200k
40,2011-05-27,2011,2,5,972373.81,63.11,4.034,,,,,,False,155083,0.0,False,Between 150k and 200k
40,2011-06-03,2011,2,6,1075687.74,66.16,3.973,,,,,,False,155083,0.0,False,Between 150k and 200k
40,2011-06-10,2011,2,6,984336.04,64.19,3.924,,,,,,False,155083,0.0,False,Between 150k and 200k
40,2011-06-17,2011,2,6,971422.67,59.16,3.873,,,,,,False,155083,0.0,False,Between 150k and 200k
40,2011-06-24,2011,2,6,977103.64,62.59,3.851,,,,,,False,155083,0.0,False,Between 150k and 200k
40,2011-07-01,2011,3,7,1048866.3,65.25,3.815,,,,,,False,155083,0.0,False,Between 150k and 200k
40,2011-07-08,2011,3,7,1107366.06,67.86,3.784,,,,,,False,155083,0.0,False,Between 150k and 200k
40,2011-07-15,2011,3,7,953252.14,68.9,3.827,,,,,,False,155083,0.0,False,Between 150k and 200k
40,2011-07-22,2011,3,7,980642.1,73.34,3.882,,,,,,False,155083,0.0,False,Between 150k and 200k
40,2011-07-29,2011,3,7,929096.9,67.45,3.898,,,,,,False,155083,0.0,False,Between 150k and 200k
40,2011-08-05,2011,3,8,1063818.2,68.1,3.903,,,,,,False,155083,0.0,False,Between 150k and 200k
40,2011-08-12,2011,3,8,955506.95,68.3,3.88,,,,,,False,155083,0.0,False,Between 150k and 200k
40,2011-08-19,2011,3,8,943237.12,64.05,3.82,,,,,,False,155083,0.0,False,Between 150k and 200k
40,2011-08-26,2011,3,8,969611.2999999999,65.01,3.796,,,,,,False,155083,0.0,False,Between 150k and 200k
40,2011-09-02,2011,3,9,957298.26,63.79,3.784,,,,,,False,155083,0.0,False,Between 150k and 200k
40,2011-09-09,2011,3,9,1021391.99,64.83,3.809,,,,,,True,155083,0.0,False,Between 150k and 200k
40,2011-09-16,2011,3,9,890661.79,58.28,3.809,,,,,,False,155083,0.0,False,Between 150k and 200k
40,2011-09-23,2011,3,9,876583.98,54.09,3.758,,,,,,False,155083,0.0,False,Between 150k and 200k
40,2011-09-30,2011,3,9,912857.1,63.45,3.684,,,,,,False,155083,0.0,False,Between 150k and 200k
40,2011-10-07,2011,4,10,1070389.98,50.21,3.633,,,,,,False,155083,0.0,False,Between 150k and 200k
40,2011-10-14,2011,4,10,936751.68,53.9,3.583,,,,,,False,155083,0.0,False,Between 150k and 200k
40,2011-10-21,2011,4,10,942319.65,51.61,3.618,,,,,,False,155083,0.0,False,Between 150k and 200k
40,2011-10-28,2011,4,10,941675.95,42.09,3.604,,,,,,False,155083,0.0,False,Between 150k and 200k
40,2011-11-04,2011,4,11,1011321.1799999999,35.4,3.586,,,,,,False,155083,0.0,False,Between 150k and 200k
40,2011-11-11,2011,4,11,1037687.07,40.75,3.57,10215.77,4613.06,191.71,3200.57,4230.85,False,155083,22451.96,True,Between 150k and 200k
40,2011-11-18,2011,4,11,905399.99,41.85,3.571,1100.08,973.56,31.81,523.23,4424.36,False,155083,7053.039999999999,True,Between 150k and 200k
40,2011-11-25,2011,4,11,1230011.95,32.76,3.536,247.58,387.88,40362.07,47.0,1788.31,True,155083,42832.84,True,Between 150k and 200k
40,2011-12-02,2011,4,12,1059676.62,38.51,3.501,3966.04,23.47,2363.99,1455.15,15828.62,False,155083,23637.27,True,Between 150k and 200k
40,2011-12-09,2011,4,12,1158708.98,34.48,3.47,7081.76,48.0,94.05,1757.4,6850.25,False,155083,15831.460000000001,True,Between 150k and 200k
40,2011-12-16,2011,4,12,1198670.19,29.53,3.445,3067.81,,383.98,409.64,2938.11,False,155083,6799.54,True,Between 150k and 200k
40,2011-12-23,2011,4,12,1601585.7,24.46,3.413,709.32,0.03,1065.7,67.72,1336.25,False,155083,3179.0200000000004,True,Between 150k and 200k
40,2011-12-30,2011,4,12,908853.15,18.75,3.402,3392.38,25557.03,205.29,421.72,2439.13,True,155083,32015.550000000003,True,Between 150k and 200k
40,2012-01-06,2012,1,1,954576.86,23.29,3.439,3737.24,20629.4,169.85,954.18,4508.45,False,155083,29999.12,True,Between 150k and 200k
40,2012-01-13,2012,1,1,780607.52,25.9,3.523,1128.25,8721.23,129.34,393.68,3221.84,False,155083,13594.34,True,Between 150k and 200k
40,2012-01-20,2012,1,1,811365.42,14.02,3.542,1658.12,4319.36,101.86,79.54,1831.29,False,155083,7990.169999999999,True,Between 150k and 200k
40,2012-01-27,2012,1,1,770157.29,22.91,3.568,388.59,1327.78,126.72,38.29,1619.57,False,155083,3500.95,True,Between 150k and 200k
40,2012-02-03,2012,1,2,979552.34,27.86,3.633,37980.28,2731.05,108.41,23597.14,5940.88,False,155083,70357.76000000001,True,Between 150k and 200k
40,2012-02-10,2012,1,2,999785.48,23.92,3.655,10333.24,3700.62,66.01,11804.09,7697.87,True,155083,33601.83,True,Between 150k and 200k
40,2012-02-17,2012,1,2,975500.87,25.56,3.703,7763.37,7366.75,33.48,3995.44,2642.17,False,155083,21801.21,True,Between 150k and 200k
40,2012-02-24,2012,1,2,919301.81,29.88,3.751,15946.5,4605.02,2.0,4775.14,9418.31,False,155083,34746.97,True,Between 150k and 200k
40,2012-03-02,2012,1,3,927732.02,23.79,3.827,15284.47,1338.94,,14210.79,2121.92,False,155083,32956.12,True,Between 150k and 200k
40,2012-03-09,2012,1,3,954233.87,30.58,3.876,12923.38,404.23,0.4,7062.19,3420.25,False,155083,23810.449999999997,True,Between 150k and 200k
40,2012-03-16,2012,1,3,891154.18,37.13,3.867,4935.36,176.82,3.85,1392.83,2458.54,False,155083,8967.4,True,Between 150k and 200k
40,2012-03-23,2012,1,3,844490.86,52.27,3.889,5767.41,126.67,2.77,179.94,3260.71,False,155083,9337.5,True,Between 150k and 200k
40,2012-03-30,2012,1,3,871945.64,36.25,3.921,7182.51,120.76,9.34,2017.53,2449.78,False,155083,11779.920000000002,True,Between 150k and 200k
40,2012-04-06,2012,2,4,1132064.23,36.54,3.957,9295.46,,43.35,1876.1,6042.42,False,155083,17257.33,True,Between 150k and 200k
40,2012-04-13,2012,2,4,857811.17,40.65,4.025,3668.82,4728.85,34.1,1320.78,1820.75,False,155083,11573.300000000001,True,Between 150k and 200k
40,2012-04-20,2012,2,4,896979.93,55.3,4.046,3255.99,1157.63,25.59,340.56,3376.98,False,155083,8156.75,True,Between 150k and 200k
40,2012-04-27,2012,2,4,875372.91,47.51,4.023,2283.4,0.33,24.94,235.22,3113.29,False,155083,5657.18,True,Between 150k and 200k
40,2012-05-04,2012,2,5,993311.59,44.47,3.991,11685.51,,78.21,3129.14,3364.41,False,155083,18257.269999999997,True,Between 150k and 200k
40,2012-05-11,2012,2,5,967729.35,52.06,3.947,7071.55,,408.25,1175.76,4204.96,False,155083,12860.52,True,Between 150k and 200k
40,2012-05-18,2012,2,5,896295.41,57.59,3.899,4534.3,,103.83,735.81,2388.29,False,155083,7762.2300000000005,True,Between 150k and 200k
40,2012-05-25,2012,2,5,991054.49,65.25,3.85,8089.78,,303.31,1092.35,2448.8,False,155083,11934.240000000002,True,Between 150k and 200k
40,2012-06-01,2012,2,6,1037464.27,64.75,3.798,4641.39,30.6,50.93,420.22,1627.19,False,155083,6770.330000000002,True,Between 150k and 200k
40,2012-06-08,2012,2,6,1079386.88,55.78,3.746,7338.72,324.8,44.64,2067.65,7482.97,False,155083,17258.780000000002,True,Between 150k and 200k
40,2012-06-15,2012,2,6,977950.28,63.39,3.683,5288.06,244.82,42.74,1165.96,3695.1,False,155083,10436.68,True,Between 150k and 200k
40,2012-06-22,2012,2,6,1033552.18,69.32,3.629,5015.3,438.0,4.72,2018.54,7972.99,False,155083,15449.55,True,Between 150k and 200k
40,2012-06-29,2012,2,6,988764.84,64.42,3.577,2925.88,253.2,,400.0,2124.37,False,155083,5703.45,True,Between 150k and 200k
40,2012-07-06,2012,3,7,1182901.56,69.08,3.538,6364.53,277.2,62.07,2574.7,5230.46,False,155083,14508.96,True,Between 150k and 200k
40,2012-07-13,2012,3,7,979848.71,67.48,3.561,6891.02,80.4,23.66,1464.52,2677.19,False,155083,11136.79,True,Between 150k and 200k
40,2012-07-20,2012,3,7,968502.38,70.45,3.61,2418.7,89.01,9.52,1450.08,2263.49,False,155083,6230.799999999999,True,Between 150k and 200k
40,2012-07-27,2012,3,7,954396.85,67.88,3.701,3351.06,156.53,4.24,1624.68,1605.34,False,155083,6741.85,True,Between 150k and 200k
40,2012-08-03,2012,3,8,1068346.76,70.15,3.698,17749.81,377.88,6.36,8303.08,2209.27,False,155083,28646.400000000005,True,Between 150k and 200k
40,2012-08-10,2012,3,8,1007906.43,70.09,3.772,10965.65,130.69,0.32,4849.39,2266.63,False,155083,18212.68,True,Between 150k and 200k
40,2012-08-17,2012,3,8,969387.48,69.41,3.84,3810.18,27.3,1.02,181.12,6417.42,False,155083,10437.04,True,Between 150k and 200k
40,2012-08-24,2012,3,8,945318.47,63.91,3.874,6243.66,18.3,48.06,2649.7,6021.47,False,155083,14981.190000000002,True,Between 150k and 200k
40,2012-08-31,2012,3,8,987264.67,66.11,3.884,10904.29,38.81,23.95,2684.17,2912.76,False,155083,16563.980000000003,True,Between 150k and 200k
40,2012-09-07,2012,3,9,1088248.4,65.06,3.921,5494.1,,39.66,925.8,3268.99,True,155083,9728.55,True,Between 150k and 200k
40,2012-09-14,2012,3,9,901709.82,59.38,3.988,5593.11,,62.88,290.65,7375.04,False,155083,13321.68,True,Between 150k and 200k
40,2012-09-21,2012,3,9,899768.4,54.12,4.056,3688.63,7.64,,693.23,4870.36,False,155083,9259.86,True,Between 150k and 200k
40,2012-09-28,2012,3,9,919595.44,50.98,4.018,3579.04,,,709.97,4706.12,False,155083,8995.130000000001,True,Between 150k and 200k
40,2012-10-05,2012,4,10,1069112.0,57.21,4.027,4298.34,,12.03,1754.05,2273.79,False,155083,8338.21,True,Between 150k and 200k
40,2012-10-12,2012,4,10,982523.26,47.35,4.029,1686.43,,13.85,589.97,6365.02,False,155083,8655.27,True,Between 150k and 200k
40,2012-10-19,2012,4,10,918170.5,46.33,4.0,412.06,,6.1,38.76,2850.1,False,155083,3307.02,True,Between 150k and 200k
40,2012-10-26,2012,4,10,921264.52,49.65,3.917,3605.71,55.98,0.28,486.81,1389.06,False,155083,5537.84,True,Between 150k and 200k
41,2010-02-05,2010,1,2,1086533.18,30.27,2.58,,,,,,False,196321,0.0,False,Between 150k and 200k
41,2010-02-12,2010,1,2,1075656.34,23.04,2.572,,,,,,True,196321,0.0,False,Between 150k and 200k
41,2010-02-19,2010,1,2,1052034.74,24.13,2.55,,,,,,False,196321,0.0,False,Between 150k and 200k
41,2010-02-26,2010,1,2,991941.73,21.84,2.586,,,,,,False,196321,0.0,False,Between 150k and 200k
41,2010-03-05,2010,1,3,1063557.49,32.49,2.62,,,,,,False,196321,0.0,False,Between 150k and 200k
41,2010-03-12,2010,1,3,1023997.71,33.4,2.684,,,,,,False,196321,0.0,False,Between 150k and 200k
41,2010-03-19,2010,1,3,1006597.6900000001,36.7,2.692,,,,,,False,196321,0.0,False,Between 150k and 200k
41,2010-03-26,2010,1,3,1015196.46,32.3,2.717,,,,,,False,196321,0.0,False,Between 150k and 200k
41,2010-04-02,2010,2,4,1168826.39,41.31,2.725,,,,,,False,196321,0.0,False,Between 150k and 200k
41,2010-04-09,2010,2,4,1082158.21,37.3,2.75,,,,,,False,196321,0.0,False,Between 150k and 200k
41,2010-04-16,2010,2,4,1043388.79,46.79,2.765,,,,,,False,196321,0.0,False,Between 150k and 200k
41,2010-04-23,2010,2,4,1067340.74,45.29,2.776,,,,,,False,196321,0.0,False,Between 150k and 200k
41,2010-04-30,2010,2,4,1063960.1099999999,40.2,2.766,,,,,,False,196321,0.0,False,Between 150k and 200k
41,2010-05-07,2010,2,5,1175738.22,41.5,2.771,,,,,,False,196321,0.0,False,Between 150k and 200k
41,2010-05-14,2010,2,5,1116439.02,40.23,2.788,,,,,,False,196321,0.0,False,Between 150k and 200k
41,2010-05-21,2010,2,5,1163234.33,50.59,2.776,,,,,,False,196321,0.0,False,Between 150k and 200k
41,2010-05-28,2010,2,5,1246654.24,56.97,2.737,,,,,,False,196321,0.0,False,Between 150k and 200k
41,2010-06-04,2010,2,6,1305068.1,60.13,2.7,,,,,,False,196321,0.0,False,Between 150k and 200k
41,2010-06-11,2010,2,6,1217199.39,63.36,2.684,,,,,,False,196321,0.0,False,Between 150k and 200k
41,2010-06-18,2010,2,6,1202963.06,54.9,2.674,,,,,,False,196321,0.0,False,Between 150k and 200k
41,2010-06-25,2010,2,6,1174209.52,66.0,2.715,,,,,,False,196321,0.0,False,Between 150k and 200k
41,2010-07-02,2010,3,7,1273279.79,69.39,2.728,,,,,,False,196321,0.0,False,Between 150k and 200k
41,2010-07-09,2010,3,7,1176079.59,60.93,2.711,,,,,,False,196321,0.0,False,Between 150k and 200k
41,2010-07-16,2010,3,7,1179788.3800000001,69.06,2.699,,,,,,False,196321,0.0,False,Between 150k and 200k
41,2010-07-23,2010,3,7,1192213.8699999999,70.77,2.691,,,,,,False,196321,0.0,False,Between 150k and 200k
41,2010-07-30,2010,3,7,1211136.6300000001,70.07,2.69,,,,,,False,196321,0.0,False,Between 150k and 200k
41,2010-08-06,2010,3,8,1338132.72,69.21,2.69,,,,,,False,196321,0.0,False,Between 150k and 200k
41,2010-08-13,2010,3,8,1285976.53,70.24,2.723,,,,,,False,196321,0.0,False,Between 150k and 200k
41,2010-08-20,2010,3,8,1353838.39,66.19,2.732,,,,,,False,196321,0.0,False,Between 150k and 200k
41,2010-08-27,2010,3,8,1173131.63,70.59,2.731,,,,,,False,196321,0.0,False,Between 150k and 200k
41,2010-09-03,2010,3,9,1223355.5,64.13,2.773,,,,,,False,196321,0.0,False,Between 150k and 200k
41,2010-09-10,2010,3,9,1172672.27,63.3,2.78,,,,,,True,196321,0.0,False,Between 150k and 200k
41,2010-09-17,2010,3,9,1111170.91,62.4,2.8,,,,,,False,196321,0.0,False,Between 150k and 200k
41,2010-09-24,2010,3,9,1110941.78,60.11,2.793,,,,,,False,196321,0.0,False,Between 150k and 200k
41,2010-10-01,2010,4,10,1109216.35,62.67,2.759,,,,,,False,196321,0.0,False,Between 150k and 200k
41,2010-10-08,2010,4,10,1162042.24,57.1,2.745,,,,,,False,196321,0.0,False,Between 150k and 200k
41,2010-10-15,2010,4,10,1133913.33,49.91,2.762,,,,,,False,196321,0.0,False,Between 150k and 200k
41,2010-10-22,2010,4,10,1156003.7,48.09,2.762,,,,,,False,196321,0.0,False,Between 150k and 200k
41,2010-10-29,2010,4,10,1144854.56,42.16,2.748,,,,,,False,196321,0.0,False,Between 150k and 200k
41,2010-11-05,2010,4,11,1163878.49,46.74,2.729,,,,,,False,196321,0.0,False,Between 150k and 200k
41,2010-11-12,2010,4,11,1175326.23,38.99,2.737,,,,,,False,196321,0.0,False,Between 150k and 200k
41,2010-11-19,2010,4,11,1172155.28,31.34,2.758,,,,,,False,196321,0.0,False,Between 150k and 200k
41,2010-11-26,2010,4,11,1866681.57,25.3,2.742,,,,,,True,196321,0.0,False,Between 150k and 200k
41,2010-12-03,2010,4,12,1220115.75,33.0,2.712,,,,,,False,196321,0.0,False,Between 150k and 200k
41,2010-12-10,2010,4,12,1434908.13,33.9,2.728,,,,,,False,196321,0.0,False,Between 150k and 200k
41,2010-12-17,2010,4,12,1627904.68,31.51,2.778,,,,,,False,196321,0.0,False,Between 150k and 200k
41,2010-12-24,2010,4,12,2225016.73,29.81,2.781,,,,,,False,196321,0.0,False,Between 150k and 200k
41,2010-12-31,2010,4,12,1001790.16,25.19,2.829,,,,,,True,196321,0.0,False,Between 150k and 200k
41,2011-01-07,2011,1,1,1153596.53,23.76,2.882,,,,,,False,196321,0.0,False,Between 150k and 200k
41,2011-01-14,2011,1,1,1052609.16,22.44,2.911,,,,,,False,196321,0.0,False,Between 150k and 200k
41,2011-01-21,2011,1,1,1088025.8,32.7,2.973,,,,,,False,196321,0.0,False,Between 150k and 200k
41,2011-01-28,2011,1,1,1026439.93,32.23,3.008,,,,,,False,196321,0.0,False,Between 150k and 200k
41,2011-02-04,2011,1,2,1179420.5,14.56,3.011,,,,,,False,196321,0.0,False,Between 150k and 200k
41,2011-02-11,2011,1,2,1150003.36,16.81,3.037,,,,,,True,196321,0.0,False,Between 150k and 200k
41,2011-02-18,2011,1,2,1203399.64,39.39,3.051,,,,,,False,196321,0.0,False,Between 150k and 200k
41,2011-02-25,2011,1,2,1099714.93,26.1,3.101,,,,,,False,196321,0.0,False,Between 150k and 200k
41,2011-03-04,2011,1,3,1229257.7,34.99,3.232,,,,,,False,196321,0.0,False,Between 150k and 200k
41,2011-03-11,2011,1,3,1159089.6,31.6,3.372,,,,,,False,196321,0.0,False,Between 150k and 200k
41,2011-03-18,2011,1,3,1115504.26,40.19,3.406,,,,,,False,196321,0.0,False,Between 150k and 200k
41,2011-03-25,2011,1,3,1140578.16,41.11,3.414,,,,,,False,196321,0.0,False,Between 150k and 200k
41,2011-04-01,2011,2,4,1179125.48,38.16,3.461,,,,,,False,196321,0.0,False,Between 150k and 200k
41,2011-04-08,2011,2,4,1206252.12,42.87,3.532,,,,,,False,196321,0.0,False,Between 150k and 200k
41,2011-04-15,2011,2,4,1192982.07,39.94,3.611,,,,,,False,196321,0.0,False,Between 150k and 200k
41,2011-04-22,2011,2,4,1304481.75,42.86,3.636,,,,,,False,196321,0.0,False,Between 150k and 200k
41,2011-04-29,2011,2,4,1178841.05,39.81,3.663,,,,,,False,196321,0.0,False,Between 150k and 200k
41,2011-05-06,2011,2,5,1244956.91,41.2,3.735,,,,,,False,196321,0.0,False,Between 150k and 200k
41,2011-05-13,2011,2,5,1270025.74,50.29,3.767,,,,,,False,196321,0.0,False,Between 150k and 200k
41,2011-05-20,2011,2,5,1244542.33,41.11,3.828,,,,,,False,196321,0.0,False,Between 150k and 200k
41,2011-05-27,2011,2,5,1278304.33,50.56,3.795,,,,,,False,196321,0.0,False,Between 150k and 200k
41,2011-06-03,2011,2,6,1297584.95,54.81,3.763,,,,,,False,196321,0.0,False,Between 150k and 200k
41,2011-06-10,2011,2,6,1311690.11,61.1,3.735,,,,,,False,196321,0.0,False,Between 150k and 200k
41,2011-06-17,2011,2,6,1289151.84,62.3,3.697,,,,,,False,196321,0.0,False,Between 150k and 200k
41,2011-06-24,2011,2,6,1244381.98,59.54,3.661,,,,,,False,196321,0.0,False,Between 150k and 200k
41,2011-07-01,2011,3,7,1333347.78,67.01,3.597,,,,,,False,196321,0.0,False,Between 150k and 200k
41,2011-07-08,2011,3,7,1338862.58,68.49,3.54,,,,,,False,196321,0.0,False,Between 150k and 200k
41,2011-07-15,2011,3,7,1245772.7,68.18,3.532,,,,,,False,196321,0.0,False,Between 150k and 200k
41,2011-07-22,2011,3,7,1292830.93,74.11,3.545,,,,,,False,196321,0.0,False,Between 150k and 200k
41,2011-07-29,2011,3,7,1248330.1,71.3,3.547,,,,,,False,196321,0.0,False,Between 150k and 200k
41,2011-08-05,2011,3,8,1402233.69,72.19,3.554,,,,,,False,196321,0.0,False,Between 150k and 200k
41,2011-08-12,2011,3,8,1356689.88,67.65,3.542,,,,,,False,196321,0.0,False,Between 150k and 200k
41,2011-08-19,2011,3,8,1412959.97,70.55,3.499,,,,,,False,196321,0.0,False,Between 150k and 200k
41,2011-08-26,2011,3,8,1328740.71,71.61,3.485,,,,,,False,196321,0.0,False,Between 150k and 200k
41,2011-09-02,2011,3,9,1283849.38,70.37,3.511,,,,,,False,196321,0.0,False,Between 150k and 200k
41,2011-09-09,2011,3,9,1280958.97,58.31,3.566,,,,,,True,196321,0.0,False,Between 150k and 200k
41,2011-09-16,2011,3,9,1197019.39,54.82,3.596,,,,,,False,196321,0.0,False,Between 150k and 200k
41,2011-09-23,2011,3,9,1173059.79,55.06,3.581,,,,,,False,196321,0.0,False,Between 150k and 200k
41,2011-09-30,2011,3,9,1160619.61,61.77,3.538,,,,,,False,196321,0.0,False,Between 150k and 200k
41,2011-10-07,2011,4,10,1277882.77,58.74,3.498,,,,,,False,196321,0.0,False,Between 150k and 200k
41,2011-10-14,2011,4,10,1247130.22,47.43,3.491,,,,,,False,196321,0.0,False,Between 150k and 200k
41,2011-10-21,2011,4,10,1214944.29,45.62,3.548,,,,,,False,196321,0.0,False,Between 150k and 200k
41,2011-10-28,2011,4,10,1274463.02,37.02,3.55,,,,,,False,196321,0.0,False,Between 150k and 200k
41,2011-11-04,2011,4,11,1315684.8599999999,35.04,3.527,,,,,,False,196321,0.0,False,Between 150k and 200k
41,2011-11-11,2011,4,11,1302499.23,32.87,3.505,17118.58,14927.3,309.49,8187.22,4925.08,False,196321,45467.670000000006,True,Between 150k and 200k
41,2011-11-18,2011,4,11,1230118.02,36.64,3.479,2513.13,581.97,69.52,194.54,6131.09,False,196321,9490.25,True,Between 150k and 200k
41,2011-11-25,2011,4,11,1906713.35,36.37,3.424,256.95,1053.98,79621.2,40.76,2616.56,True,196321,83589.44999999998,True,Between 150k and 200k
41,2011-12-02,2011,4,12,1292436.23,34.53,3.378,4594.56,305.47,1781.24,3168.1,21739.26,False,196321,31588.629999999997,True,Between 150k and 200k
41,2011-12-09,2011,4,12,1548661.45,17.05,3.331,2782.39,120.0,141.21,1946.76,9503.64,False,196321,14494.0,True,Between 150k and 200k
41,2011-12-16,2011,4,12,1682368.32,25.01,3.266,7400.39,89.0,283.08,1269.68,4809.26,False,196321,13851.41,True,Between 150k and 200k
41,2011-12-23,2011,4,12,2263722.68,25.59,3.173,1284.19,30.33,1059.9,35.76,3430.56,False,196321,5840.74,True,Between 150k and 200k
41,2011-12-30,2011,4,12,1264014.16,34.12,3.119,5251.98,56106.2,134.7,1059.49,2366.54,True,196321,64918.90999999999,True,Between 150k and 200k
41,2012-01-06,2012,1,1,1208191.61,37.21,3.095,6453.63,22866.83,126.87,2582.41,4266.94,False,196321,36296.68,True,Between 150k and 200k
41,2012-01-13,2012,1,1,1134767.28,27.49,3.077,1934.8,14627.46,112.2,542.89,4044.44,False,196321,21261.789999999997,True,Between 150k and 200k
41,2012-01-20,2012,1,1,1116295.24,31.56,3.055,2827.98,3671.37,119.55,530.03,1924.99,False,196321,9073.92,True,Between 150k and 200k
41,2012-01-27,2012,1,1,1079398.81,33.15,3.038,2464.6,2126.51,112.01,129.54,817.31,False,196321,5649.970000000001,True,Between 150k and 200k
41,2012-02-03,2012,1,2,1208825.6,31.65,3.031,42353.77,4696.86,231.92,46238.28,6379.49,False,196321,99900.31999999999,True,Between 150k and 200k
41,2012-02-10,2012,1,2,1238844.56,22.0,3.103,8123.92,7618.89,127.05,13453.73,8066.43,True,196321,37390.020000000004,True,Between 150k and 200k
41,2012-02-17,2012,1,2,1330451.46,22.52,3.113,15838.59,10710.9,14.96,10097.26,7390.48,False,196321,44052.19,True,Between 150k and 200k
41,2012-02-24,2012,1,2,1224915.66,27.89,3.129,9156.06,9181.74,3.2,3808.5,6148.47,False,196321,28297.97,True,Between 150k and 200k
41,2012-03-02,2012,1,3,1239813.26,27.39,3.191,11028.34,3211.73,21.0,15693.13,1736.73,False,196321,31690.929999999997,True,Between 150k and 200k
41,2012-03-09,2012,1,3,1243814.77,35.3,3.286,15255.04,285.89,7.74,3203.61,3889.43,False,196321,22641.71,True,Between 150k and 200k
41,2012-03-16,2012,1,3,1201511.6199999999,47.76,3.486,6504.93,48.97,4.59,3026.39,2020.55,False,196321,11605.43,True,Between 150k and 200k
41,2012-03-23,2012,1,3,1215354.3800000001,44.04,3.664,4605.49,49.08,2.6,1134.03,3631.27,False,196321,9422.47,True,Between 150k and 200k
41,2012-03-30,2012,1,3,1239423.19,51.56,3.75,5694.25,9.66,7.09,1677.31,2419.34,False,196321,9807.65,True,Between 150k and 200k
41,2012-04-06,2012,2,4,1460234.31,48.48,3.854,6660.45,,49.15,2126.59,6791.05,False,196321,15627.239999999998,True,Between 150k and 200k
41,2012-04-13,2012,2,4,1323004.73,46.84,3.901,8316.49,3192.24,24.23,2770.63,3631.39,False,196321,17934.98,True,Between 150k and 200k
41,2012-04-20,2012,2,4,1220815.33,43.57,3.936,3677.88,1165.88,37.89,297.31,2227.25,False,196321,7406.210000000001,True,Between 150k and 200k
41,2012-04-27,2012,2,4,1248950.65,57.66,3.927,2984.54,7.76,203.99,39.75,3068.81,False,196321,6304.85,True,Between 150k and 200k
41,2012-05-04,2012,2,5,1359770.73,52.86,3.903,10188.76,,308.08,5903.45,2996.97,False,196321,19397.260000000002,True,Between 150k and 200k
41,2012-05-11,2012,2,5,1353285.1,50.22,3.87,8490.06,,250.13,2998.16,4051.18,False,196321,15789.529999999999,True,Between 150k and 200k
41,2012-05-18,2012,2,5,1331514.44,55.24,3.837,6415.86,,179.28,998.25,2976.99,False,196321,10570.38,True,Between 150k and 200k
41,2012-05-25,2012,2,5,1424500.47,54.89,3.804,8215.27,,277.14,1198.25,2444.61,False,196321,12135.27,True,Between 150k and 200k
41,2012-06-01,2012,2,6,1374891.36,57.29,3.764,9160.25,,127.56,1850.68,2652.68,False,196321,13791.17,True,Between 150k and 200k
41,2012-06-08,2012,2,6,1436383.84,65.11,3.741,10245.25,527.4,78.07,749.73,5117.87,False,196321,16718.32,True,Between 150k and 200k
41,2012-06-15,2012,2,6,1384584.5899999999,64.92,3.723,6926.97,599.0,5.66,3396.74,4290.96,False,196321,15219.329999999998,True,Between 150k and 200k
41,2012-06-22,2012,2,6,1386407.17,66.88,3.735,6390.33,753.88,8.58,3431.59,4741.92,False,196321,15326.300000000001,True,Between 150k and 200k
41,2012-06-29,2012,2,6,1355600.01,76.54,3.693,2864.01,346.02,,393.26,3293.29,False,196321,6896.58,True,Between 150k and 200k
41,2012-07-06,2012,3,7,1456300.89,74.47,3.646,7791.47,306.7,31.44,4856.67,4087.29,False,196321,17073.57,True,Between 150k and 200k
41,2012-07-13,2012,3,7,1332594.07,67.24,3.613,6062.57,85.84,1.6,1805.08,2636.17,False,196321,10591.26,True,Between 150k and 200k
41,2012-07-20,2012,3,7,1347175.93,74.06,3.585,4142.86,102.5,23.84,1362.4,5518.54,False,196321,11150.14,True,Between 150k and 200k
41,2012-07-27,2012,3,7,1344723.97,73.31,3.57,4473.9,125.46,2.53,6596.96,3228.27,False,196321,14427.119999999999,True,Between 150k and 200k
41,2012-08-03,2012,3,8,1439607.35,73.16,3.528,40493.45,83.46,44.56,23826.2,3666.08,False,196321,68113.75,True,Between 150k and 200k
41,2012-08-10,2012,3,8,1504545.94,71.73,3.509,11523.22,78.18,6.43,5132.4,2667.3,False,196321,19407.53,True,Between 150k and 200k
41,2012-08-17,2012,3,8,1560590.05,65.77,3.545,1661.07,41.94,1.95,2391.72,3474.47,False,196321,7571.15,True,Between 150k and 200k
41,2012-08-24,2012,3,8,1464462.85,69.07,3.558,6068.27,,85.74,3710.05,2287.85,False,196321,12151.910000000002,True,Between 150k and 200k
41,2012-08-31,2012,3,8,1360517.52,71.56,3.556,17423.04,14.94,58.91,4700.3,6180.92,False,196321,28378.11,True,Between 150k and 200k
41,2012-09-07,2012,3,9,1392143.82,67.41,3.596,10220.45,22.8,145.19,4361.36,3187.05,True,196321,17936.85,True,Between 150k and 200k
41,2012-09-14,2012,3,9,1306644.25,59.39,3.659,10525.1,,11.14,1373.26,6742.72,False,196321,18652.22,True,Between 150k and 200k
41,2012-09-21,2012,3,9,1276609.36,59.81,3.765,11062.12,72.64,6.0,1125.21,7962.34,False,196321,20228.31,True,Between 150k and 200k
41,2012-09-28,2012,3,9,1307928.01,56.08,3.789,4578.46,51.73,3.0,1902.88,14423.97,False,196321,20960.04,True,Between 150k and 200k
41,2012-10-05,2012,4,10,1400160.95,50.14,3.779,6094.23,,33.94,2887.65,3853.33,False,196321,12869.15,True,Between 150k and 200k
41,2012-10-12,2012,4,10,1409544.97,39.38,3.76,1570.23,,26.31,834.8,14421.12,False,196321,16852.46,True,Between 150k and 200k
41,2012-10-19,2012,4,10,1326197.24,49.56,3.75,3138.86,,6.17,129.04,8206.1,False,196321,11480.17,True,Between 150k and 200k
41,2012-10-26,2012,4,10,1316542.59,41.8,3.686,4864.3,101.34,250.6,47.24,1524.43,False,196321,6787.910000000001,True,Between 150k and 200k
42,2010-02-05,2010,1,2,543384.01,54.34,2.962,,,,,,False,39690,0.0,False,Less than 50k
42,2010-02-12,2010,1,2,575709.96,49.96,2.828,,,,,,True,39690,0.0,False,Less than 50k
42,2010-02-19,2010,1,2,508794.87,58.22,2.915,,,,,,False,39690,0.0,False,Less than 50k
42,2010-02-26,2010,1,2,491510.58,52.77,2.825,,,,,,False,39690,0.0,False,Less than 50k
42,2010-03-05,2010,1,3,554972.42,55.92,2.877,,,,,,False,39690,0.0,False,Less than 50k
42,2010-03-12,2010,1,3,588363.62,52.33,3.034,,,,,,False,39690,0.0,False,Less than 50k
42,2010-03-19,2010,1,3,519914.1,61.46,3.054,,,,,,False,39690,0.0,False,Less than 50k
42,2010-03-26,2010,1,3,478021.68,60.05,2.98,,,,,,False,39690,0.0,False,Less than 50k
42,2010-04-02,2010,2,4,505907.41000000003,63.66,3.086,,,,,,False,39690,0.0,False,Less than 50k
42,2010-04-09,2010,2,4,582552.26,65.29,3.004,,,,,,False,39690,0.0,False,Less than 50k
42,2010-04-16,2010,2,4,549528.16,69.74,3.109,,,,,,False,39690,0.0,False,Less than 50k
42,2010-04-23,2010,2,4,492364.76999999996,66.42,3.05,,,,,,False,39690,0.0,False,Less than 50k
42,2010-04-30,2010,2,4,477615.87,69.76,3.105,,,,,,False,39690,0.0,False,Less than 50k
42,2010-05-07,2010,2,5,582846.22,71.06,3.127,,,,,,False,39690,0.0,False,Less than 50k
42,2010-05-14,2010,2,5,564345.55,73.88,3.145,,,,,,False,39690,0.0,False,Less than 50k
42,2010-05-21,2010,2,5,504403.16,78.32,3.12,,,,,,False,39690,0.0,False,Less than 50k
42,2010-05-28,2010,2,5,484097.03,76.67,3.058,,,,,,False,39690,0.0,False,Less than 50k
42,2010-06-04,2010,2,6,556046.12,82.82,2.941,,,,,,False,39690,0.0,False,Less than 50k
42,2010-06-11,2010,2,6,607218.6,89.67,3.057,,,,,,False,39690,0.0,False,Less than 50k
42,2010-06-18,2010,2,6,529418.64,83.49,2.935,,,,,,False,39690,0.0,False,Less than 50k
42,2010-06-25,2010,2,6,484327.56,90.32,3.084,,,,,,False,39690,0.0,False,Less than 50k
42,2010-07-02,2010,3,7,507168.8,92.89,2.978,,,,,,False,39690,0.0,False,Less than 50k
42,2010-07-09,2010,3,7,570069.48,91.03,3.1,,,,,,False,39690,0.0,False,Less than 50k
42,2010-07-16,2010,3,7,558837.27,91.8,2.971,,,,,,False,39690,0.0,False,Less than 50k
42,2010-07-23,2010,3,7,491115.86,88.44,3.112,,,,,,False,39690,0.0,False,Less than 50k
42,2010-07-30,2010,3,7,469598.57,85.03,3.017,,,,,,False,39690,0.0,False,Less than 50k
42,2010-08-06,2010,3,8,579544.2100000001,86.13,3.123,,,,,,False,39690,0.0,False,Less than 50k
42,2010-08-13,2010,3,8,583079.97,88.37,3.049,,,,,,False,39690,0.0,False,Less than 50k
42,2010-08-20,2010,3,8,500945.63,89.88,3.041,,,,,,False,39690,0.0,False,Less than 50k
42,2010-08-27,2010,3,8,465993.51,84.99,3.022,,,,,,False,39690,0.0,False,Less than 50k
42,2010-09-03,2010,3,9,524658.0599999999,83.8,3.087,,,,,,False,39690,0.0,False,Less than 50k
42,2010-09-10,2010,3,9,589091.04,84.04,2.961,,,,,,True,39690,0.0,False,Less than 50k
42,2010-09-17,2010,3,9,536871.58,85.52,3.028,,,,,,False,39690,0.0,False,Less than 50k
42,2010-09-24,2010,3,9,492262.95999999996,85.75,2.939,,,,,,False,39690,0.0,False,Less than 50k
42,2010-10-01,2010,4,10,481523.93,86.01,3.001,,,,,,False,39690,0.0,False,Less than 50k
42,2010-10-08,2010,4,10,599759.45,77.04,2.924,,,,,,False,39690,0.0,False,Less than 50k
42,2010-10-15,2010,4,10,559285.35,75.48,3.08,,,,,,False,39690,0.0,False,Less than 50k
42,2010-10-22,2010,4,10,522467.51,68.12,3.014,,,,,,False,39690,0.0,False,Less than 50k
42,2010-10-29,2010,4,10,476967.65,68.76,3.13,,,,,,False,39690,0.0,False,Less than 50k
42,2010-11-05,2010,4,11,565390.4,71.04,3.009,,,,,,False,39690,0.0,False,Less than 50k
42,2010-11-12,2010,4,11,588592.61,61.24,3.13,,,,,,False,39690,0.0,False,Less than 50k
42,2010-11-19,2010,4,11,524316.21,58.83,3.047,,,,,,False,39690,0.0,False,Less than 50k
42,2010-11-26,2010,4,11,522296.71,55.33,3.162,,,,,,True,39690,0.0,False,Less than 50k
42,2010-12-03,2010,4,12,500250.8,51.17,3.041,,,,,,False,39690,0.0,False,Less than 50k
42,2010-12-10,2010,4,12,585175.24,60.51,3.091,,,,,,False,39690,0.0,False,Less than 50k
42,2010-12-17,2010,4,12,537455.65,59.15,3.125,,,,,,False,39690,0.0,False,Less than 50k
42,2010-12-24,2010,4,12,555075.27,57.06,3.236,,,,,,False,39690,0.0,False,Less than 50k
42,2010-12-31,2010,4,12,428953.60000000003,49.67,3.148,,,,,,True,39690,0.0,False,Less than 50k
42,2011-01-07,2011,1,1,592947.75,43.43,3.287,,,,,,False,39690,0.0,False,Less than 50k
42,2011-01-14,2011,1,1,613899.15,49.98,3.312,,,,,,False,39690,0.0,False,Less than 50k
42,2011-01-21,2011,1,1,533414.62,56.75,3.336,,,,,,False,39690,0.0,False,Less than 50k
42,2011-01-28,2011,1,1,499081.79,53.03,3.231,,,,,,False,39690,0.0,False,Less than 50k
42,2011-02-04,2011,1,2,586886.16,44.88,3.348,,,,,,False,39690,0.0,False,Less than 50k
42,2011-02-11,2011,1,2,628063.88,51.51,3.381,,,,,,True,39690,0.0,False,Less than 50k
42,2011-02-18,2011,1,2,556485.1,61.77,3.43,,,,,,False,39690,0.0,False,Less than 50k
42,2011-02-25,2011,1,2,526904.08,53.59,3.398,,,,,,False,39690,0.0,False,Less than 50k
42,2011-03-04,2011,1,3,570879.04,56.96,3.674,,,,,,False,39690,0.0,False,Less than 50k
42,2011-03-11,2011,1,3,607294.56,64.22,3.63,,,,,,False,39690,0.0,False,Less than 50k
42,2011-03-18,2011,1,3,558239.32,70.12,3.892,,,,,,False,39690,0.0,False,Less than 50k
42,2011-03-25,2011,1,3,522673.62,62.53,3.716,,,,,,False,39690,0.0,False,Less than 50k
42,2011-04-01,2011,2,4,508432.17,67.64,3.772,,,,,,False,39690,0.0,False,Less than 50k
42,2011-04-08,2011,2,4,620087.35,73.03,3.818,,,,,,False,39690,0.0,False,Less than 50k
42,2011-04-15,2011,2,4,597644.02,61.05,4.089,,,,,,False,39690,0.0,False,Less than 50k
42,2011-04-22,2011,2,4,534597.69,75.93,3.917,,,,,,False,39690,0.0,False,Less than 50k
42,2011-04-29,2011,2,4,496010.17,73.38,4.151,,,,,,False,39690,0.0,False,Less than 50k
42,2011-05-06,2011,2,5,612337.35,73.56,4.193,,,,,,False,39690,0.0,False,Less than 50k
42,2011-05-13,2011,2,5,603024.75,74.04,4.202,,,,,,False,39690,0.0,False,Less than 50k
42,2011-05-20,2011,2,5,524559.95,72.62,3.99,,,,,,False,39690,0.0,False,Less than 50k
42,2011-05-27,2011,2,5,503295.29,78.62,3.933,,,,,,False,39690,0.0,False,Less than 50k
42,2011-06-03,2011,2,6,545109.3,81.87,3.893,,,,,,False,39690,0.0,False,Less than 50k
42,2011-06-10,2011,2,6,616701.99,84.57,3.981,,,,,,False,39690,0.0,False,Less than 50k
42,2011-06-17,2011,2,6,546675.65,87.96,3.935,,,,,,False,39690,0.0,False,Less than 50k
42,2011-06-24,2011,2,6,501780.66000000003,90.69,3.807,,,,,,False,39690,0.0,False,Less than 50k
42,2011-07-01,2011,3,7,506343.83,95.36,3.842,,,,,,False,39690,0.0,False,Less than 50k
42,2011-07-08,2011,3,7,593234.27,88.57,3.793,,,,,,False,39690,0.0,False,Less than 50k
42,2011-07-15,2011,3,7,591703.8200000001,86.01,3.779,,,,,,False,39690,0.0,False,Less than 50k
42,2011-07-22,2011,3,7,511316.29,88.59,3.697,,,,,,False,39690,0.0,False,Less than 50k
42,2011-07-29,2011,3,7,479256.8,86.75,3.694,,,,,,False,39690,0.0,False,Less than 50k
42,2011-08-05,2011,3,8,572603.33,89.8,3.803,,,,,,False,39690,0.0,False,Less than 50k
42,2011-08-12,2011,3,8,603147.26,85.61,3.794,,,,,,False,39690,0.0,False,Less than 50k
42,2011-08-19,2011,3,8,526641.23,87.4,3.743,,,,,,False,39690,0.0,False,Less than 50k
42,2011-08-26,2011,3,8,503720.98,91.59,3.663,,,,,,False,39690,0.0,False,Less than 50k
42,2011-09-02,2011,3,9,537124.76,91.61,3.798,,,,,,False,39690,0.0,False,Less than 50k
42,2011-09-09,2011,3,9,608390.9400000001,89.06,3.771,,,,,,True,39690,0.0,False,Less than 50k
42,2011-09-16,2011,3,9,576837.09,77.49,3.784,,,,,,False,39690,0.0,False,Less than 50k
42,2011-09-23,2011,3,9,528486.45,82.51,3.789,,,,,,False,39690,0.0,False,Less than 50k
42,2011-09-30,2011,3,9,510243.79,82.27,3.877,,,,,,False,39690,0.0,False,Less than 50k
42,2011-10-07,2011,4,10,649111.23,75.01,3.827,,,,,,False,39690,0.0,False,Less than 50k
42,2011-10-14,2011,4,10,613531.11,70.27,3.698,,,,,,False,39690,0.0,False,Less than 50k
42,2011-10-21,2011,4,10,537276.41,77.91,3.842,,,,,,False,39690,0.0,False,Less than 50k
42,2011-10-28,2011,4,10,515599.69999999995,72.79,3.843,,,,,,False,39690,0.0,False,Less than 50k
42,2011-11-04,2011,4,11,597667.21,68.57,3.828,,,,,,False,39690,0.0,False,Less than 50k
42,2011-11-11,2011,4,11,643125.29,55.28,3.677,25.73,274.85,14.74,,2885.55,False,39690,3200.8700000000003,True,Less than 50k
42,2011-11-18,2011,4,11,567673.87,58.97,3.669,2544.26,12.31,2.02,,3385.15,False,39690,5943.74,True,Less than 50k
42,2011-11-25,2011,4,11,577698.37,60.68,3.76,25.8,,4.7,,1932.72,True,39690,1963.22,True,Less than 50k
42,2011-12-02,2011,4,12,511883.36,57.29,3.701,24.09,,4.7,,1016.84,False,39690,1045.63,True,Less than 50k
42,2011-12-09,2011,4,12,619133.48,42.58,3.644,31.2,,21.31,,1872.37,False,39690,1924.8799999999999,True,Less than 50k
42,2011-12-16,2011,4,12,598437.98,50.53,3.489,2.42,,31.33,,675.78,False,39690,709.53,True,Less than 50k
42,2011-12-23,2011,4,12,575676.13,48.36,3.541,103.5,,19.63,,939.49,False,39690,1062.62,True,Less than 50k
42,2011-12-30,2011,4,12,454412.28,48.92,3.428,242.41,1447.26,3.64,183.96,459.06,True,39690,2336.3300000000004,True,Less than 50k
42,2012-01-06,2012,1,1,636372.37,59.85,3.443,2.91,2655.21,77.86,,649.61,False,39690,3385.59,True,Less than 50k
42,2012-01-13,2012,1,1,664348.2,51.0,3.477,1251.87,2536.15,21.1,,515.26,False,39690,4324.38,True,Less than 50k
42,2012-01-20,2012,1,1,579499.9299999999,54.51,3.66,604.05,1982.9,,,343.93,False,39690,2930.8799999999997,True,Less than 50k
42,2012-01-27,2012,1,1,538978.67,53.59,3.675,2.4,539.32,,,816.91,False,39690,1358.63,True,Less than 50k
42,2012-02-03,2012,1,2,588448.21,56.85,3.543,1351.16,17.81,15.97,263.92,1415.88,False,39690,3064.7400000000002,True,Less than 50k
42,2012-02-10,2012,1,2,674919.45,55.73,3.722,992.73,13.93,25.7,,1700.95,True,39690,2733.31,True,Less than 50k
42,2012-02-17,2012,1,2,606671.5,54.12,3.781,66.87,736.8,3.94,,996.28,False,39690,1803.8899999999999,True,Less than 50k
42,2012-02-24,2012,1,2,564304.15,56.02,3.95,353.39,232.44,,,1644.66,False,39690,2230.49,True,Less than 50k
42,2012-03-02,2012,1,3,585895.34,57.62,3.882,441.4,10.78,1.96,,1511.43,False,39690,1965.57,True,Less than 50k
42,2012-03-09,2012,1,3,659816.15,57.65,3.963,392.63,1.0,3.43,2.8,798.38,False,39690,1198.24,True,Less than 50k
42,2012-03-16,2012,1,3,618767.26,62.11,4.273,438.48,1.5,2.35,,2251.09,False,39690,2693.42,True,Less than 50k
42,2012-03-23,2012,1,3,561226.38,56.54,4.288,2.43,,0.68,,796.25,False,39690,799.36,True,Less than 50k
42,2012-03-30,2012,1,3,544408.14,67.92,4.294,341.0,1.5,,21.94,1431.13,False,39690,1795.5700000000002,True,Less than 50k
42,2012-04-06,2012,2,4,652312.11,65.99,4.282,2.12,,34.23,,250.62,False,39690,286.97,True,Less than 50k
42,2012-04-13,2012,2,4,639123.45,70.28,4.254,146.91,848.67,14.51,,1191.9,False,39690,2201.99,True,Less than 50k
42,2012-04-20,2012,2,4,552529.23,67.75,4.111,82.23,169.55,16.1,,642.71,False,39690,910.5900000000001,True,Less than 50k
42,2012-04-27,2012,2,4,526625.49,80.11,4.088,685.44,,12.09,,512.76,False,39690,1210.29,True,Less than 50k
42,2012-05-04,2012,2,5,609274.89,77.02,4.058,163.43,,18.34,,935.36,False,39690,1117.13,True,Less than 50k
42,2012-05-11,2012,2,5,643603.69,76.03,4.186,312.29,,4.0,,1445.4,False,39690,1761.69,True,Less than 50k
42,2012-05-18,2012,2,5,590636.38,85.19,4.308,354.41,,,,1393.17,False,39690,1747.5800000000002,True,Less than 50k
42,2012-05-25,2012,2,5,535764.58,86.03,4.127,63.93,,0.9,,1169.65,False,39690,1234.48,True,Less than 50k
42,2012-06-01,2012,2,6,521953.78,80.06,4.277,609.75,,1.1,43.67,726.34,False,39690,1380.8600000000001,True,Less than 50k
42,2012-06-08,2012,2,6,642671.48,86.87,4.103,349.94,,16.64,,1272.21,False,39690,1638.79,True,Less than 50k
42,2012-06-15,2012,2,6,606309.13,88.58,4.144,499.78,,2.17,,1187.29,False,39690,1689.24,True,Less than 50k
42,2012-06-22,2012,2,6,540031.29,89.92,4.014,44.66,,,,1338.53,False,39690,1383.19,True,Less than 50k
42,2012-06-29,2012,2,6,507403.77,91.36,3.875,755.44,,,,1062.46,False,39690,1817.9,True,Less than 50k
42,2012-07-06,2012,3,7,618702.09,86.87,3.666,156.49,,9.43,,876.53,False,39690,1042.45,True,Less than 50k
42,2012-07-13,2012,3,7,628099.08,89.8,3.723,769.08,,2.36,,2678.63,False,39690,3450.07,True,Less than 50k
42,2012-07-20,2012,3,7,530318.39,84.45,3.589,200.92,,4.48,,1026.11,False,39690,1231.5099999999998,True,Less than 50k
42,2012-07-27,2012,3,7,516352.21,83.98,3.769,24.48,,,,1660.33,False,39690,1684.81,True,Less than 50k
42,2012-08-03,2012,3,8,573084.71,84.76,3.595,,,5.97,,628.99,False,39690,634.96,True,Less than 50k
42,2012-08-10,2012,3,8,576620.31,90.78,3.811,69.32,,18.08,,353.19,False,39690,440.59,True,Less than 50k
42,2012-08-17,2012,3,8,575997.78,88.83,4.002,246.98,,24.22,13.23,3098.22,False,39690,3382.6499999999996,True,Less than 50k
42,2012-08-24,2012,3,8,535537.03,82.5,4.055,548.62,,54.43,57.18,2628.1,False,39690,3288.33,True,Less than 50k
42,2012-08-31,2012,3,8,504760.57,86.97,3.886,285.66,,18.65,141.64,906.18,False,39690,1352.1299999999999,True,Less than 50k
42,2012-09-07,2012,3,9,617405.35,83.07,4.124,341.05,,220.6,72.7,1629.72,True,39690,2264.07,True,Less than 50k
42,2012-09-14,2012,3,9,586737.66,78.47,3.966,745.27,,46.65,,945.84,False,39690,1737.76,True,Less than 50k
42,2012-09-21,2012,3,9,527165.7,81.93,4.125,,,,,164.08,False,39690,164.08,True,Less than 50k
42,2012-09-28,2012,3,9,505978.46,82.52,3.966,123.87,,,,548.02,False,39690,671.89,True,Less than 50k
42,2012-10-05,2012,4,10,593162.53,80.88,4.132,479.07,,6.0,10.64,2565.13,False,39690,3060.84,True,Less than 50k
42,2012-10-12,2012,4,10,612379.9,76.03,4.468,49.38,,10.87,,970.72,False,39690,1030.97,True,Less than 50k
42,2012-10-19,2012,4,10,541406.98,72.71,4.449,56.03,,8.69,,455.38,False,39690,520.1,True,Less than 50k
42,2012-10-26,2012,4,10,514756.08,70.5,4.301,,0.75,2.0,,1034.55,False,39690,1037.3,True,Less than 50k
43,2010-02-05,2010,1,2,647029.28,47.31,2.572,,,,,,False,41062,0.0,False,Less than 50k
43,2010-02-12,2010,1,2,682918.99,47.99,2.548,,,,,,True,41062,0.0,False,Less than 50k
43,2010-02-19,2010,1,2,658997.55,48.77,2.514,,,,,,False,41062,0.0,False,Less than 50k
43,2010-02-26,2010,1,2,618702.79,48.77,2.561,,,,,,False,41062,0.0,False,Less than 50k
43,2010-03-05,2010,1,3,658600.05,52.89,2.625,,,,,,False,41062,0.0,False,Less than 50k
43,2010-03-12,2010,1,3,645386.9400000001,53.67,2.667,,,,,,False,41062,0.0,False,Less than 50k
43,2010-03-19,2010,1,3,668098.49,56.0,2.72,,,,,,False,41062,0.0,False,Less than 50k
43,2010-03-26,2010,1,3,623097.9299999999,54.53,2.732,,,,,,False,41062,0.0,False,Less than 50k
43,2010-04-02,2010,2,4,650102.8,62.19,2.719,,,,,,False,41062,0.0,False,Less than 50k
43,2010-04-09,2010,2,4,693058.34,64.37,2.77,,,,,,False,41062,0.0,False,Less than 50k
43,2010-04-16,2010,2,4,675282.2,69.46,2.808,,,,,,False,41062,0.0,False,Less than 50k
43,2010-04-23,2010,2,4,638957.35,62.71,2.795,,,,,,False,41062,0.0,False,Less than 50k
43,2010-04-30,2010,2,4,630740.11,66.91,2.78,,,,,,False,41062,0.0,False,Less than 50k
43,2010-05-07,2010,2,5,691498.6,67.16,2.835,,,,,,False,41062,0.0,False,Less than 50k
43,2010-05-14,2010,2,5,690851.59,72.14,2.854,,,,,,False,41062,0.0,False,Less than 50k
43,2010-05-21,2010,2,5,672062.08,74.74,2.826,,,,,,False,41062,0.0,False,Less than 50k
43,2010-05-28,2010,2,5,630315.76,78.59,2.759,,,,,,False,41062,0.0,False,Less than 50k
43,2010-06-04,2010,2,6,682012.53,82.76,2.705,,,,,,False,41062,0.0,False,Less than 50k
43,2010-06-11,2010,2,6,684023.95,88.12,2.668,,,,,,False,41062,0.0,False,Less than 50k
43,2010-06-18,2010,2,6,700009.77,84.9,2.637,,,,,,False,41062,0.0,False,Less than 50k
43,2010-06-25,2010,2,6,625196.14,88.48,2.653,,,,,,False,41062,0.0,False,Less than 50k
43,2010-07-02,2010,3,7,667353.79,80.17,2.669,,,,,,False,41062,0.0,False,Less than 50k
43,2010-07-09,2010,3,7,718748.33,81.52,2.642,,,,,,False,41062,0.0,False,Less than 50k
43,2010-07-16,2010,3,7,696844.36,84.17,2.623,,,,,,False,41062,0.0,False,Less than 50k
43,2010-07-23,2010,3,7,649035.55,86.6,2.608,,,,,,False,41062,0.0,False,Less than 50k
43,2010-07-30,2010,3,7,622112.23,79.79,2.64,,,,,,False,41062,0.0,False,Less than 50k
43,2010-08-06,2010,3,8,698536.0599999999,84.66,2.627,,,,,,False,41062,0.0,False,Less than 50k
43,2010-08-13,2010,3,8,713479.91,86.31,2.692,,,,,,False,41062,0.0,False,Less than 50k
43,2010-08-20,2010,3,8,712869.09,85.26,2.664,,,,,,False,41062,0.0,False,Less than 50k
43,2010-08-27,2010,3,8,655284.6900000001,80.32,2.619,,,,,,False,41062,0.0,False,Less than 50k
43,2010-09-03,2010,3,9,689326.91,80.43,2.577,,,,,,False,41062,0.0,False,Less than 50k
43,2010-09-10,2010,3,9,722120.04,81.32,2.565,,,,,,True,41062,0.0,False,Less than 50k
43,2010-09-17,2010,3,9,725043.04,78.86,2.582,,,,,,False,41062,0.0,False,Less than 50k
43,2010-09-24,2010,3,9,650263.95,77.42,2.624,,,,,,False,41062,0.0,False,Less than 50k
43,2010-10-01,2010,4,10,657108.77,77.93,2.603,,,,,,False,41062,0.0,False,Less than 50k
43,2010-10-08,2010,4,10,713332.54,72.81,2.633,,,,,,False,41062,0.0,False,Less than 50k
43,2010-10-15,2010,4,10,699852.68,68.78,2.72,,,,,,False,41062,0.0,False,Less than 50k
43,2010-10-22,2010,4,10,680943.03,69.46,2.725,,,,,,False,41062,0.0,False,Less than 50k
43,2010-10-29,2010,4,10,610076.32,65.88,2.716,,,,,,False,41062,0.0,False,Less than 50k
43,2010-11-05,2010,4,11,605960.2,62.52,2.689,,,,,,False,41062,0.0,False,Less than 50k
43,2010-11-12,2010,4,11,595421.23,59.98,2.728,,,,,,False,41062,0.0,False,Less than 50k
43,2010-11-19,2010,4,11,589467.35,54.96,2.771,,,,,,False,41062,0.0,False,Less than 50k
43,2010-11-26,2010,4,11,633520.34,54.76,2.735,,,,,,True,41062,0.0,False,Less than 50k
43,2010-12-03,2010,4,12,557543.62,44.56,2.708,,,,,,False,41062,0.0,False,Less than 50k
43,2010-12-10,2010,4,12,598679.02,52.52,2.843,,,,,,False,41062,0.0,False,Less than 50k
43,2010-12-17,2010,4,12,615761.77,56.51,2.869,,,,,,False,41062,0.0,False,Less than 50k
43,2010-12-24,2010,4,12,656637.63,57.15,2.886,,,,,,False,41062,0.0,False,Less than 50k
43,2010-12-31,2010,4,12,534740.3,48.61,2.943,,,,,,True,41062,0.0,False,Less than 50k
43,2011-01-07,2011,1,1,611796.61,40.47,2.976,,,,,,False,41062,0.0,False,Less than 50k
43,2011-01-14,2011,1,1,614940.07,43.45,2.983,,,,,,False,41062,0.0,False,Less than 50k
43,2011-01-21,2011,1,1,601004.79,53.05,3.016,,,,,,False,41062,0.0,False,Less than 50k
43,2011-01-28,2011,1,1,562558.27,44.98,3.01,,,,,,False,41062,0.0,False,Less than 50k
43,2011-02-04,2011,1,2,651521.77,33.21,2.989,,,,,,False,41062,0.0,False,Less than 50k
43,2011-02-11,2011,1,2,635650.98,40.65,3.022,,,,,,True,41062,0.0,False,Less than 50k
43,2011-02-18,2011,1,2,626627.77,59.15,3.045,,,,,,False,41062,0.0,False,Less than 50k
43,2011-02-25,2011,1,2,592340.01,58.37,3.065,,,,,,False,41062,0.0,False,Less than 50k
43,2011-03-04,2011,1,3,616345.25,60.26,3.288,,,,,,False,41062,0.0,False,Less than 50k
43,2011-03-11,2011,1,3,629026.75,60.24,3.459,,,,,,False,41062,0.0,False,Less than 50k
43,2011-03-18,2011,1,3,635171.05,68.98,3.488,,,,,,False,41062,0.0,False,Less than 50k
43,2011-03-25,2011,1,3,585989.1,65.53,3.473,,,,,,False,41062,0.0,False,Less than 50k
43,2011-04-01,2011,2,4,611585.54,67.79,3.524,,,,,,False,41062,0.0,False,Less than 50k
43,2011-04-08,2011,2,4,650418.75,70.35,3.622,,,,,,False,41062,0.0,False,Less than 50k
43,2011-04-15,2011,2,4,635758.03,65.01,3.743,,,,,,False,41062,0.0,False,Less than 50k
43,2011-04-22,2011,2,4,638280.67,74.49,3.807,,,,,,False,41062,0.0,False,Less than 50k
43,2011-04-29,2011,2,4,611464.21,71.34,3.81,,,,,,False,41062,0.0,False,Less than 50k
43,2011-05-06,2011,2,5,649148.74,66.77,3.906,,,,,,False,41062,0.0,False,Less than 50k
43,2011-05-13,2011,2,5,684655.91,76.03,3.899,,,,,,False,41062,0.0,False,Less than 50k
43,2011-05-20,2011,2,5,648330.18,74.21,3.907,,,,,,False,41062,0.0,False,Less than 50k
43,2011-05-27,2011,2,5,578209.63,80.89,3.786,,,,,,False,41062,0.0,False,Less than 50k
43,2011-06-03,2011,2,6,630972.15,83.49,3.699,,,,,,False,41062,0.0,False,Less than 50k
43,2011-06-10,2011,2,6,643041.71,85.81,3.648,,,,,,False,41062,0.0,False,Less than 50k
43,2011-06-17,2011,2,6,665781.74,88.49,3.637,,,,,,False,41062,0.0,False,Less than 50k
43,2011-06-24,2011,2,6,604925.08,88.3,3.594,,,,,,False,41062,0.0,False,Less than 50k
43,2011-07-01,2011,3,7,586781.78,91.36,3.524,,,,,,False,41062,0.0,False,Less than 50k
43,2011-07-08,2011,3,7,651147.83,87.02,3.48,,,,,,False,41062,0.0,False,Less than 50k
43,2011-07-15,2011,3,7,631827.38,84.67,3.575,,,,,,False,41062,0.0,False,Less than 50k
43,2011-07-22,2011,3,7,597354.39,88.58,3.651,,,,,,False,41062,0.0,False,Less than 50k
43,2011-07-29,2011,3,7,533917.52,83.43,3.682,,,,,,False,41062,0.0,False,Less than 50k
43,2011-08-05,2011,3,8,605956.59,87.47,3.684,,,,,,False,41062,0.0,False,Less than 50k
43,2011-08-12,2011,3,8,595626.56,86.64,3.638,,,,,,False,41062,0.0,False,Less than 50k
43,2011-08-19,2011,3,8,663396.3200000001,82.08,3.554,,,,,,False,41062,0.0,False,Less than 50k
43,2011-08-26,2011,3,8,561573.08,87.43,3.523,,,,,,False,41062,0.0,False,Less than 50k
43,2011-09-02,2011,3,9,594224.9,87.84,3.533,,,,,,False,41062,0.0,False,Less than 50k
43,2011-09-09,2011,3,9,649128.23,79.29,3.546,,,,,,True,41062,0.0,False,Less than 50k
43,2011-09-16,2011,3,9,618877.13,77.17,3.526,,,,,,False,41062,0.0,False,Less than 50k
43,2011-09-23,2011,3,9,586108.13,78.98,3.467,,,,,,False,41062,0.0,False,Less than 50k
43,2011-09-30,2011,3,9,555183.72,78.97,3.355,,,,,,False,41062,0.0,False,Less than 50k
43,2011-10-07,2011,4,10,642828.62,74.17,3.285,,,,,,False,41062,0.0,False,Less than 50k
43,2011-10-14,2011,4,10,590984.56,68.09,3.274,,,,,,False,41062,0.0,False,Less than 50k
43,2011-10-21,2011,4,10,594625.96,70.3,3.353,,,,,,False,41062,0.0,False,Less than 50k
43,2011-10-28,2011,4,10,572516.57,66.82,3.372,,,,,,False,41062,0.0,False,Less than 50k
43,2011-11-04,2011,4,11,641905.37,59.08,3.332,,,,,,False,41062,0.0,False,Less than 50k
43,2011-11-11,2011,4,11,615975.5,51.26,3.297,179.25,944.52,3.06,,2836.25,False,41062,3963.08,True,Less than 50k
43,2011-11-18,2011,4,11,628115.61,57.75,3.308,32.13,3.37,2.56,,1004.04,False,41062,1042.1,True,Less than 50k
43,2011-11-25,2011,4,11,669965.22,55.7,3.236,3.37,,5.76,,212.75,True,41062,221.88,True,Less than 50k
43,2011-12-02,2011,4,12,585028.26,47.49,3.172,14.82,,6.11,,1707.13,False,41062,1728.0600000000002,True,Less than 50k
43,2011-12-09,2011,4,12,617898.07,34.23,3.158,38.34,,7.41,,1707.87,False,41062,1753.62,True,Less than 50k
43,2011-12-16,2011,4,12,665007.08,43.78,3.159,4.86,,2.5,,1070.83,False,41062,1078.1899999999998,True,Less than 50k
43,2011-12-23,2011,4,12,676290.46,42.63,3.112,75.54,,3.75,,1276.15,False,41062,1355.44,True,Less than 50k
43,2011-12-30,2011,4,12,505405.85,41.83,3.129,415.59,1926.05,,50.66,837.74,True,41062,3230.04,True,Less than 50k
43,2012-01-06,2012,1,1,670993.01,47.59,3.157,32.95,1699.03,70.35,,1168.66,False,41062,2970.99,True,Less than 50k
43,2012-01-13,2012,1,1,663529.64,43.68,3.261,894.04,209.71,32.36,,1191.88,False,41062,2327.99,True,Less than 50k
43,2012-01-20,2012,1,1,619225.65,52.72,3.268,320.8,24.36,31.72,,153.04,False,41062,529.92,True,Less than 50k
43,2012-01-27,2012,1,1,587685.38,52.1,3.29,122.11,8.64,26.26,,532.33,False,41062,689.34,True,Less than 50k
43,2012-02-03,2012,1,2,629176.71,51.92,3.36,1702.1,33.56,51.66,152.82,2211.81,False,41062,4151.95,True,Less than 50k
43,2012-02-10,2012,1,2,662198.65,46.54,3.409,565.9,,27.07,,1984.35,True,41062,2577.3199999999997,True,Less than 50k
43,2012-02-17,2012,1,2,660632.0499999999,49.38,3.51,109.95,1389.84,0.52,,2824.89,False,41062,4325.2,True,Less than 50k
43,2012-02-24,2012,1,2,613042.97,53.53,3.555,439.68,361.74,,,1450.19,False,41062,2251.61,True,Less than 50k
43,2012-03-02,2012,1,3,693249.98,56.43,3.63,346.74,2.56,15.84,,1429.73,False,41062,1794.87,True,Less than 50k
43,2012-03-09,2012,1,3,636677.67,54.52,3.669,392.09,0.5,,,1293.41,False,41062,1686.0,True,Less than 50k
43,2012-03-16,2012,1,3,661707.02,57.88,3.734,257.14,,2.04,,631.56,False,41062,890.74,True,Less than 50k
43,2012-03-23,2012,1,3,610940.9400000001,56.28,3.787,197.77,,1.36,,1485.55,False,41062,1684.68,True,Less than 50k
43,2012-03-30,2012,1,3,623258.4,69.88,3.845,144.85,,,,470.29,False,41062,615.14,True,Less than 50k
43,2012-04-06,2012,2,4,658468.27,64.7,3.891,177.39,,12.17,,1479.85,False,41062,1669.4099999999999,True,Less than 50k
43,2012-04-13,2012,2,4,665687.92,70.18,3.891,150.15,1125.71,4.49,,407.12,False,41062,1687.4700000000003,True,Less than 50k
43,2012-04-20,2012,2,4,638144.98,67.28,3.877,239.84,1777.55,5.6,86.89,870.6,False,41062,2980.4799999999996,True,Less than 50k
43,2012-04-27,2012,2,4,593138.59,78.27,3.814,251.26,,1.98,,719.56,False,41062,972.8,True,Less than 50k
43,2012-05-04,2012,2,5,637964.2,77.47,3.749,364.76,,9.06,,949.81,False,41062,1323.6299999999999,True,Less than 50k
43,2012-05-11,2012,2,5,640159.04,67.59,3.688,25.3,,2.16,,494.05,False,41062,521.51,True,Less than 50k
43,2012-05-18,2012,2,5,648541.8099999999,72.06,3.63,939.16,,,,1477.98,False,41062,2417.14,True,Less than 50k
43,2012-05-25,2012,2,5,597406.39,82.41,3.561,566.81,,1.1,,875.91,False,41062,1443.82,True,Less than 50k
43,2012-06-01,2012,2,6,605078.62,80.89,3.501,290.87,,0.8,,725.1,False,41062,1016.77,True,Less than 50k
43,2012-06-08,2012,2,6,643032.51,85.73,3.452,446.4,,3.96,,1732.71,False,41062,2183.07,True,Less than 50k
43,2012-06-15,2012,2,6,634815.1,87.75,3.393,402.48,,0.65,,1315.66,False,41062,1718.79,True,Less than 50k
43,2012-06-22,2012,2,6,613270.79,87.51,3.346,184.26,,3.2,,1298.9,False,41062,1486.3600000000001,True,Less than 50k
43,2012-06-29,2012,2,6,593128.13,89.85,3.286,289.03,,,,2027.07,False,41062,2316.1,True,Less than 50k
43,2012-07-06,2012,3,7,645618.59,82.68,3.227,219.7,,3.02,,1141.12,False,41062,1363.84,True,Less than 50k
43,2012-07-13,2012,3,7,627634.04,78.82,3.256,539.85,,0.71,,2373.05,False,41062,2913.61,True,Less than 50k
43,2012-07-20,2012,3,7,596554.05,83.83,3.311,233.77,,3.69,,1256.91,False,41062,1494.3700000000001,True,Less than 50k
43,2012-07-27,2012,3,7,572447.52,82.01,3.407,22.35,,1.19,,1452.64,False,41062,1476.18,True,Less than 50k
43,2012-08-03,2012,3,8,614378.9400000001,85.06,3.417,312.78,,24.23,22.86,1317.6,False,41062,1677.4699999999998,True,Less than 50k
43,2012-08-10,2012,3,8,643558.78,86.36,3.494,173.95,,9.33,,1073.06,False,41062,1256.34,True,Less than 50k
43,2012-08-17,2012,3,8,640210.85,85.66,3.571,254.74,,11.9,,792.66,False,41062,1059.3,True,Less than 50k
43,2012-08-24,2012,3,8,598234.64,81.65,3.62,364.02,,13.07,,1309.22,False,41062,1686.31,True,Less than 50k
43,2012-08-31,2012,3,8,593141.29,81.12,3.638,699.48,,12.39,615.93,1122.02,False,41062,2449.8199999999997,True,Less than 50k
43,2012-09-07,2012,3,9,663814.18,84.99,3.73,610.93,,18.29,50.5,516.76,True,41062,1196.48,True,Less than 50k
43,2012-09-14,2012,3,9,625196.94,73.03,3.717,1601.72,,18.56,,1219.44,False,41062,2839.7200000000003,True,Less than 50k
43,2012-09-21,2012,3,9,601990.02,75.87,3.721,259.57,,,,1792.73,False,41062,2052.3,True,Less than 50k
43,2012-09-28,2012,3,9,577792.32,77.55,3.666,343.99,,,,1087.72,False,41062,1431.71,True,Less than 50k
43,2012-10-05,2012,4,10,642614.89,74.09,3.617,183.84,,0.01,,3093.39,False,41062,3277.24,True,Less than 50k
43,2012-10-12,2012,4,10,619369.72,71.14,3.601,90.11,,14.56,,911.55,False,41062,1016.2199999999999,True,Less than 50k
43,2012-10-19,2012,4,10,623919.23,71.25,3.594,121.84,,11.14,,964.01,False,41062,1096.99,True,Less than 50k
43,2012-10-26,2012,4,10,587603.55,69.17,3.506,23.68,7.24,6.0,,815.05,False,41062,851.9699999999999,True,Less than 50k
44,2010-02-05,2010,1,2,281090.95,31.53,2.666,,,,,,False,39910,0.0,False,Less than 50k
44,2010-02-12,2010,1,2,286857.13,33.16,2.671,,,,,,True,39910,0.0,False,Less than 50k
44,2010-02-19,2010,1,2,267956.3,35.7,2.654,,,,,,False,39910,0.0,False,Less than 50k
44,2010-02-26,2010,1,2,273079.07,29.98,2.667,,,,,,False,39910,0.0,False,Less than 50k
44,2010-03-05,2010,1,3,284617.27,40.65,2.681,,,,,,False,39910,0.0,False,Less than 50k
44,2010-03-12,2010,1,3,272190.83,37.62,2.733,,,,,,False,39910,0.0,False,Less than 50k
44,2010-03-19,2010,1,3,269624.2,42.49,2.782,,,,,,False,39910,0.0,False,Less than 50k
44,2010-03-26,2010,1,3,276279.49,41.48,2.819,,,,,,False,39910,0.0,False,Less than 50k
44,2010-04-02,2010,2,4,286197.5,42.15,2.842,,,,,,False,39910,0.0,False,Less than 50k
44,2010-04-09,2010,2,4,257361.3,38.97,2.877,,,,,,False,39910,0.0,False,Less than 50k
44,2010-04-16,2010,2,4,280048.74,50.39,2.915,,,,,,False,39910,0.0,False,Less than 50k
44,2010-04-23,2010,2,4,278287.04,55.66,2.936,,,,,,False,39910,0.0,False,Less than 50k
44,2010-04-30,2010,2,4,272997.65,48.33,2.941,,,,,,False,39910,0.0,False,Less than 50k
44,2010-05-07,2010,2,5,285379.86,44.42,2.948,,,,,,False,39910,0.0,False,Less than 50k
44,2010-05-14,2010,2,5,286515.92,50.15,2.962,,,,,,False,39910,0.0,False,Less than 50k
44,2010-05-21,2010,2,5,267065.35,57.71,2.95,,,,,,False,39910,0.0,False,Less than 50k
44,2010-05-28,2010,2,5,291891.01,53.11,2.908,,,,,,False,39910,0.0,False,Less than 50k
44,2010-06-04,2010,2,6,282351.82,59.85,2.871,,,,,,False,39910,0.0,False,Less than 50k
44,2010-06-11,2010,2,6,296818.2,65.24,2.841,,,,,,False,39910,0.0,False,Less than 50k
44,2010-06-18,2010,2,6,293481.36,58.41,2.819,,,,,,False,39910,0.0,False,Less than 50k
44,2010-06-25,2010,2,6,288247.24,71.83,2.82,,,,,,False,39910,0.0,False,Less than 50k
44,2010-07-02,2010,3,7,300628.19,78.82,2.814,,,,,,False,39910,0.0,False,Less than 50k
44,2010-07-09,2010,3,7,280472.78,71.33,2.802,,,,,,False,39910,0.0,False,Less than 50k
44,2010-07-16,2010,3,7,297099.95,77.79,2.791,,,,,,False,39910,0.0,False,Less than 50k
44,2010-07-23,2010,3,7,292680.16,82.27,2.797,,,,,,False,39910,0.0,False,Less than 50k
44,2010-07-30,2010,3,7,275020.96,78.94,2.797,,,,,,False,39910,0.0,False,Less than 50k
44,2010-08-06,2010,3,8,296804.49,81.24,2.802,,,,,,False,39910,0.0,False,Less than 50k
44,2010-08-13,2010,3,8,291028.08999999997,74.93,2.837,,,,,,False,39910,0.0,False,Less than 50k
44,2010-08-20,2010,3,8,284740.5,76.34,2.85,,,,,,False,39910,0.0,False,Less than 50k
44,2010-08-27,2010,3,8,293155.08,75.31,2.854,,,,,,False,39910,0.0,False,Less than 50k
44,2010-09-03,2010,3,9,295880.12,65.71,2.868,,,,,,False,39910,0.0,False,Less than 50k
44,2010-09-10,2010,3,9,283455.13,65.74,2.87,,,,,,True,39910,0.0,False,Less than 50k
44,2010-09-17,2010,3,9,279364.13,66.84,2.875,,,,,,False,39910,0.0,False,Less than 50k
44,2010-09-24,2010,3,9,281313.77999999997,68.22,2.872,,,,,,False,39910,0.0,False,Less than 50k
44,2010-10-01,2010,4,10,300152.45,68.74,2.853,,,,,,False,39910,0.0,False,Less than 50k
44,2010-10-08,2010,4,10,279524.44,63.03,2.841,,,,,,False,39910,0.0,False,Less than 50k
44,2010-10-15,2010,4,10,268708.43,54.12,2.845,,,,,,False,39910,0.0,False,Less than 50k
44,2010-10-22,2010,4,10,270110.3,56.89,2.849,,,,,,False,39910,0.0,False,Less than 50k
44,2010-10-29,2010,4,10,286497.49,45.12,2.841,,,,,,False,39910,0.0,False,Less than 50k
44,2010-11-05,2010,4,11,270516.84,49.96,2.831,,,,,,False,39910,0.0,False,Less than 50k
44,2010-11-12,2010,4,11,281909.79,42.55,2.831,,,,,,False,39910,0.0,False,Less than 50k
44,2010-11-19,2010,4,11,284322.52,42.0,2.842,,,,,,False,39910,0.0,False,Less than 50k
44,2010-11-26,2010,4,11,307646.5,28.22,2.83,,,,,,True,39910,0.0,False,Less than 50k
44,2010-12-03,2010,4,12,264214.12,25.8,2.812,,,,,,False,39910,0.0,False,Less than 50k
44,2010-12-10,2010,4,12,278253.28,36.78,2.817,,,,,,False,39910,0.0,False,Less than 50k
44,2010-12-17,2010,4,12,278646.35,35.21,2.842,,,,,,False,39910,0.0,False,Less than 50k
44,2010-12-24,2010,4,12,365098.24,34.9,2.846,,,,,,False,39910,0.0,False,Less than 50k
44,2010-12-31,2010,4,12,241937.11000000002,26.79,2.868,,,,,,True,39910,0.0,False,Less than 50k
44,2011-01-07,2011,1,1,288320.38,16.94,2.891,,,,,,False,39910,0.0,False,Less than 50k
44,2011-01-14,2011,1,1,292859.36,20.6,2.903,,,,,,False,39910,0.0,False,Less than 50k
44,2011-01-21,2011,1,1,276157.8,34.8,2.934,,,,,,False,39910,0.0,False,Less than 50k
44,2011-01-28,2011,1,1,276011.4,31.64,2.96,,,,,,False,39910,0.0,False,Less than 50k
44,2011-02-04,2011,1,2,293953.08,23.35,2.974,,,,,,False,39910,0.0,False,Less than 50k
44,2011-02-11,2011,1,2,307486.73,30.83,3.034,,,,,,True,39910,0.0,False,Less than 50k
44,2011-02-18,2011,1,2,280785.76,40.85,3.062,,,,,,False,39910,0.0,False,Less than 50k
44,2011-02-25,2011,1,2,279427.93,33.17,3.12,,,,,,False,39910,0.0,False,Less than 50k
44,2011-03-04,2011,1,3,293984.54,34.23,3.23,,,,,,False,39910,0.0,False,Less than 50k
44,2011-03-11,2011,1,3,284496.14,41.28,3.346,,,,,,False,39910,0.0,False,Less than 50k
44,2011-03-18,2011,1,3,281699.68,44.69,3.407,,,,,,False,39910,0.0,False,Less than 50k
44,2011-03-25,2011,1,3,285031.81,42.38,3.435,,,,,,False,39910,0.0,False,Less than 50k
44,2011-04-01,2011,2,4,281514.26,42.49,3.487,,,,,,False,39910,0.0,False,Less than 50k
44,2011-04-08,2011,2,4,292498.61,42.75,3.547,,,,,,False,39910,0.0,False,Less than 50k
44,2011-04-15,2011,2,4,289667.55,41.72,3.616,,,,,,False,39910,0.0,False,Less than 50k
44,2011-04-22,2011,2,4,280357.3,47.55,3.655,,,,,,False,39910,0.0,False,Less than 50k
44,2011-04-29,2011,2,4,281247.97000000003,43.85,3.683,,,,,,False,39910,0.0,False,Less than 50k
44,2011-05-06,2011,2,5,299354.67,47.75,3.744,,,,,,False,39910,0.0,False,Less than 50k
44,2011-05-13,2011,2,5,307095.31,52.4,3.77,,,,,,False,39910,0.0,False,Less than 50k
44,2011-05-20,2011,2,5,303559.23,52.12,3.802,,,,,,False,39910,0.0,False,Less than 50k
44,2011-05-27,2011,2,5,308442.49,54.62,3.778,,,,,,False,39910,0.0,False,Less than 50k
44,2011-06-03,2011,2,6,308950.04,52.76,3.752,,,,,,False,39910,0.0,False,Less than 50k
44,2011-06-10,2011,2,6,308770.42,61.39,3.732,,,,,,False,39910,0.0,False,Less than 50k
44,2011-06-17,2011,2,6,300255.87,63.35,3.704,,,,,,False,39910,0.0,False,Less than 50k
44,2011-06-24,2011,2,6,296765.59,66.38,3.668,,,,,,False,39910,0.0,False,Less than 50k
44,2011-07-01,2011,3,7,315273.08,74.29,3.613,,,,,,False,39910,0.0,False,Less than 50k
44,2011-07-08,2011,3,7,295339.01,77.3,3.563,,,,,,False,39910,0.0,False,Less than 50k
44,2011-07-15,2011,3,7,289201.21,75.59,3.553,,,,,,False,39910,0.0,False,Less than 50k
44,2011-07-22,2011,3,7,303108.81,78.5,3.563,,,,,,False,39910,0.0,False,Less than 50k
44,2011-07-29,2011,3,7,279677.0,77.62,3.574,,,,,,False,39910,0.0,False,Less than 50k
44,2011-08-05,2011,3,8,298080.45,75.56,3.595,,,,,,False,39910,0.0,False,Less than 50k
44,2011-08-12,2011,3,8,290399.66,75.95,3.606,,,,,,False,39910,0.0,False,Less than 50k
44,2011-08-19,2011,3,8,290909.69,76.68,3.578,,,,,,False,39910,0.0,False,Less than 50k
44,2011-08-26,2011,3,8,324174.79,81.53,3.57,,,,,,False,39910,0.0,False,Less than 50k
44,2011-09-02,2011,3,9,309543.52,77.0,3.58,,,,,,False,39910,0.0,False,Less than 50k
44,2011-09-09,2011,3,9,295811.25,70.19,3.619,,,,,,True,39910,0.0,False,Less than 50k
44,2011-09-16,2011,3,9,303974.28,67.54,3.641,,,,,,False,39910,0.0,False,Less than 50k
44,2011-09-23,2011,3,9,307409.13,63.6,3.648,,,,,,False,39910,0.0,False,Less than 50k
44,2011-09-30,2011,3,9,299757.75,68.28,3.623,,,,,,False,39910,0.0,False,Less than 50k
44,2011-10-07,2011,4,10,312577.36,60.62,3.592,,,,,,False,39910,0.0,False,Less than 50k
44,2011-10-14,2011,4,10,293031.78,51.74,3.567,,,,,,False,39910,0.0,False,Less than 50k
44,2011-10-21,2011,4,10,305969.81,54.66,3.579,,,,,,False,39910,0.0,False,Less than 50k
44,2011-10-28,2011,4,10,306336.07,47.41,3.567,,,,,,False,39910,0.0,False,Less than 50k
44,2011-11-04,2011,4,11,307126.34,43.51,3.538,,,,,,False,39910,0.0,False,Less than 50k
44,2011-11-11,2011,4,11,312233.56,33.8,3.513,48.84,224.31,4.29,,778.47,False,39910,1055.91,True,Less than 50k
44,2011-11-18,2011,4,11,310531.04,40.65,3.489,861.43,,,,940.29,False,39910,1801.7199999999998,True,Less than 50k
44,2011-11-25,2011,4,11,309129.01,38.89,3.445,,,,,256.45,True,39910,256.45,True,Less than 50k
44,2011-12-02,2011,4,12,284309.34,33.94,3.389,60.0,,4.23,,1185.19,False,39910,1249.42,True,Less than 50k
44,2011-12-09,2011,4,12,304300.91,24.82,3.341,,,0.47,,441.57,False,39910,442.04,True,Less than 50k
44,2011-12-16,2011,4,12,311144.16,27.85,3.282,29.4,,6.75,,1041.62,False,39910,1077.77,True,Less than 50k
44,2011-12-23,2011,4,12,376233.89,24.76,3.186,38.0,,,,746.84,False,39910,784.84,True,Less than 50k
44,2011-12-30,2011,4,12,263917.85,31.53,3.119,409.92,1566.42,,17.64,153.9,True,39910,2147.88,True,Less than 50k
44,2012-01-06,2012,1,1,325327.93,33.8,3.08,1.94,51.41,54.05,,809.1,False,39910,916.5,True,Less than 50k
44,2012-01-13,2012,1,1,312361.88,25.61,3.056,1074.17,27.6,48.39,,545.15,False,39910,1695.31,True,Less than 50k
44,2012-01-20,2012,1,1,316948.39,32.71,3.047,378.2,22.42,66.0,,481.09,False,39910,947.71,True,Less than 50k
44,2012-01-27,2012,1,1,308295.38,34.32,3.058,17.76,12.28,63.36,,224.86,False,39910,318.26,True,Less than 50k
44,2012-02-03,2012,1,2,325986.05,31.39,3.077,1518.53,4.0,77.54,,1177.48,False,39910,2777.55,True,Less than 50k
44,2012-02-10,2012,1,2,325377.97000000003,33.73,3.116,2463.16,11.5,76.33,,1635.49,True,39910,4186.48,True,Less than 50k
44,2012-02-17,2012,1,2,320691.21,36.57,3.119,98.16,1080.01,17.6,,2583.41,False,39910,3779.18,True,Less than 50k
44,2012-02-24,2012,1,2,315641.8,35.38,3.145,270.59,18.53,,,1148.17,False,39910,1437.29,True,Less than 50k
44,2012-03-02,2012,1,3,316687.22000000003,32.36,3.242,611.06,,3.39,59.19,925.79,False,39910,1599.4299999999998,True,Less than 50k
44,2012-03-09,2012,1,3,303438.24,38.24,3.38,2456.13,1.5,0.49,28.06,691.4,False,39910,3177.58,True,Less than 50k
44,2012-03-16,2012,1,3,331965.95,52.5,3.529,260.7,,0.99,,469.46,False,39910,731.15,True,Less than 50k
44,2012-03-23,2012,1,3,296947.06,47.83,3.671,347.09,3.0,0.34,,303.08,False,39910,653.51,True,Less than 50k
44,2012-03-30,2012,1,3,310027.29,53.2,3.734,87.86,,,2.36,1215.48,False,39910,1305.7,True,Less than 50k
44,2012-04-06,2012,2,4,320021.1,48.85,3.793,253.38,,11.76,,512.25,False,39910,777.39,True,Less than 50k
44,2012-04-13,2012,2,4,311390.22,51.7,3.833,16.49,1118.27,18.08,,1460.89,False,39910,2613.73,True,Less than 50k
44,2012-04-20,2012,2,4,323233.8,50.24,3.845,58.34,0.73,7.7,,402.9,False,39910,469.66999999999996,True,Less than 50k
44,2012-04-27,2012,2,4,330338.36,64.8,3.842,2489.9,,3.98,16.6,821.26,False,39910,3331.74,True,Less than 50k
44,2012-05-04,2012,2,5,326053.27999999997,54.41,3.831,513.1,,8.62,,529.55,False,39910,1051.27,True,Less than 50k
44,2012-05-11,2012,2,5,341381.08,56.47,3.809,529.2,,2.1,,1064.56,False,39910,1595.8600000000001,True,Less than 50k
44,2012-05-18,2012,2,5,334042.43,65.17,3.808,777.37,,,,1118.23,False,39910,1895.6,True,Less than 50k
44,2012-05-25,2012,2,5,343268.29000000004,62.39,3.801,63.04,,,,419.93,False,39910,482.97,True,Less than 50k
44,2012-06-01,2012,2,6,323410.94,61.11,3.788,375.61,,,,686.9,False,39910,1062.51,True,Less than 50k
44,2012-06-08,2012,2,6,340238.38,68.4,3.776,276.3,,31.29,,1225.27,False,39910,1532.8600000000001,True,Less than 50k
44,2012-06-15,2012,2,6,338400.82,65.97,3.756,3297.48,,9.88,23.04,993.88,False,39910,4324.28,True,Less than 50k
44,2012-06-22,2012,2,6,336241.0,72.89,3.737,505.28,,0.79,43.89,1222.4,False,39910,1772.3600000000001,True,Less than 50k
44,2012-06-29,2012,2,6,338386.08,82.0,3.681,174.37,,,,1114.79,False,39910,1289.1599999999999,True,Less than 50k
44,2012-07-06,2012,3,7,358461.58,79.23,3.63,781.9,,2.87,,1072.0,False,39910,1856.77,True,Less than 50k
44,2012-07-13,2012,3,7,336479.49,83.68,3.595,372.75,,0.63,,411.08,False,39910,784.46,True,Less than 50k
44,2012-07-20,2012,3,7,337819.16,75.69,3.556,204.26,,1.22,,1140.85,False,39910,1346.33,True,Less than 50k
44,2012-07-27,2012,3,7,319855.26,80.42,3.537,30.51,,,0.41,1736.91,False,39910,1767.8300000000002,True,Less than 50k
44,2012-08-03,2012,3,8,342385.38,81.99,3.512,619.96,,1.54,77.58,1429.81,False,39910,2128.89,True,Less than 50k
44,2012-08-10,2012,3,8,333594.81,81.69,3.509,84.25,,6.99,4.41,831.23,False,39910,926.88,True,Less than 50k
44,2012-08-17,2012,3,8,327389.51,79.4,3.545,411.11,,9.77,,689.16,False,39910,1110.04,True,Less than 50k
44,2012-08-24,2012,3,8,337985.74,77.37,3.582,73.93,,87.77,89.76,624.58,False,39910,876.04,True,Less than 50k
44,2012-08-31,2012,3,8,339490.69,79.18,3.624,356.47,,39.11,,795.72,False,39910,1191.3000000000002,True,Less than 50k
44,2012-09-07,2012,3,9,338737.33,70.65,3.689,282.57,,106.31,,406.52,True,39910,795.4,True,Less than 50k
44,2012-09-14,2012,3,9,347726.67,68.55,3.749,1020.44,,22.15,,752.67,False,39910,1795.2600000000002,True,Less than 50k
44,2012-09-21,2012,3,9,336017.6,67.96,3.821,57.17,,,,854.46,False,39910,911.63,True,Less than 50k
44,2012-09-28,2012,3,9,355307.94,64.8,3.821,380.96,,,,2022.03,False,39910,2402.99,True,Less than 50k
44,2012-10-05,2012,4,10,337390.44,61.79,3.815,417.9,,0.02,,496.52,False,39910,914.4399999999999,True,Less than 50k
44,2012-10-12,2012,4,10,337796.13,55.1,3.797,69.96,,3.05,,999.62,False,39910,1072.63,True,Less than 50k
44,2012-10-19,2012,4,10,323766.77,52.06,3.781,139.57,,3.5,,472.02,False,39910,615.0899999999999,True,Less than 50k
44,2012-10-26,2012,4,10,361067.07,46.97,3.755,38.65,2.61,0.98,,457.74,False,39910,499.98,True,Less than 50k
45,2010-02-05,2010,1,2,890689.51,27.31,2.784,,,,,,False,118221,0.0,False,Between 100k and 150k
45,2010-02-12,2010,1,2,656988.64,27.73,2.773,,,,,,True,118221,0.0,False,Between 100k and 150k
45,2010-02-19,2010,1,2,841264.04,31.27,2.745,,,,,,False,118221,0.0,False,Between 100k and 150k
45,2010-02-26,2010,1,2,741891.65,34.89,2.754,,,,,,False,118221,0.0,False,Between 100k and 150k
45,2010-03-05,2010,1,3,777951.22,37.13,2.777,,,,,,False,118221,0.0,False,Between 100k and 150k
45,2010-03-12,2010,1,3,765687.4199999999,45.8,2.818,,,,,,False,118221,0.0,False,Between 100k and 150k
45,2010-03-19,2010,1,3,773819.49,48.79,2.844,,,,,,False,118221,0.0,False,Between 100k and 150k
45,2010-03-26,2010,1,3,782563.38,54.36,2.854,,,,,,False,118221,0.0,False,Between 100k and 150k
45,2010-04-02,2010,2,4,877235.96,47.74,2.85,,,,,,False,118221,0.0,False,Between 100k and 150k
45,2010-04-09,2010,2,4,833782.7000000001,65.45,2.869,,,,,,False,118221,0.0,False,Between 100k and 150k
45,2010-04-16,2010,2,4,782221.96,54.28,2.899,,,,,,False,118221,0.0,False,Between 100k and 150k
45,2010-04-23,2010,2,4,749779.1,53.47,2.902,,,,,,False,118221,0.0,False,Between 100k and 150k
45,2010-04-30,2010,2,4,737265.57,53.15,2.921,,,,,,False,118221,0.0,False,Between 100k and 150k
45,2010-05-07,2010,2,5,812190.76,70.75,2.966,,,,,,False,118221,0.0,False,Between 100k and 150k
45,2010-05-14,2010,2,5,758182.2,54.26,2.982,,,,,,False,118221,0.0,False,Between 100k and 150k
45,2010-05-21,2010,2,5,747888.25,62.62,2.958,,,,,,False,118221,0.0,False,Between 100k and 150k
45,2010-05-28,2010,2,5,801098.43,69.27,2.899,,,,,,False,118221,0.0,False,Between 100k and 150k
45,2010-06-04,2010,2,6,837548.62,75.93,2.847,,,,,,False,118221,0.0,False,Between 100k and 150k
45,2010-06-11,2010,2,6,794698.77,69.71,2.809,,,,,,False,118221,0.0,False,Between 100k and 150k
45,2010-06-18,2010,2,6,815130.5,72.62,2.78,,,,,,False,118221,0.0,False,Between 100k and 150k
45,2010-06-25,2010,2,6,792299.15,79.32,2.808,,,,,,False,118221,0.0,False,Between 100k and 150k
45,2010-07-02,2010,3,7,800147.84,76.61,2.815,,,,,,False,118221,0.0,False,Between 100k and 150k
45,2010-07-09,2010,3,7,787062.0,82.45,2.793,,,,,,False,118221,0.0,False,Between 100k and 150k
45,2010-07-16,2010,3,7,723708.99,77.84,2.783,,,,,,False,118221,0.0,False,Between 100k and 150k
45,2010-07-23,2010,3,7,714601.11,81.46,2.771,,,,,,False,118221,0.0,False,Between 100k and 150k
45,2010-07-30,2010,3,7,716859.27,79.78,2.781,,,,,,False,118221,0.0,False,Between 100k and 150k
45,2010-08-06,2010,3,8,746517.3200000001,77.17,2.784,,,,,,False,118221,0.0,False,Between 100k and 150k
45,2010-08-13,2010,3,8,722262.21,78.44,2.805,,,,,,False,118221,0.0,False,Between 100k and 150k
45,2010-08-20,2010,3,8,708568.29,76.01,2.779,,,,,,False,118221,0.0,False,Between 100k and 150k
45,2010-08-27,2010,3,8,721744.33,71.36,2.755,,,,,,False,118221,0.0,False,Between 100k and 150k
45,2010-09-03,2010,3,9,790144.7,78.37,2.715,,,,,,False,118221,0.0,False,Between 100k and 150k
45,2010-09-10,2010,3,9,721460.22,70.87,2.699,,,,,,True,118221,0.0,False,Between 100k and 150k
45,2010-09-17,2010,3,9,716987.5800000001,66.55,2.706,,,,,,False,118221,0.0,False,Between 100k and 150k
45,2010-09-24,2010,3,9,678228.58,68.59,2.713,,,,,,False,118221,0.0,False,Between 100k and 150k
45,2010-10-01,2010,4,10,690007.76,70.58,2.707,,,,,,False,118221,0.0,False,Between 100k and 150k
45,2010-10-08,2010,4,10,745782.1,56.49,2.764,,,,,,False,118221,0.0,False,Between 100k and 150k
45,2010-10-15,2010,4,10,715263.3,58.61,2.868,,,,,,False,118221,0.0,False,Between 100k and 150k
45,2010-10-22,2010,4,10,730899.37,53.15,2.917,,,,,,False,118221,0.0,False,Between 100k and 150k
45,2010-10-29,2010,4,10,732859.76,61.3,2.921,,,,,,False,118221,0.0,False,Between 100k and 150k
45,2010-11-05,2010,4,11,764014.0599999999,45.65,2.917,,,,,,False,118221,0.0,False,Between 100k and 150k
45,2010-11-12,2010,4,11,765648.93,46.14,2.931,,,,,,False,118221,0.0,False,Between 100k and 150k
45,2010-11-19,2010,4,11,723987.85,50.02,3.0,,,,,,False,118221,0.0,False,Between 100k and 150k
45,2010-11-26,2010,4,11,1182500.16,46.15,3.039,,,,,,True,118221,0.0,False,Between 100k and 150k
45,2010-12-03,2010,4,12,879244.9,40.93,3.046,,,,,,False,118221,0.0,False,Between 100k and 150k
45,2010-12-10,2010,4,12,1002364.34,30.54,3.109,,,,,,False,118221,0.0,False,Between 100k and 150k
45,2010-12-17,2010,4,12,1123282.85,30.51,3.14,,,,,,False,118221,0.0,False,Between 100k and 150k
45,2010-12-24,2010,4,12,1682862.03,30.59,3.141,,,,,,False,118221,0.0,False,Between 100k and 150k
45,2010-12-31,2010,4,12,679156.2,29.67,3.179,,,,,,True,118221,0.0,False,Between 100k and 150k
45,2011-01-07,2011,1,1,680254.35,34.32,3.193,,,,,,False,118221,0.0,False,Between 100k and 150k
45,2011-01-14,2011,1,1,654018.9500000001,24.78,3.205,,,,,,False,118221,0.0,False,Between 100k and 150k
45,2011-01-21,2011,1,1,644285.33,30.55,3.229,,,,,,False,118221,0.0,False,Between 100k and 150k
45,2011-01-28,2011,1,1,617207.58,24.05,3.237,,,,,,False,118221,0.0,False,Between 100k and 150k
45,2011-02-04,2011,1,2,759442.33,28.73,3.231,,,,,,False,118221,0.0,False,Between 100k and 150k
45,2011-02-11,2011,1,2,766456.0,30.3,3.239,,,,,,True,118221,0.0,False,Between 100k and 150k
45,2011-02-18,2011,1,2,802253.41,40.7,3.245,,,,,,False,118221,0.0,False,Between 100k and 150k
45,2011-02-25,2011,1,2,733716.78,35.78,3.274,,,,,,False,118221,0.0,False,Between 100k and 150k
45,2011-03-04,2011,1,3,761880.36,38.65,3.433,,,,,,False,118221,0.0,False,Between 100k and 150k
45,2011-03-11,2011,1,3,714014.73,45.01,3.582,,,,,,False,118221,0.0,False,Between 100k and 150k
45,2011-03-18,2011,1,3,733564.77,46.66,3.631,,,,,,False,118221,0.0,False,Between 100k and 150k
45,2011-03-25,2011,1,3,719737.25,41.76,3.625,,,,,,False,118221,0.0,False,Between 100k and 150k
45,2011-04-01,2011,2,4,712425.76,37.27,3.638,,,,,,False,118221,0.0,False,Between 100k and 150k
45,2011-04-08,2011,2,4,750182.71,48.71,3.72,,,,,,False,118221,0.0,False,Between 100k and 150k
45,2011-04-15,2011,2,4,765270.02,53.69,3.821,,,,,,False,118221,0.0,False,Between 100k and 150k
45,2011-04-22,2011,2,4,813630.44,53.04,3.892,,,,,,False,118221,0.0,False,Between 100k and 150k
45,2011-04-29,2011,2,4,786561.61,66.18,3.962,,,,,,False,118221,0.0,False,Between 100k and 150k
45,2011-05-06,2011,2,5,810150.64,58.21,4.046,,,,,,False,118221,0.0,False,Between 100k and 150k
45,2011-05-13,2011,2,5,793889.1,60.38,4.066,,,,,,False,118221,0.0,False,Between 100k and 150k
45,2011-05-20,2011,2,5,727163.67,62.28,4.062,,,,,,False,118221,0.0,False,Between 100k and 150k
45,2011-05-27,2011,2,5,817653.25,69.7,3.985,,,,,,False,118221,0.0,False,Between 100k and 150k
45,2011-06-03,2011,2,6,877423.45,76.38,3.922,,,,,,False,118221,0.0,False,Between 100k and 150k
45,2011-06-10,2011,2,6,814395.17,73.88,3.881,,,,,,False,118221,0.0,False,Between 100k and 150k
45,2011-06-17,2011,2,6,811153.67,69.32,3.842,,,,,,False,118221,0.0,False,Between 100k and 150k
45,2011-06-24,2011,2,6,762861.78,74.85,3.804,,,,,,False,118221,0.0,False,Between 100k and 150k
45,2011-07-01,2011,3,7,791495.25,74.04,3.748,,,,,,False,118221,0.0,False,Between 100k and 150k
45,2011-07-08,2011,3,7,768718.11,77.49,3.711,,,,,,False,118221,0.0,False,Between 100k and 150k
45,2011-07-15,2011,3,7,748435.2,78.47,3.76,,,,,,False,118221,0.0,False,Between 100k and 150k
45,2011-07-22,2011,3,7,741625.25,82.33,3.811,,,,,,False,118221,0.0,False,Between 100k and 150k
45,2011-07-29,2011,3,7,704680.97,81.31,3.829,,,,,,False,118221,0.0,False,Between 100k and 150k
45,2011-08-05,2011,3,8,765996.92,78.22,3.842,,,,,,False,118221,0.0,False,Between 100k and 150k
45,2011-08-12,2011,3,8,724180.89,77.0,3.812,,,,,,False,118221,0.0,False,Between 100k and 150k
45,2011-08-19,2011,3,8,712362.72,72.98,3.747,,,,,,False,118221,0.0,False,Between 100k and 150k
45,2011-08-26,2011,3,8,833979.01,72.55,3.704,,,,,,False,118221,0.0,False,Between 100k and 150k
45,2011-09-02,2011,3,9,726482.39,70.63,3.703,,,,,,False,118221,0.0,False,Between 100k and 150k
45,2011-09-09,2011,3,9,746129.56,71.48,3.738,,,,,,True,118221,0.0,False,Between 100k and 150k
45,2011-09-16,2011,3,9,711367.56,69.17,3.742,,,,,,False,118221,0.0,False,Between 100k and 150k
45,2011-09-23,2011,3,9,714106.42,63.75,3.711,,,,,,False,118221,0.0,False,Between 100k and 150k
45,2011-09-30,2011,3,9,698986.34,70.66,3.645,,,,,,False,118221,0.0,False,Between 100k and 150k
45,2011-10-07,2011,4,10,753447.05,55.82,3.583,,,,,,False,118221,0.0,False,Between 100k and 150k
45,2011-10-14,2011,4,10,720946.99,63.82,3.541,,,,,,False,118221,0.0,False,Between 100k and 150k
45,2011-10-21,2011,4,10,771686.4,59.6,3.57,,,,,,False,118221,0.0,False,Between 100k and 150k
45,2011-10-28,2011,4,10,781694.57,51.78,3.569,,,,,,False,118221,0.0,False,Between 100k and 150k
45,2011-11-04,2011,4,11,833429.22,43.92,3.551,,,,,,False,118221,0.0,False,Between 100k and 150k
45,2011-11-11,2011,4,11,808624.8200000001,47.65,3.53,23052.25,5449.62,189.24,3355.69,3864.6,False,118221,35911.4,True,Between 100k and 150k
45,2011-11-18,2011,4,11,773603.77,51.34,3.53,4240.34,132.96,111.71,270.14,7073.0,False,118221,11828.150000000001,True,Between 100k and 150k
45,2011-11-25,2011,4,11,1170672.94,48.71,3.492,140.87,384.82,26961.99,28.59,1110.12,True,118221,28626.39,True,Between 100k and 150k
45,2011-12-02,2011,4,12,875699.81,50.19,3.452,6835.61,120.76,802.79,2490.15,17861.5,False,118221,28110.809999999998,True,Between 100k and 150k
45,2011-12-09,2011,4,12,957155.3099999999,46.57,3.415,6176.69,2.87,379.57,1593.44,10170.5,False,118221,18323.07,True,Between 100k and 150k
45,2011-12-16,2011,4,12,1078905.68,39.93,3.413,4631.26,8.92,801.34,848.33,2757.82,False,118221,9047.67,True,Between 100k and 150k
45,2011-12-23,2011,4,12,1521957.99,42.27,3.389,797.1,89.14,1962.19,17.0,2985.51,False,118221,5850.9400000000005,True,Between 100k and 150k
45,2011-12-30,2011,4,12,869403.63,37.79,3.389,3604.35,43941.56,287.45,357.43,750.01,True,118221,48940.799999999996,True,Between 100k and 150k
45,2012-01-06,2012,1,1,714081.0499999999,35.88,3.422,7328.14,33378.79,34.6,1198.48,6819.1,False,118221,48759.11,True,Between 100k and 150k
45,2012-01-13,2012,1,1,676615.53,41.18,3.513,3489.73,11219.72,0.92,489.07,9596.29,False,118221,24795.73,True,Between 100k and 150k
45,2012-01-20,2012,1,1,700392.21,31.85,3.533,3205.9,4038.51,2.19,488.63,2344.09,False,118221,10079.32,True,Between 100k and 150k
45,2012-01-27,2012,1,1,624081.64,37.93,3.567,1890.49,2618.49,,139.07,5692.74,False,118221,10340.789999999999,True,Between 100k and 150k
45,2012-02-03,2012,1,2,757330.95,42.96,3.617,35348.47,4373.64,21.05,38157.91,5908.5,False,118221,83809.57,True,Between 100k and 150k
45,2012-02-10,2012,1,2,803657.12,37.0,3.64,15760.3,6113.95,5.43,5656.35,4685.58,True,118221,32221.61,True,Between 100k and 150k
45,2012-02-17,2012,1,2,858853.75,36.85,3.695,8683.43,7421.99,1.76,9084.92,1995.22,False,118221,27187.32,True,Between 100k and 150k
45,2012-02-24,2012,1,2,753060.78,42.86,3.739,9006.21,5786.94,2.0,4291.22,7626.46,False,118221,26712.829999999998,True,Between 100k and 150k
45,2012-03-02,2012,1,3,782796.01,41.55,3.816,22832.38,2515.25,4.0,13317.88,2560.48,False,118221,41229.990000000005,True,Between 100k and 150k
45,2012-03-09,2012,1,3,776968.87,45.52,3.848,11139.34,678.08,1.99,3267.21,4971.47,False,118221,20058.09,True,Between 100k and 150k
45,2012-03-16,2012,1,3,788340.23,50.56,3.862,5811.44,375.7,3.69,3444.05,2706.47,False,118221,12341.349999999999,True,Between 100k and 150k
45,2012-03-23,2012,1,3,791835.37,59.45,3.9,6296.25,334.42,4.56,873.47,1201.57,False,118221,8710.27,True,Between 100k and 150k
45,2012-03-30,2012,1,3,777254.06,50.04,3.953,9866.15,206.18,3.25,1815.37,1561.56,False,118221,13452.51,True,Between 100k and 150k
45,2012-04-06,2012,2,4,899479.43,49.73,3.996,13450.45,,26.59,3363.54,3962.01,False,118221,20802.590000000004,True,Between 100k and 150k
45,2012-04-13,2012,2,4,781970.6,51.83,4.044,4736.94,6047.12,16.68,1355.11,2246.12,False,118221,14401.970000000001,True,Between 100k and 150k
45,2012-04-20,2012,2,4,776661.74,63.13,4.027,9210.9,2667.05,6.25,970.33,2568.22,False,118221,15422.75,True,Between 100k and 150k
45,2012-04-27,2012,2,4,711571.88,53.2,4.004,2872.86,0.03,37.12,74.97,2495.29,False,118221,5480.27,True,Between 100k and 150k
45,2012-05-04,2012,2,5,782300.68,55.21,3.951,11984.62,,47.52,6150.63,1775.54,False,118221,19958.31,True,Between 100k and 150k
45,2012-05-11,2012,2,5,770487.37,61.24,3.889,12611.18,,21.36,1667.39,2313.12,False,118221,16613.05,True,Between 100k and 150k
45,2012-05-18,2012,2,5,800842.28,66.3,3.848,6813.74,,13.86,936.49,2941.55,False,118221,10705.64,True,Between 100k and 150k
45,2012-05-25,2012,2,5,817741.17,67.21,3.798,5370.39,,361.22,1287.62,2461.81,False,118221,9481.04,True,Between 100k and 150k
45,2012-06-01,2012,2,6,837144.63,74.48,3.742,10643.62,48.2,201.56,2599.35,1856.97,False,118221,15349.7,True,Between 100k and 150k
45,2012-06-08,2012,2,6,795133.0,64.3,3.689,8429.61,148.6,76.15,1465.54,7180.97,False,118221,17300.870000000003,True,Between 100k and 150k
45,2012-06-15,2012,2,6,821498.18,71.93,3.62,8148.19,252.7,90.05,1226.11,2942.39,False,118221,12659.439999999999,True,Between 100k and 150k
45,2012-06-22,2012,2,6,822569.16,74.22,3.564,5565.31,222.5,1.16,2149.76,7474.76,False,118221,15413.490000000002,True,Between 100k and 150k
45,2012-06-29,2012,2,6,773367.71,75.22,3.506,3291.36,425.6,,314.88,2255.34,False,118221,6287.18,True,Between 100k and 150k
45,2012-07-06,2012,3,7,843361.1,82.99,3.475,5878.09,169.0,64.36,2996.47,5477.04,False,118221,14584.96,True,Between 100k and 150k
45,2012-07-13,2012,3,7,749817.08,79.97,3.523,2978.08,118.9,22.07,1899.54,5181.94,False,118221,10200.529999999999,True,Between 100k and 150k
45,2012-07-20,2012,3,7,737613.65,78.89,3.567,6682.75,24.24,12.83,2249.85,2288.3,False,118221,11257.970000000001,True,Between 100k and 150k
45,2012-07-27,2012,3,7,711671.58,77.2,3.647,5753.81,167.95,1.23,9181.48,3156.06,False,118221,18260.53,True,Between 100k and 150k
45,2012-08-03,2012,3,8,725729.51,76.58,3.654,24853.05,39.56,17.96,11142.69,2768.32,False,118221,38821.58,True,Between 100k and 150k
45,2012-08-10,2012,3,8,733037.32,78.65,3.722,17868.84,50.6,57.66,2593.93,1890.59,False,118221,22461.62,True,Between 100k and 150k
45,2012-08-17,2012,3,8,722496.9299999999,75.71,3.807,3657.79,6.0,0.3,1630.5,3794.22,False,118221,9088.81,True,Between 100k and 150k
45,2012-08-24,2012,3,8,718232.26,72.62,3.834,7936.2,58.38,22.0,5518.07,2291.97,False,118221,15826.619999999999,True,Between 100k and 150k
45,2012-08-31,2012,3,8,734297.87,75.09,3.867,23641.3,6.0,92.93,6988.31,3992.13,False,118221,34720.67,True,Between 100k and 150k
45,2012-09-07,2012,3,9,766512.66,75.7,3.911,11024.45,12.8,52.63,1854.77,2055.7,True,118221,15000.349999999999,True,Between 100k and 150k
45,2012-09-14,2012,3,9,702238.27,67.87,3.948,11407.95,,4.3,3421.72,5268.92,False,118221,20102.89,True,Between 100k and 150k
45,2012-09-21,2012,3,9,723086.2,65.32,4.038,8452.2,92.28,63.24,2376.38,8670.4,False,118221,19654.5,True,Between 100k and 150k
45,2012-09-28,2012,3,9,713173.95,64.88,3.997,4556.61,20.64,1.5,1601.01,3288.25,False,118221,9468.01,True,Between 100k and 150k
45,2012-10-05,2012,4,10,733455.0700000001,64.89,3.985,5046.74,,18.82,2253.43,2340.01,False,118221,9659.0,True,Between 100k and 150k
45,2012-10-12,2012,4,10,734464.36,54.47,4.0,1956.28,,7.89,599.32,3990.54,False,118221,6554.030000000001,True,Between 100k and 150k
45,2012-10-19,2012,4,10,718125.53,56.47,3.969,2004.02,,3.18,437.73,1537.49,False,118221,3982.42,True,Between 100k and 150k
45,2012-10-26,2012,4,10,760281.43,58.85,3.882,4018.91,58.08,100.0,211.94,858.33,False,118221,5247.259999999999,True,Between 100k and 150k
